Date,Company,Open,High,Low,Close,Volume
02-01-2020,Apple,71.34403938,72.39407028,71.09116882,72.3338623,135480400
03-01-2020,Apple,71.56319785,72.38924951,71.40665859,71.63063049,146322800
06-01-2020,Apple,70.75402846,72.23995764,70.50356115,72.20142365,118387200
07-01-2020,Apple,72.2110565,72.4663378,71.64269658,71.86185455,108872000
08-01-2020,Apple,71.56560624,73.31886213,71.56560624,73.01782227,132079200
09-01-2020,Apple,73.99320239,74.76145686,73.74274247,74.56879425,170108400
10-01-2020,Apple,74.80241032,75.30093425,74.23645372,74.73738098,140644800
13-01-2020,Apple,75.05287083,76.36058652,74.93485817,76.33409119,121532000
14-01-2020,Apple,76.27147085,76.48099344,75.18050256,75.30332184,161954400
15-01-2020,Apple,75.10345563,75.9824909,74.54953766,74.98062897,121923600
16-01-2020,Apple,75.52248201,76.03064119,75.16123412,75.91985321,108829200
17-01-2020,Apple,76.16791647,76.76277167,75.86206255,76.76036835,137816400
21-01-2020,Apple,76.38949562,76.83021491,76.10290498,76.24018097,110843200
22-01-2020,Apple,76.72424744,77.0638214,76.41839347,76.51232147,101832400
23-01-2020,Apple,76.56530142,76.96026202,76.01860816,76.88079071,104472000
24-01-2020,Apple,77.12642473,77.86818383,76.46895092,76.65921021,146537600
27-01-2020,Apple,74.67236453,75.08418517,73.42485661,74.40504456,161940000
28-01-2020,Apple,75.28403918,76.680861,75.18529724,76.50987244,162234000
29-01-2020,Apple,78.13791501,78.95674202,77.39855929,78.11141968,216229200
30-01-2020,Apple,77.1962705,78.05122093,76.76517928,77.99823761,126743200
31-01-2020,Apple,77.29023022,77.71168632,74.24611685,74.53993225,199588400
03-02-2020,Apple,73.28513614,75.49838165,72.78420908,74.33516693,173788400
04-02-2020,Apple,75.93673642,76.97954309,75.53214043,76.78928375,136616400
05-02-2020,Apple,77.91394468,78.21258128,76.81334833,77.41542816,118826800
06-02-2020,Apple,77.6851533,78.32335641,77.12883216,78.32094574,105425600
07-02-2020,Apple,77.82124623,78.06989154,76.7663141,77.25636292,117684000
10-02-2020,Apple,75.8441708,77.6233139,75.76451086,77.6233139,109348800
11-02-2020,Apple,78.11818095,78.19059906,76.9377142,77.15497589,94323200
12-02-2020,Apple,77.60396119,78.99203092,77.60396119,78.98720551,113730400
13-02-2020,Apple,78.2606139,78.75066279,78.05783581,78.42476654,94747600
14-02-2020,Apple,78.39336887,78.69271421,77.93712009,78.44406891,80113600
18-02-2020,Apple,76.12899354,77.18875829,75.94794094,77.00770569,152531200
19-02-2020,Apple,77.2491065,78.35232207,77.2491065,78.12298584,93984000
20-02-2020,Apple,77.8840305,78.37166303,76.81702354,77.32155609,100566000
21-02-2020,Apple,76.9159769,77.3577494,74.95578179,75.57135773,129554000
24-02-2020,Apple,71.75961758,73.43012593,69.82114748,71.98170471,222195200
25-02-2020,Apple,72.65037938,73.03179363,69.07277808,69.54351044,230673600
26-02-2020,Apple,69.16933289,71.90926363,69.16209109,70.64672089,198054800
27-02-2020,Apple,67.85849792,69.04137312,65.89347069,66.02865601,320605600
28-02-2020,Apple,62.10345398,67.20913548,61.88860138,65.99004364,426510000
02-03-2020,Apple,68.14337454,72.76866614,67.04257526,72.1337738,341397200
03-03-2020,Apple,73.30700682,73.38666673,68.99311992,69.84286499,319475600
04-03-2020,Apple,71.56167241,73.24183914,70.76262721,73.0825119,219178400
05-03-2020,Apple,71.33956494,72.31242083,70.34740002,70.71192169,187572800
06-03-2020,Apple,68.07578381,70.20496434,67.88990577,69.77285004,226176800
09-03-2020,Apple,63.67016438,67.13188921,63.48911178,64.25436401,286744800
10-03-2020,Apple,66.9025608,69.14761011,65.02685113,68.88206482,285290000
11-03-2020,Apple,66.96292518,67.88749741,65.62795666,66.48976898,255598800
12-03-2020,Apple,61.78481034,65.17894285,59.86806603,59.9235878,418474000
13-03-2020,Apple,63.94537377,67.57366791,61.06301183,67.10292816,370732000
16-03-2020,Apple,58.40756965,62.54280865,57.93683362,58.47033691,322423600
17-03-2020,Apple,59.74978379,62.18795713,57.55059758,61.0412941,324056000
18-03-2020,Apple,57.88132192,60.35087885,57.24160039,59.5470047,300233600
19-03-2020,Apple,59.72081111,61.03645943,58.56690269,59.09074783,271857200
20-03-2020,Apple,59.67011595,60.79264444,55.03999854,55.33934021,401693200
23-03-2020,Apple,55.05931255,55.16070159,51.32479999,54.16370392,336752800
24-03-2020,Apple,57.05813232,59.79323446,56.56084169,59.59769821,287531200
25-03-2020,Apple,60.53193331,62.34245973,58.97488133,59.26939392,303602000
26-03-2020,Apple,59.51079893,62.44626304,59.47217348,62.38832855,252087200
27-03-2020,Apple,61.01473182,61.76790953,59.63873267,59.80530167,204216800
30-03-2020,Apple,60.52951737,61.68342585,60.20603387,61.51202774,167976400
31-03-2020,Apple,61.70273536,63.36600162,60.8336813,61.38649368,197002000
01-04-2020,Apple,59.50596169,60.04187774,57.7268191,58.15651703,176218400
02-04-2020,Apple,58.018927,59.18007746,57.18849822,59.12696838,165934000
03-04-2020,Apple,58.61277241,59.31284111,57.68819653,58.27722168,129880000
06-04-2020,Apple,60.56814992,63.51568524,60.20121917,63.3611908,201820400
07-04-2020,Apple,65.37208042,65.58934952,62.52352139,62.62732315,202887200
08-04-2020,Apple,63.42633184,64.54403085,63.06181769,64.23020935,168895200
09-04-2020,Apple,64.86515033,65.19587209,63.89953593,64.69374847,161834800
13-04-2020,Apple,64.77095221,66.07212021,64.17226907,65.96348572,131022800
14-04-2020,Apple,67.59296194,69.58454028,67.12222229,69.29485321,194994800
15-04-2020,Apple,68.17234288,69.12105681,67.74506136,68.66239166,131154400
16-04-2020,Apple,69.37453102,69.57248364,68.16027185,69.20796204,157125200
17-04-2020,Apple,68.72516946,69.27074378,66.83497575,68.26891327,215250000
20-04-2020,Apple,67.09810395,67.99853427,66.83255864,66.85186768,130015200
21-04-2020,Apple,66.69499557,66.92915739,64.07576467,64.78549194,180991600
22-04-2020,Apple,66.05040482,67.08602785,65.71003239,66.65150452,116862400
23-04-2020,Apple,66.59598944,68.01544335,66.35458592,66.39321136,124814400
24-04-2020,Apple,66.91705618,68.31960999,66.86877253,68.30995178,126161200
27-04-2020,Apple,68.0275168,68.68896753,67.58092613,68.35824585,117087600
28-04-2020,Apple,68.81932926,69.00038195,67.15847882,67.25020599,112004800
29-04-2020,Apple,68.73481212,69.92734584,68.53203409,69.45902252,137280800
30-04-2020,Apple,69.99737341,71.10058943,69.60871722,70.92436218,183064000
01-05-2020,Apple,69.10174924,72.17964375,69.00518932,69.78250885,240616800
04-05-2020,Apple,69.80664654,70.8977876,69.11864516,70.76984406,133568000
05-05-2020,Apple,71.22853758,72.66247539,71.08369396,71.83204651,147751200
06-05-2020,Apple,72.53208591,73.20318728,72.14825527,72.57312775,142333600
07-05-2020,Apple,73.19837876,73.66911859,72.89662435,73.32390594,115215200
08-05-2020,Apple,73.98230402,75.12239041,73.6555256,75.06913757,133838400
11-05-2020,Apple,74.57778156,76.74418781,74.36960865,76.25039673,145946400
12-05-2020,Apple,76.93295343,77.38318318,75.25792356,75.37895203,162301200
13-05-2020,Apple,75.55809041,76.47791144,73.39410026,74.46883392,200622400
14-05-2020,Apple,73.70876906,74.98682955,72.98743665,74.92631531,158929200
15-05-2020,Apple,72.70180935,74.52933645,72.66791783,74.48334503,166348400
18-05-2020,Apple,75.80500448,76.61105115,75.11514046,76.23828125,135178400
19-05-2020,Apple,76.25520569,77.09998213,75.76625328,75.79772186,101729600
20-05-2020,Apple,76.65460844,77.34204943,76.61587843,77.27185822,111504800
21-05-2020,Apple,77.13386987,77.67365954,76.4585289,76.69574738,102688800
22-05-2020,Apple,76.43432079,77.27184315,76.332661,77.18954468,81803200
26-05-2020,Apple,78.30543299,78.4845528,76.61103414,76.6667099,125522000
27-05-2020,Apple,76.52391007,77.145991,75.78563173,77.00075531,112945200
28-05-2020,Apple,76.67638285,78.29090607,76.40044175,77.03462982,133560800
29-05-2020,Apple,77.27668877,77.73659554,76.60377068,76.95959473,153532400
01-06-2020,Apple,76.91360133,78.02706486,76.7828885,77.90603638,80791200
02-06-2020,Apple,77.63975893,78.29089266,77.19921356,78.26668549,87642800
03-06-2020,Apple,78.58622665,78.9589965,78.01496829,78.6975708,104491200
04-06-2020,Apple,78.52088098,78.81860639,77.64705128,78.01982117,87560400
05-06-2020,Apple,78.26912702,80.3024042,78.24008136,80.24188995,137250400
08-06-2020,Apple,79.9393003,80.75019248,79.23007527,80.71630096,95654400
09-06-2020,Apple,80.39682041,83.65732131,80.36535182,83.26519012,147712400
10-06-2020,Apple,84.21162467,85.87455499,83.77350211,85.40738678,166651600
11-06-2020,Apple,84.55293903,84.97653883,81.20529362,81.30695343,201662400
12-06-2020,Apple,83.44189187,84.1874242,80.90029329,82.00891113,200146000
15-06-2020,Apple,80.66547715,83.67424321,80.50329575,83.02310944,138808800
16-06-2020,Apple,85.07334504,85.49452922,83.44188334,85.22341919,165428800
17-06-2020,Apple,85.96653488,86.02704912,84.98378413,85.10481262,114406400
18-06-2020,Apple,85.06125001,85.55504835,84.5311446,85.13871002,96820400
19-06-2020,Apple,85.84309188,86.30783715,83.54596609,84.65216827,264476000
22-06-2020,Apple,85.04430033,87.00980187,84.99830891,86.86698914,135445200
23-06-2020,Apple,88.10875691,90.13719596,87.6899956,88.72116089,212155600
24-06-2020,Apple,88.35079902,89.26819705,86.7822671,87.15503693,192623200
25-06-2020,Apple,87.30997573,88.35081802,86.55233602,88.31208801,137522400
26-06-2020,Apple,88.20799956,88.42827234,85.45096656,85.59862518,205256800
29-06-2020,Apple,85.50660492,87.66575584,85.0297525,87.5713501,130646000
30-06-2020,Apple,87.15986665,88.58800862,87.14050534,88.30237579,140223200
01-07-2020,Apple,88.37985592,88.92206127,88.08696901,88.13537598,110737200
02-07-2020,Apple,89.04067423,89.67486243,88.02161627,88.13537598,114041600
06-07-2020,Apple,89.56108299,90.96017205,89.5296144,90.49300385,118655600
07-07-2020,Apple,90.87060685,91.64760765,90.10086747,90.21221161,112424400
08-07-2020,Apple,91.187692,92.34472389,91.10054766,92.31325531,117092000
09-07-2020,Apple,93.2040418,93.25729463,91.66456288,92.71025085,125642800
10-07-2020,Apple,92.30600881,92.93051996,91.69602788,92.87242126,90257200
13-07-2020,Apple,94.1746832,96.77921853,92.23096604,92.44397736,191649200
14-07-2020,Apple,91.8267263,94.16499745,90.89481289,93.97377777,170989200
15-07-2020,Apple,95.84489459,96.09421302,93.42432441,94.62008667,153198000
16-07-2020,Apple,93.4945024,94.31023319,92.8578914,93.4557724,110577600
17-07-2020,Apple,93.90600938,94.06092201,92.79496133,93.2669754,92186800
20-07-2020,Apple,93.35412563,95.37045717,93.01040144,95.23248291,90318000
21-07-2020,Apple,96.02158958,96.09662666,93.6687953,93.91811371,103433200
22-07-2020,Apple,93.62037186,94.8621253,93.53323489,94.1819458,89001600
23-07-2020,Apple,93.91567347,93.99313347,89.08664176,89.89511108,197004400
24-07-2020,Apple,88.09663095,90.01614081,86.312665,89.67241669,185438800
27-07-2020,Apple,90.73265714,91.88968946,90.50996881,91.7977066,121214000
28-07-2020,Apple,91.36922943,91.54593365,90.28481173,90.28965759,103625600
29-07-2020,Apple,90.77137832,92.20435906,90.73507125,92.02039337,90329200
30-07-2020,Apple,91.19499365,93.23795574,90.78833958,93.13387299,158130000
31-07-2020,Apple,99.61614158,103.0339853,97.62158684,102.8839111,374336800
03-08-2020,Apple,104.7622625,108.0905462,104.4645372,105.4763336,308151200
04-08-2020,Apple,105.6651425,107.2699816,104.94381,106.1807251,173071600
05-08-2020,Apple,105.9023334,106.8850839,105.4375808,106.565567,121776800
06-08-2020,Apple,106.8971874,110.7773599,106.3089908,110.2835617,202428800
07-08-2020,Apple,109.8058602,110.261749,106.9808137,107.7761917,198045600
10-08-2020,Apple,109.2190308,110.3587528,106.6971008,109.3427048,212403600
11-08-2020,Apple,108.6079645,109.1050731,105.8314116,106.0908813,187902400
12-08-2020,Apple,107.1796813,109.8737875,106.9856895,109.616745,165598000
13-08-2020,Apple,110.9940543,112.5581393,110.5066403,111.5566406,210082000
14-08-2020,Apple,111.3820878,111.5469815,109.6506811,111.4572601,165565200
17-08-2020,Apple,112.5775656,112.6018164,110.5406224,111.1662521,119561600
18-08-2020,Apple,110.918923,112.5169538,110.5842809,112.0925903,105633600
19-08-2020,Apple,112.4999595,113.6445287,112.1386468,112.2332153,145538000
20-08-2020,Apple,112.2744479,114.837605,112.2574716,114.7236328,126907200
21-08-2020,Apple,115.6814816,121.1181873,115.6693599,120.6356277,338054800
24-08-2020,Apple,124.8331668,124.9180484,120.216098,122.0784454,345937600
25-08-2020,Apple,120.9532835,121.421294,119.3576728,121.0769501,211495600
26-08-2020,Apple,122.3912807,123.1793843,121.326731,122.7234955,163022400
27-08-2020,Apple,123.324885,123.6570998,120.1142669,121.2564163,155552400
28-08-2020,Apple,122.2287949,122.6458838,120.8368851,121.0599823,187630000
31-08-2020,Apple,123.7492594,127.0665681,122.2166991,125.1654129,225702700
01-09-2020,Apple,128.773671,130.7524251,126.6106343,130.1510315,151948100
02-09-2020,Apple,133.458628,133.836917,123.1866139,127.4544907,200119000
03-09-2020,Apple,123.0993753,124.9714176,116.8818399,117.2504272,257599600
04-09-2020,Apple,116.4647195,119.9857207,107.5603623,117.3279953,332607200
08-09-2020,Apple,110.528494,115.4171621,109.2966307,109.4324265,231366600
09-09-2020,Apple,113.7390909,115.5626384,111.799144,113.797287,176940500
10-09-2020,Apple,116.7460436,116.8818394,109.1220492,110.0823212,182274400
11-09-2020,Apple,111.1298709,111.7700571,106.6970921,108.6370392,180860300
14-09-2020,Apple,111.2753814,112.4490486,109.4130337,111.8961639,140150100
15-09-2020,Apple,114.776998,115.2619849,110.1987206,112.0707703,184642000
16-09-2020,Apple,111.7700698,112.5169462,108.6758514,108.7631454,154679000
17-09-2020,Apple,106.4255222,108.831053,105.4458467,107.0269012,178011000
18-09-2020,Apple,107.0850921,107.5506753,102.9045007,103.6319809,287104900
21-09-2020,Apple,101.4010417,106.881394,100.0042773,106.7746964,195713800
22-09-2020,Apple,109.2966309,109.4712264,105.8823269,108.4527512,183055400
23-09-2020,Apple,108.268477,108.7437621,103.5640982,103.903595,150718700
24-09-2020,Apple,102.0120983,106.9395648,101.8472046,104.97052,167743300
25-09-2020,Apple,105.174241,109.0638373,104.437059,108.908638,149981400
28-09-2020,Apple,111.5566727,111.8573622,109.3936282,111.5081711,137672400
29-09-2020,Apple,111.1104705,111.847645,110.1598931,110.6642761,99382200
30-09-2020,Apple,110.3732607,113.7390692,110.208367,112.3326035,142675200
01-10-2020,Apple,114.1076945,114.1852941,112.3520446,113.2832184,116120400
02-10-2020,Apple,109.5003404,111.9058786,108.8504597,109.6264343,144712000
05-10-2020,Apple,110.4896797,113.1474048,110.1404886,113.0019073,106243800
06-10-2020,Apple,112.2259411,112.6333356,108.8795351,109.7622147,161498200
07-10-2020,Apple,111.1783857,112.0804616,110.7030933,111.6245728,96849000
08-10-2020,Apple,112.7594254,112.9049229,111.1492657,111.5178604,83477200
09-10-2020,Apple,111.8185668,113.4869227,111.4693757,113.4578247,100506900
12-10-2020,Apple,116.455044,121.4213122,115.6984657,120.6647339,240226800
13-10-2020,Apple,121.5086181,121.6250176,116.05737,117.463829,262330500
14-10-2020,Apple,117.366812,119.3358573,116.028251,117.5511093,150712000
15-10-2020,Apple,115.1552724,117.5608029,114.6023877,117.0855179,112559200
16-10-2020,Apple,117.6384166,117.9003136,115.2425802,115.4462738,115393800
19-10-2020,Apple,116.3580263,116.8042132,112.1871445,112.4975357,120639300
20-10-2020,Apple,112.7109124,115.4074448,112.1580278,113.9815826,124423700
21-10-2020,Apple,113.1668254,115.1455726,112.95343,113.3608246,89946000
22-10-2020,Apple,113.9234045,114.4956928,111.1492792,112.2744522,101988000
23-10-2020,Apple,112.895248,113.0504474,110.8486028,111.5857849,82572600
26-10-2020,Apple,110.5866856,113.0504193,109.4906108,111.595459,111850700
27-10-2020,Apple,112.0222514,113.7585051,111.1007794,113.0989227,92276800
28-10-2020,Apple,111.5954812,111.9640685,107.7640805,107.8610764,143937800
29-10-2020,Apple,108.9959415,113.419019,108.8310404,111.8573608,146129200
30-10-2020,Apple,107.7252783,108.6273542,104.4855697,105.5913391,190272600
02-11-2020,Apple,105.8338155,107.3566737,104.097562,105.5040207,122866900
03-11-2020,Apple,106.367323,108.1423693,105.4652472,107.1239014,107624400
04-11-2020,Apple,110.7127902,112.119249,108.9765365,111.4984665,138235500
05-11-2020,Apple,114.4083898,116.0282514,113.3608239,115.4559631,126387100
06-11-2020,Apple,114.9652789,115.8203256,112.8373695,115.324791,114457900
09-11-2020,Apple,117.0834651,118.5312171,112.7596389,113.0219803,154515300
10-11-2020,Apple,112.2738177,114.2559711,110.8940733,112.6819077,138023400
11-11-2020,Apple,113.8673204,116.2381342,113.1385851,116.1021042,112295000
12-11-2020,Apple,116.2284341,117.1126292,115.2082017,115.8300552,103162300
13-11-2020,Apple,116.053536,116.2770107,114.5280503,115.8786392,81581900
16-11-2020,Apple,115.5482672,117.5595763,114.8001022,116.8891449,91183000
17-11-2020,Apple,116.1604033,117.2486432,115.5871277,116.0049362,74271000
18-11-2020,Apple,115.2470593,116.4227513,114.654354,114.6835022,76322100
19-11-2020,Apple,114.2559897,115.6843123,113.4981061,115.2762222,74113000
20-11-2020,Apple,115.2762134,115.4025248,113.9644912,114.0130692,73604300
23-11-2020,Apple,113.8576113,114.2851384,110.5248613,110.6220245,127959300
24-11-2020,Apple,110.6803169,112.5653071,109.3977357,111.9045868,113874200
25-11-2020,Apple,112.273825,113.4397986,111.9045944,112.7402115,76499200
27-11-2020,Apple,113.2649102,114.1588238,112.9248352,113.2843399,46691300
30-11-2020,Apple,113.6535708,117.5401595,113.4981037,115.6745987,169410200
01-12-2020,Apple,117.5790163,119.9692672,116.6073692,119.2405319,127728200
02-12-2020,Apple,118.5603659,119.8720953,117.4624074,119.5903168,89004200
03-12-2020,Apple,120.017819,120.2704492,118.7449639,119.4542694,78967600
04-12-2020,Apple,119.123919,119.3765492,118.0745384,118.783844,78260400
07-12-2020,Apple,118.8421512,121.0380757,118.7838548,120.2413254,86712000
08-12-2020,Apple,120.8437358,121.4364411,119.6000215,120.853447,82225500
09-12-2020,Apple,120.9992084,122.3789455,117.5692954,118.327179,115089200
10-12-2020,Apple,117.0834701,120.3579233,116.7433951,119.7457809,81312200
11-12-2020,Apple,118.9587607,119.2794061,117.1320668,118.9393311,86939800
14-12-2020,Apple,119.1239293,119.8526646,118.0939857,118.327179,79184500
15-12-2020,Apple,120.8145877,124.2736561,120.6105427,124.2542191,157243700
16-12-2020,Apple,123.7975653,124.7303383,122.9716593,124.1862183,98208600
17-12-2020,Apple,125.2452984,125.9060261,124.4096814,125.050972,94359800
18-12-2020,Apple,125.3036083,125.4396383,122.5441268,123.0688171,192541500
21-12-2020,Apple,121.4753131,124.6720329,119.9498275,124.5942993,121251600
22-12-2020,Apple,127.8784593,130.5990738,125.9740247,128.1408081,168904800
23-12-2020,Apple,128.4128913,128.6752254,127.0720135,127.2469177,88223700
24-12-2020,Apple,127.596722,129.6760465,127.3829584,128.2282867,54930100
28-12-2020,Apple,130.1909938,133.4460025,129.7245925,132.8144379,124486200
29-12-2020,Apple,134.1358343,134.8548434,130.5310184,131.04599,121047300
30-12-2020,Apple,131.7358986,132.1342774,129.6177005,129.9286346,96452100
31-12-2020,Apple,130.2784607,130.9197515,127.9853727,128.9278717,99116600
04-01-2021,Apple,129.7343146,129.8217593,123.1659786,125.7408447,143301900
05-01-2021,Apple,125.2355842,128.0047842,124.7886201,127.2954712,97664900
06-01-2021,Apple,124.098753,127.3343392,122.7967422,123.0105057,155088000
07-01-2021,Apple,124.7206316,127.897922,124.234808,127.208046,109578200
08-01-2021,Apple,128.6752156,128.8695568,126.537595,128.3059998,105158200
11-01-2021,Apple,125.527081,126.4792909,124.8566421,125.3230286,100384500
12-01-2021,Apple,124.8566581,126.0129206,123.2631574,125.1481552,91951100
13-01-2021,Apple,125.1092434,127.7229758,124.8469094,127.1788559,88636800
14-01-2021,Apple,127.0914247,127.2857511,125.1092566,125.2550125,90221800
15-01-2021,Apple,125.1287026,126.5278766,123.399172,123.535202,111598500
19-01-2021,Apple,124.1570574,125.0606968,123.3408774,124.2056427,90757300
20-01-2021,Apple,125.0121291,128.7335395,124.9052473,128.2865753,104319500
21-01-2021,Apple,130.0063703,135.7099334,129.8023179,132.9893188,120150900
22-01-2021,Apple,132.4160497,135.8848366,131.1917799,135.1269531,114459400
25-01-2021,Apple,139.0135691,140.9762857,132.6686994,138.8678131,157611700
26-01-2021,Apple,139.5285403,140.2086904,137.3617564,139.1010132,98390600
27-01-2021,Apple,139.3633479,140.2086911,136.4289841,138.032196,140843800
28-01-2021,Apple,135.5642046,137.9641741,132.8241527,133.2030945,142621100
29-01-2021,Apple,131.9788367,132.8630392,126.5181843,128.2185669,177523800
01-02-2021,Apple,129.9577892,131.5415786,127.2177375,130.336731,106239800
02-02-2021,Apple,131.8816681,132.4452253,130.793428,131.1626587,83305400
03-02-2021,Apple,131.9108466,131.9205726,129.8218106,130.1424561,89880900
04-02-2021,Apple,132.4354914,133.5042943,130.7739685,133.4945831,84183100
05-02-2021,Apple,133.6551639,133.7232731,132.2052409,133.0810242,75693800
08-02-2021,Apple,132.3706882,133.2756782,131.2905474,133.2270203,71297200
09-02-2021,Apple,132.944772,134.1708861,132.1954965,132.351181,76774200
10-02-2021,Apple,132.8085688,133.3048589,130.7845208,131.7478943,73046600
11-02-2021,Apple,132.2441332,132.720957,130.1714427,131.4948578,64280000
12-02-2021,Apple,130.7359039,131.884154,130.0936548,131.7284546,60145100
16-02-2021,Apple,131.8452173,132.3512182,129.2178376,129.6070862,80576300
17-02-2021,Apple,127.7192791,128.6631866,125.9871636,127.3203049,97918500
18-02-2021,Apple,125.7243826,126.5028648,123.982542,126.2206726,96856700
19-02-2021,Apple,126.7364147,127.1937724,125.3351499,126.376358,87668800
22-02-2021,Apple,124.566405,126.2304109,122.2212402,122.6104813,103916400
23-02-2021,Apple,120.4307367,123.3013758,115.2051923,122.4742432,158273000
24-02-2021,Apple,121.5789843,122.1823009,118.9418871,121.977951,111039900
25-02-2021,Apple,121.3259745,123.0580894,117.2973456,117.7352371,148199500
26-02-2021,Apple,119.2922096,121.4914155,117.9396025,117.9979935,164560400
01-03-2021,Apple,120.4210119,124.4885663,119.4868376,124.3523331,116307900
02-03-2021,Apple,124.955647,125.2573053,121.6471089,121.7541504,102260900
03-03-2021,Apple,121.4524809,122.3282715,118.5623758,118.7764587,112966300
04-03-2021,Apple,118.4747995,120.2750311,115.4290024,116.8983765,178155000
05-03-2021,Apple,117.725528,118.6597022,114.4072566,118.1536865,153766600
08-03-2021,Apple,117.6768594,117.744976,113.083831,113.2297974,154376600
09-03-2021,Apple,115.8279686,118.7764572,115.5944269,117.83255,129525800
10-03-2021,Apple,118.4164246,118.883508,116.2366774,116.7524261,111943300
11-03-2021,Apple,119.2435603,119.8955349,117.9979947,118.6791611,103026500
12-03-2021,Apple,117.1611354,117.9104185,115.9544946,117.7741852,88105100
15-03-2021,Apple,118.1439513,120.6642741,117.1805779,120.654541,92403800
16-03-2021,Apple,122.3185702,123.7976852,121.3649371,122.19207,115227900
17-03-2021,Apple,120.7129321,122.4742389,119.0489263,121.4038315,111932600
18-03-2021,Apple,119.5744095,119.8663422,117.0832783,117.2876282,121229700
19-03-2021,Apple,116.674563,118.1634032,116.4604801,116.7621384,185549500
22-03-2021,Apple,117.0929909,120.5377618,117.0248742,120.0706711,111912300
23-03-2021,Apple,120.0123023,120.8978185,118.8543121,119.2435532,95467100
24-03-2021,Apple,119.5160225,119.5938722,116.8400002,116.8594589,88530500
25-03-2021,Apple,116.3242588,118.3872314,115.7987844,117.3460083,98844700
26-03-2021,Apple,117.1124523,118.2120588,115.7209205,117.9493179,94071200
29-03-2021,Apple,118.3775043,119.2824867,117.4822549,118.1244965,80819200
30-03-2021,Apple,116.8789257,117.1611253,115.6625519,116.6745758,85671900
31-03-2021,Apple,118.3774871,120.1971774,117.8909376,118.8640366,118323800
01-04-2021,Apple,120.3334186,120.8394268,119.1948872,119.6911697,75089100
05-04-2021,Apple,120.537786,122.7661838,119.7593038,122.513176,88651200
06-04-2021,Apple,123.0970266,123.7100763,122.2698939,122.814827,80171300
07-04-2021,Apple,122.4450437,124.4788169,121.773603,124.4593582,83466700
08-04-2021,Apple,125.4811068,126.8823717,125.0626814,126.8531799,88844600
09-04-2021,Apple,126.3082809,129.4611129,125.9871564,129.4221954,106686700
12-04-2021,Apple,128.9550609,129.2761853,127.1159047,127.7094955,91420000
13-04-2021,Apple,128.8772327,131.0375136,128.3809427,130.8136902,91266500
14-04-2021,Apple,131.3099778,131.3683614,128.1182144,128.4782562,87222800
15-04-2021,Apple,130.2201205,131.3683702,130.0449549,130.8818207,89347100
16-04-2021,Apple,130.6871976,131.0472395,129.6946325,130.5509644,84922400
19-04-2021,Apple,129.9184383,131.8257188,129.7530133,131.2126617,94264200
20-04-2021,Apple,131.3878744,131.8841497,128.264219,129.5292511,94812300
21-04-2021,Apple,128.7993442,130.1519508,127.767862,129.9086761,68847100
22-04-2021,Apple,129.4610553,130.5411955,127.8749144,128.3906555,84566500
23-04-2021,Apple,128.6047676,131.4851324,128.6047676,130.706665,78657500
26-04-2021,Apple,131.2029277,131.4267363,129.9670879,131.0958862,66905100
27-04-2021,Apple,131.3780816,131.7673301,130.5022985,130.774765,66015800
28-04-2021,Apple,130.6969304,131.3878373,129.5000227,129.9865723,107760100
29-04-2021,Apple,132.7988231,133.3826884,128.8869609,129.8892517,151101000
30-04-2021,Apple,128.2349985,129.9671137,127.5441064,127.9236145,109839500
03-05-2021,Apple,128.4879836,130.4633882,128.2836411,128.9745331,75135100
04-05-2021,Apple,127.6608679,127.9528006,123.2916478,124.4107132,137564700
05-05-2021,Apple,125.724384,126.9407577,124.5274765,124.6539841,84000900
06-05-2021,Apple,124.4496538,126.2596188,123.7100963,126.2498932,78128300
07-05-2021,Apple,127.5462648,127.9459017,126.2108449,126.9224243,78973300
10-05-2021,Apple,126.1426478,126.2693554,123.6082869,123.6472778,88071200
11-05-2021,Apple,120.3818773,123.0819372,119.6703051,122.7310333,126142800
12-05-2021,Apple,120.2843789,121.4930691,119.1634128,119.6702805,112172300
13-05-2021,Apple,121.4346132,122.9649737,121.1226929,121.8147659,105861300
14-05-2021,Apple,123.0624175,124.6610099,122.6725153,124.2321167,81918000
17-05-2021,Apple,123.618041,123.7252643,122.0096988,123.0819244,74244600
18-05-2021,Apple,123.364594,123.7837376,121.6295368,121.6977692,63342900
19-05-2021,Apple,120.0504475,121.7660055,119.758019,121.5418167,92612000
20-05-2021,Apple,122.0682016,124.4953321,121.9414791,124.0956802,76857100
21-05-2021,Apple,124.5927866,124.7682423,122.0486836,122.2631302,79295400
24-05-2021,Apple,122.8284923,124.7097638,122.76026,123.8909683,63092900
25-05-2021,Apple,124.5927843,125.0801677,123.1306565,123.6960144,72009500
26-05-2021,Apple,123.7545011,124.1736448,123.2281342,123.6472778,56575900
27-05-2021,Apple,123.2476517,124.4173512,121.9219883,122.1169357,94625600
28-05-2021,Apple,122.3995746,122.6237707,121.4053311,121.4638138,71311100
01-06-2021,Apple,121.9219783,122.1851581,120.8107617,121.1421738,67637100
02-06-2021,Apple,121.1421606,122.0779215,120.9179718,121.9024658,59278900
03-06-2021,Apple,121.5320693,121.6977753,120.0212008,120.4208527,76229200
04-06-2021,Apple,120.9374616,122.9746969,120.723015,122.7115097,75169300
07-06-2021,Apple,122.9844474,123.1306617,121.6782834,122.7212677,71057600
08-06-2021,Apple,123.4035973,125.216644,123.0234446,123.540062,74403800
09-06-2021,Apple,123.9981937,124.5245607,123.3256125,123.9202118,56877900
10-06-2021,Apple,123.812977,124.9534424,122.7602507,122.9259567,71186400
11-06-2021,Apple,123.3353625,124.2223904,122.9162189,124.1346588,53522400
14-06-2021,Apple,124.5927571,127.2440754,123.8616934,127.1855927,96906500
15-06-2021,Apple,126.6593033,127.3026434,126.1231866,126.3668747,62746300
16-06-2021,Apple,127.0783916,127.5852667,125.2166269,126.863945,91815000
17-06-2021,Apple,126.522808,129.2033759,126.3765863,128.4625549,96721700
18-06-2021,Apple,127.409818,128.1896076,126.9516835,127.1661301,108953300
21-06-2021,Apple,127.0102124,129.0669401,125.9477361,128.9597168,79663300
22-06-2021,Apple,128.7939774,130.6947407,128.2968444,130.5972595,74783600
23-06-2021,Apple,130.3925501,130.9286665,129.8661758,130.3243103,60214200
24-06-2021,Apple,131.0553612,131.2405664,129.5737345,130.041626,68711000
25-06-2021,Apple,130.0904062,130.5095424,129.4568085,129.7492371,70783700
28-06-2021,Apple,130.0416395,131.8351792,129.9831568,131.3770447,62111300
29-06-2021,Apple,131.396555,133.0438881,130.9579197,132.8879242,64556100
30-06-2021,Apple,132.7319671,133.9406648,132.4395385,133.5020294,63261400
01-07-2021,Apple,133.1511172,133.862682,132.3323143,133.8041992,52485800
02-07-2021,Apple,134.4182533,136.4652378,134.2720465,136.4262543,78852600
06-07-2021,Apple,136.5334719,139.5356939,136.5334719,138.4342346,108181800
07-07-2021,Apple,139.9158832,141.2318042,139.0581116,140.9198914,104911600
08-07-2021,Apple,138.0053823,140.422763,137.1183545,139.6234741,105575500
09-07-2021,Apple,139.1458583,141.9726334,139.0483772,141.4462738,99890800
12-07-2021,Apple,142.5184864,142.6257097,140.3642781,140.8516541,76299700
13-07-2021,Apple,140.3934788,143.7368847,140.0035841,141.9628296,100827100
14-07-2021,Apple,144.3607843,145.793671,143.9513754,145.3842621,127050800
15-07-2021,Apple,145.4719917,146.2127978,143.376266,144.7311707,106820300
16-07-2021,Apple,144.7116984,145.9788642,142.1968363,142.6939545,93251400
19-07-2021,Apple,140.1206047,140.4325325,138.0931187,138.8534241,121434600
20-07-2021,Apple,139.8378912,143.385987,139.3505154,142.4599609,96350000
21-07-2021,Apple,141.8556501,142.4405072,140.9783793,141.7289276,74993500
22-07-2021,Apple,142.2552949,144.4582289,142.1285724,143.0935822,77338200
23-07-2021,Apple,143.8246338,144.9650917,143.2105354,144.8091278,71447400
26-07-2021,Apple,144.526449,146.0470594,143.9708334,145.2282715,72434100
27-07-2021,Apple,145.3550044,145.4427434,141.8751478,143.0643463,104818600
28-07-2021,Apple,141.1538435,143.2593115,138.9411522,141.3195496,118931200
29-07-2021,Apple,141.0368185,142.8498572,140.9295952,141.9628296,56699500
30-07-2021,Apple,140.7347087,142.6354723,140.4715215,142.1773376,70440600
02-08-2021,Apple,142.6646895,143.2397896,141.5827143,141.8459015,62880000
03-08-2021,Apple,142.1285665,144.3022589,141.514468,143.6394348,64786600
04-08-2021,Apple,143.5517196,144.0585799,142.5867099,143.2397919,56368300
05-08-2021,Apple,143.2690334,144.1073207,142.4794868,143.3470154,46397700
06-08-2021,Apple,142.8686616,143.6105775,142.1657877,142.6636505,54126800
09-08-2021,Apple,142.7222827,143.210389,142.0584652,142.6148987,48908700
10-08-2021,Apple,142.9565659,144.1963599,141.8436842,142.1365509,69023100
11-08-2021,Apple,142.5758484,143.229909,142.0682137,142.3903656,48493500
12-08-2021,Apple,142.7124811,145.5044489,142.3708008,145.3482513,72282600
13-08-2021,Apple,145.4263408,145.8851618,144.7429952,145.5532532,59375000
16-08-2021,Apple,145.0065478,147.593519,142.9857964,147.525177,103296000
17-08-2021,Apple,146.6563362,148.0718408,145.5434551,146.6172943,92229700
18-08-2021,Apple,146.2366215,147.1347352,142.6734373,142.8784485,86326000
19-08-2021,Apple,141.5800546,144.479406,141.0626633,143.2103271,86960300
20-08-2021,Apple,143.9327729,144.9675557,143.2884691,144.6649323,60549600
23-08-2021,Apple,144.7820668,146.617351,144.3720594,146.1487732,60131800
24-08-2021,Apple,145.8949435,147.2714066,145.6020768,146.0608978,48606400
25-08-2021,Apple,146.2463766,146.7442544,144.284195,144.8308716,58991300
26-08-2021,Apple,144.8211249,145.5727977,144.0010951,144.0303802,48597200
27-08-2021,Apple,143.971772,145.2115656,143.33724,145.0651398,55802400
30-08-2021,Apple,145.4556405,149.8388393,145.0749183,149.4776306,90956700
31-08-2021,Apple,149.0285654,149.1652346,147.6911445,148.2183075,86453100
01-09-2021,Apple,149.1945362,151.2933868,148.7161868,148.8821411,80313700
02-09-2021,Apple,150.2097935,151.03958,148.7747602,149.9950256,71115500
03-09-2021,Apple,150.1023994,150.9517142,149.4483389,150.6295624,57808700
07-09-2021,Apple,151.2836514,153.5191714,150.7174463,152.962738,82278300
08-09-2021,Apple,153.2458157,153.3043861,150.3171786,151.4203033,74420200
09-09-2021,Apple,151.7912643,152.3965112,150.2878889,150.4050446,57305700
10-09-2021,Apple,151.3129047,151.7814825,145.1627643,145.4263458,140893200
13-09-2021,Apple,147.0468648,147.818066,145.2115809,145.9925537,102404300
14-09-2021,Apple,146.7735217,147.4763957,143.4153491,144.5965576,109296300
15-09-2021,Apple,145.0261033,145.885175,142.8881959,145.4849243,83281300
16-09-2021,Apple,144.9089602,145.4263516,143.71798,145.2506256,68034100
17-09-2021,Apple,145.2799424,145.2799424,142.2927198,142.5855865,129868800
20-09-2021,Apple,140.3793228,141.394577,137.909507,139.5397797,123478900
21-09-2021,Apple,140.5062336,141.160309,139.3835954,140.0181274,75834000
22-09-2021,Apple,141.0138482,142.9467442,140.281689,142.3805542,76404300
23-09-2021,Apple,143.161539,143.5813181,142.1755699,143.337265,64838200
24-09-2021,Apple,142.1950877,143.9620296,142.0974605,143.4251099,53477900
27-09-2021,Apple,142.0095992,142.4879486,140.398855,141.911972,74150700
28-09-2021,Apple,139.842392,141.3067102,138.3195034,138.5342712,108972300
29-09-2021,Apple,139.0810122,141.013909,138.6514763,139.4324493,74602000
30-09-2021,Apple,140.2426552,140.9455292,137.9192653,138.1340332,89056700
01-10-2021,Apple,138.5245545,139.5202954,135.800928,139.2567139,94639600
04-10-2021,Apple,138.3878565,138.827164,134.980885,135.8301849,98322000
05-10-2021,Apple,136.1718973,138.8564819,136.0449849,137.7533569,80861100
06-10-2021,Apple,136.1523307,138.7685725,135.0784912,138.6221466,83221100
07-10-2021,Apple,139.6568993,140.7893089,139.3249908,139.881424,61732700
08-10-2021,Apple,140.6038571,140.750283,139.1688238,139.5007324,58773200
11-10-2021,Apple,138.8857698,141.3653433,138.4367055,139.4129181,64452200
12-10-2021,Apple,139.8229161,139.8424445,137.6850083,138.1438293,73035900
13-10-2021,Apple,137.8802421,138.0364247,135.8887605,137.5580902,78762700
14-10-2021,Apple,138.729572,140.4574724,138.1438384,140.3403168,69907100
15-10-2021,Apple,140.350068,141.4531779,140.0962432,141.3946075,67940300
18-10-2021,Apple,140.03764,143.3469988,139.754545,143.0639038,85589200
19-10-2021,Apple,143.5129573,145.6215793,143.063908,145.2213287,76378900
20-10-2021,Apple,145.1627656,146.1877915,144.5965607,145.7094421,58418800
21-10-2021,Apple,145.2701491,146.0804071,144.3525072,145.9242096,61421000
22-10-2021,Apple,146.1292275,146.607562,145.1042015,145.1530151,58883400
25-10-2021,Apple,145.1432289,145.8168178,144.1084464,145.104187,50720600
26-10-2021,Apple,145.7778079,147.2518834,145.4654128,145.7680511,60893400
27-10-2021,Apple,145.8070823,146.1682761,144.9577823,145.3092194,56094900
28-10-2021,Apple,146.2561058,149.5264074,146.1584786,148.9406891,100077900
29-10-2021,Apple,143.7179733,146.3732719,142.9272437,146.2366028,124953200
01-11-2021,Apple,145.4458806,146.1389831,144.2841856,145.4165955,74588300
02-11-2021,Apple,145.1237361,147.9645177,145.1139644,146.4513855,69122000
03-11-2021,Apple,146.8125589,148.354976,146.2561257,147.8863983,54511500
04-11-2021,Apple,147.9742501,148.8040216,147.0566082,147.3690033,60394600
05-11-2021,Apple,148.4932861,148.7963511,146.7042085,147.8969269,65463900
08-11-2021,Apple,148.0240232,148.1804487,146.8019769,147.0757141,55020900
09-11-2021,Apple,146.841095,148.0435845,146.7042264,147.4374542,56787900
10-11-2021,Apple,146.6651042,146.7726448,144.5436337,144.6120605,65187100
11-11-2021,Apple,145.6288224,146.0882981,144.3774332,144.5631866,41000000
12-11-2021,Apple,145.1106767,147.0366231,144.1819244,146.6358032,63804000
15-11-2021,Apple,147.0072745,148.483516,146.0882933,146.6455536,59222800
16-11-2021,Apple,146.5869217,148.1022623,146.0003334,147.6232147,59256200
17-11-2021,Apple,147.6231888,151.5337369,147.6134178,150.0575104,88807000
18-11-2021,Apple,150.27261,155.1216818,149.6273659,154.3395691,137827700
19-11-2021,Apple,154.1244839,157.4191311,153.0295352,156.9596405,117305600
22-11-2021,Apple,158.0643576,161.9944628,157.3995715,157.4191284,117467900
23-11-2021,Apple,157.5168615,158.1816623,155.5029317,157.8003845,96041900
24-11-2021,Apple,157.1551672,158.5140822,156.0699894,158.3185577,69463600
26-11-2021,Apple,156.0015253,156.8618356,152.8633043,153.3032379,76959800
29-11-2021,Apple,155.806016,157.5853227,155.2389847,156.6565704,88748200
30-11-2021,Apple,156.4121436,161.8184749,156.3437019,161.6033936,174048100
01-12-2021,Apple,163.7346543,166.491598,160.8506278,161.0852661,152052500
02-12-2021,Apple,155.1900973,160.5279867,154.2711161,160.0978241,136739200
03-12-2021,Apple,160.352036,161.2710172,156.1481936,158.2207794,118023100
06-12-2021,Apple,160.6159755,164.1257036,160.6062045,161.6229553,107497000
07-12-2021,Apple,165.2988694,167.742962,164.5754126,167.3518982,120405400
08-12-2021,Apple,168.2806619,172.0250134,166.8826333,171.1646881,116998900
09-12-2021,Apple,170.9985052,172.7973539,170.0306392,170.6563263,108923700
10-12-2021,Apple,171.2917497,175.6129025,170.7833744,175.4369202,115402700
13-12-2021,Apple,177.0696136,178.0570365,171.6046262,171.8099365,153237000
14-12-2021,Apple,171.3309278,173.7652499,168.3589171,170.4315033,139380400
15-12-2021,Apple,171.1940273,175.4858534,168.4566405,175.290329,131063300
16-12-2021,Apple,175.270809,177.0892149,166.9315642,168.4077911,150185800
17-12-2021,Apple,166.1298578,169.5907013,165.8952344,167.3128052,195432700
20-12-2021,Apple,164.5167754,166.7653438,163.7151207,165.9539032,107499100
21-12-2021,Apple,167.7234462,169.3267707,165.3380089,169.1214752,91185900
22-12-2021,Apple,169.1702811,171.9272243,168.3001848,171.7121429,92135300
23-12-2021,Apple,171.9174833,172.8951204,171.350452,172.3378601,68356600
27-12-2021,Apple,173.1297526,176.385286,173.1102106,176.2973022,74919600
28-12-2021,Apple,176.1310872,177.2749207,174.5375341,175.2805328,79144300
29-12-2021,Apple,175.3196759,176.5906073,174.1562853,175.3685608,62348900
30-12-2021,Apple,175.4564618,176.5318682,174.1073184,174.214859,59773000
31-12-2021,Apple,174.1074054,175.2219112,173.2959647,173.5990448,64062300
03-01-2022,Apple,173.8532118,178.7902822,173.7359001,177.9397278,104487900
04-01-2022,Apple,178.5458656,178.8489308,175.1143499,175.6813812,99310400
05-01-2022,Apple,175.5934374,176.1409119,170.7345788,171.008316,94537600
06-01-2022,Apple,168.8378921,171.379754,167.8015993,168.1535492,96904000
07-01-2022,Apple,169.023663,170.2457093,167.2052576,168.3197632,86709100
10-01-2022,Apple,165.2988881,168.6424053,164.4092348,168.3393402,106765600
11-01-2022,Apple,168.4664154,171.2624429,166.9999599,171.1646881,76138300
12-01-2022,Apple,172.1814318,173.2177247,170.9105156,171.6046295,74805200
13-01-2022,Apple,171.8490539,172.6702655,167.9482764,168.3393402,84505800
14-01-2022,Apple,167.5083534,169.8937906,167.2639441,169.1996765,80440800
18-01-2022,Apple,167.6745435,168.6815086,165.6215145,166.0027924,90956700
19-01-2022,Apple,166.1982996,167.2541495,162.2290956,162.5126038,94815000
20-01-2022,Apple,163.2458502,165.8854676,160.5084631,160.8310852,91420500
21-01-2022,Apple,160.7430754,162.6103657,158.6704897,158.7780304,122848900
24-01-2022,Apple,156.4414661,158.6704771,151.2404305,158.0056763,162294600
25-01-2022,Apple,155.4247355,159.1202024,153.5085752,156.2068481,115798400
26-01-2022,Apple,159.8436608,160.7137572,154.2906894,156.118866,108275300
27-01-2022,Apple,158.817095,160.1760095,154.7403513,155.6593323,121954600
28-01-2022,Apple,162.0042563,166.540492,159.1593286,166.5209351,179935700
31-01-2022,Apple,166.3547503,171.0865108,165.7192772,170.8714294,115541600
01-02-2022,Apple,170.1186272,170.9300678,168.4566471,170.7052155,86213900
02-02-2022,Apple,170.8420788,171.9468134,169.4538359,171.9076996,84914300
03-02-2022,Apple,170.5781003,172.2987509,168.2708763,169.033432,89418100
04-02-2022,Apple,168.0545747,170.423484,167.075692,168.749588,82465400
07-02-2022,Apple,169.2096753,170.2766539,167.3400056,168.0350189,77251200
08-02-2022,Apple,168.1035042,171.6470694,167.8098365,171.1380463,74829200
09-02-2022,Apple,172.3322953,172.9196159,171.2065712,172.5574341,71285000
10-02-2022,Apple,170.4626533,171.7743527,167.9273503,168.4853058,90865900
11-02-2022,Apple,168.6908452,169.4250071,164.4914303,165.0787659,98670700
14-02-2022,Apple,163.835568,165.998905,163.0426755,165.3136902,86185500
15-02-2022,Apple,167.3595699,169.2977534,166.6547732,169.1411285,62527400
16-02-2022,Apple,168.2209742,169.6794996,166.4589826,168.906189,61177400
17-02-2022,Apple,167.4182817,168.2797031,164.9123448,165.3136902,69589300
18-02-2022,Apple,166.2338321,166.9386138,162.6804839,163.7670441,82772700
22-02-2022,Apple,161.4960573,163.1699532,158.7258176,160.8500061,91162800
23-02-2022,Apple,162.0441855,162.6413044,156.376463,156.6897125,90009200
24-02-2022,Apple,149.3579092,159.4110377,148.7901555,159.30336,141147500
25-02-2022,Apple,160.3801088,161.6330772,157.4728265,161.3687897,91974200
28-02-2022,Apple,159.6165914,161.9267549,158.9998906,161.6330872,95056600
01-03-2022,Apple,161.2219862,163.0818724,158.5496405,159.7536621,83474400
02-03-2022,Apple,160.9184904,163.8257725,159.5088972,163.0426636,79724800
03-03-2022,Apple,164.9123681,165.3430789,162.0540325,162.7196655,76678400
04-03-2022,Apple,161.0164213,162.0540346,158.6768922,159.7242889,83737200
07-03-2022,Apple,159.9102344,161.5351828,155.6814551,155.9359741,96418800
08-03-2022,Apple,155.4661583,159.4404197,152.5099284,154.1152954,131148300
09-03-2022,Apple,158.0699828,159.9592343,156.0437033,159.5089417,91454900
10-03-2022,Apple,156.8169702,157.0029603,152.686085,155.1724548,105342000
11-03-2022,Apple,155.5737976,155.9164125,151.2373551,151.4624939,96970100
14-03-2022,Apple,148.2517749,150.8653898,146.9302923,147.4393005,108732100
15-03-2022,Apple,147.7133752,152.28477,147.204367,151.8148956,92964300
16-03-2022,Apple,153.7335238,156.6212246,151.1982213,156.2198792,102300200
17-03-2022,Apple,155.2605702,157.6000991,154.3012695,157.2281189,75615400
18-03-2022,Apple,157.1204572,161.0066227,156.3862952,160.5171814,123511700
21-03-2022,Apple,160.0570832,162.837121,159.5676419,161.8876038,95811400
22-03-2022,Apple,162.0148453,165.8422797,161.4275248,165.2549591,81532000
23-03-2022,Apple,164.4425103,168.9943089,164.1096788,166.6156311,98062700
24-03-2022,Apple,167.4476878,170.4626485,166.6156464,170.3941345,90131400
25-03-2022,Apple,170.2081376,171.5785675,169.1019953,171.0303955,80546200
28-03-2022,Apple,168.5342396,172.0190598,168.3678313,171.8918152,90371900
29-03-2022,Apple,172.9587643,175.2297641,172.6161494,175.1808319,100589400
30-03-2022,Apple,174.7794879,175.8171011,172.9685492,174.0159607,92633200
31-03-2022,Apple,174.0845013,174.2704914,170.7171423,170.9227142,103049300
01-04-2022,Apple,170.3549424,171.1869986,168.3090813,170.6290283,78751300
04-04-2022,Apple,170.883558,174.7207763,170.7562985,174.6718292,76468400
05-04-2022,Apple,173.7516502,174.5347592,170.7366902,171.3631744,73401800
06-04-2022,Apple,168.7202073,169.9633924,166.5373033,168.2014008,89058800
07-04-2022,Apple,167.5455667,169.6991056,166.2632327,168.5048676,77594700
08-04-2022,Apple,168.1524524,168.1524524,165.6269335,166.4981384,76575500
11-04-2022,Apple,165.1473009,165.4605356,162.005081,162.2498016,72246700
12-04-2022,Apple,164.4718594,166.2827833,163.1209966,164.1194611,79265200
13-04-2022,Apple,163.8551587,167.4280742,163.2482563,166.80159,70618900
14-04-2022,Apple,167.0169613,167.6532441,161.5547941,161.7995148,75329400
18-04-2022,Apple,160.4584435,163.0818568,160.1158435,161.5841675,69023900
19-04-2022,Apple,161.5351989,164.276073,160.4486387,163.8649292,67723800
20-04-2022,Apple,165.1961751,165.3136511,162.5923595,163.6984863,67929800
21-04-2022,Apple,165.3430782,167.907746,162.4064301,162.9056549,87227800
22-04-2022,Apple,162.9447924,164.3250054,158.0895285,158.3733978,84882400
25-04-2022,Apple,157.7175714,159.7242838,155.1137548,159.4404144,96046400
26-04-2022,Apple,158.823739,158.9118349,153.4105181,153.4888306,95623200
27-04-2022,Apple,152.6176057,156.4156604,152.0987991,153.2636719,88063200
28-04-2022,Apple,155.8870624,161.0457782,155.5738128,160.1843567,130216800
29-04-2022,Apple,158.4223517,162.6902803,153.9292842,154.3208313,131747600
02-05-2022,Apple,153.4007252,154.8886162,150.033366,154.6243286,123055300
03-05-2022,Apple,154.8102671,157.3162189,153.0189252,156.1121826,88966500
04-05-2022,Apple,156.2982031,162.9643921,155.8968576,162.5141144,108256500
05-05-2022,Apple,160.3899493,160.6150881,151.6778836,153.4594574,130525300
06-05-2022,Apple,152.9398486,156.3023568,151.1458596,154.1848602,116124600
09-05-2022,Apple,151.8811282,152.7634261,148.5088365,149.0676117,131577900
10-05-2022,Apple,152.4595093,153.655502,149.9204668,151.4693756,115366700
11-05-2022,Apple,150.4792344,152.3908568,142.9405654,143.6169891,142689800
12-05-2022,Apple,139.9604364,143.3229303,136.0685607,139.7545624,182602000
13-05-2022,Apple,141.7446137,145.1855501,140.2937427,144.2150269,113990900
16-05-2022,Apple,142.6856856,144.6169186,141.342636,142.6758728,86643800
17-05-2022,Apple,145.9305891,146.8226848,143.7934814,146.3031158,78336300
18-05-2022,Apple,143.9601315,144.4600898,137.1468892,138.0487976,109742900
19-05-2022,Apple,137.1272746,138.8722443,133.9118236,134.6470642,136095600
20-05-2022,Apple,136.3528516,137.9311691,130.0003753,134.88237,137426100
23-05-2022,Apple,135.0784171,140.4407738,134.9411727,140.2937317,117726300
24-05-2022,Apple,138.0389808,139.1761566,134.6274683,137.5978394,104132700
25-05-2022,Apple,135.7057876,138.9996657,135.6175623,137.7546692,92482700
26-05-2022,Apple,134.6862814,141.4995083,134.4412011,140.950531,90601500
27-05-2022,Apple,142.5288274,146.7343967,142.4013809,146.6951904,90978500
31-05-2022,Apple,146.136419,147.6951254,143.950293,145.9109344,103718400
01-06-2022,Apple,146.9501082,148.7539102,144.7737945,145.7835388,74286600
02-06-2022,Apple,144.9208547,148.2931613,143.9699422,148.2343445,72348100
03-06-2022,Apple,144.0091352,145.0580858,141.6171648,142.5190582,88570300
06-06-2022,Apple,144.1365534,145.6462557,142.0484655,143.2640686,71598400
07-06-2022,Apple,141.5093388,146.0678253,141.2642585,145.7835388,67808200
08-06-2022,Apple,145.6560883,146.9206957,144.5581336,145.0482941,53950200
09-06-2022,Apple,144.1856046,145.0384791,139.7251414,139.8329773,69473000
10-06-2022,Apple,137.5194322,137.9899822,134.3627974,134.431427,91437900
13-06-2022,Apple,130.2552218,132.5393711,128.8533702,129.2847137,122207100
14-06-2022,Apple,130.5101288,131.2551673,128.8925903,130.1473999,84784300
15-06-2022,Apple,131.6472816,134.6372632,129.5592084,132.7648468,91533000
16-06-2022,Apple,129.4808097,129.7847069,126.5006253,127.5005569,108123900
17-06-2022,Apple,127.5103247,130.4610847,127.2554318,128.970993,134520300
21-06-2022,Apple,130.7944143,134.3627818,130.6963912,133.1961975,81000500
22-06-2022,Apple,132.13747,135.0490248,131.2747977,132.6864624,73409200
23-06-2022,Apple,134.1275032,135.8626603,132.9609191,135.5489655,72433800
24-06-2022,Apple,137.1468641,139.1173183,137.0194326,138.8722382,89116800
27-06-2022,Apple,139.8917651,140.6662269,138.1958145,138.8722382,70207900
28-06-2022,Apple,139.3330132,140.5976205,134.6176721,134.7353058,67083400
29-06-2022,Apple,134.7549094,137.9017309,133.9804476,136.4900665,66242400
30-06-2022,Apple,134.5490489,135.6470035,131.1375362,134.02948,98964500
01-07-2022,Apple,133.362842,136.3038045,132.9903302,136.1959686,71051600
05-07-2022,Apple,135.0588211,138.82325,134.2353402,138.774231,73353800
06-07-2022,Apple,138.5683715,141.2838498,138.3036807,140.1074677,74064300
07-07-2022,Apple,140.4701762,143.6660319,140.4603783,143.4699707,66253700
08-07-2022,Apple,142.4014226,144.6463661,142.1465446,144.1463928,64547800
11-07-2022,Apple,142.8033638,143.7542764,140.9505577,142.019104,63141600
12-07-2022,Apple,142.8915707,145.5286363,142.1955512,142.9896088,77588800
13-07-2022,Apple,140.1761049,143.5680071,139.3232154,142.6269073,71185600
14-07-2022,Apple,141.2446252,146.0187828,140.4309572,145.548233,78140700
15-07-2022,Apple,146.8324582,147.8912065,145.2835494,147.2147827,76259900
18-07-2022,Apple,147.7735879,148.5872561,143.8130828,144.1758118,81420900
19-07-2022,Apple,145.0090674,148.2539273,144.0189487,148.0284576,82982400
20-07-2022,Apple,148.1460907,150.694931,147.41085,150.0283051,64823400
21-07-2022,Apple,151.4595376,152.5084879,148.9499192,152.2928162,65086600
22-07-2022,Apple,152.3320371,153.204522,150.3910063,151.0576172,66675400
25-07-2022,Apple,150.9792011,151.9889304,149.2832503,149.9400635,53623900
26-07-2022,Apple,149.2636385,150.0773066,147.8323786,148.6166382,55138700
27-07-2022,Apple,149.5773411,154.2338646,149.1656082,153.704483,78620700
28-07-2022,Apple,153.8907654,154.5377807,151.3713485,154.2534943,81378700
29-07-2022,Apple,158.0669539,160.4099203,156.36119,159.3119507,101786900
01-08-2022,Apple,157.8414588,160.3706885,157.7238251,158.3316193,67829400
02-08-2022,Apple,156.9494005,159.2139397,156.4886485,156.8611603,59907000
03-08-2022,Apple,157.6748118,163.311657,157.5865865,162.8607178,82507500
04-08-2022,Apple,162.7430888,163.8998754,161.1941798,162.5470276,55474100
05-08-2022,Apple,160.2204278,162.8120693,160.0142679,162.321228,56697000
08-08-2022,Apple,163.3225146,164.7361398,161.1922654,161.8499908,60276900
09-08-2022,Apple,161.0156004,162.7826323,160.2597006,161.8991089,63135500
10-08-2022,Apple,164.6085163,166.2381129,163.8428052,166.1399536,70170500
11-08-2022,Apple,166.9449048,167.8578772,165.1091636,165.4036713,57149200
12-08-2022,Apple,166.7093659,169.0163113,166.297046,168.9476013,68039400
15-08-2022,Apple,168.3782156,170.2139574,168.2113314,170.0176239,54091700
16-08-2022,Apple,169.6150836,170.528056,168.5156041,169.8605042,56377100
17-08-2022,Apple,169.605313,172.9233901,169.4089795,171.3527069,79542000
18-08-2022,Apple,170.5673701,171.6962993,169.9489052,170.9600372,62290100
19-08-2022,Apple,169.8605243,170.5575255,168.1720292,168.3781891,70346300
22-08-2022,Apple,166.5817115,166.7485957,164.078418,164.5005493,69026800
23-08-2022,Apple,164.0195322,165.6196796,163.5974009,164.1667786,54147100
24-08-2022,Apple,164.2551587,165.0306815,163.204751,164.4613037,53841500
25-08-2022,Apple,165.6883935,167.0234825,165.2662772,166.9154968,51218200
26-08-2022,Apple,167.4456,167.9168034,160.5639957,160.6228943,78961000
29-08-2022,Apple,158.1981524,159.916097,156.8925277,158.4239502,73314000
30-08-2022,Apple,159.1602417,159.5823581,154.8310168,155.9992218,77906200
31-08-2022,Apple,157.3735292,157.6385877,154.2615973,154.3401337,87991100
01-09-2022,Apple,153.7707611,155.518155,151.8368452,155.0665894,74229900
02-09-2022,Apple,156.823795,157.4226219,152.1313533,152.9559631,76957800
06-09-2022,Apple,153.6038993,154.2125378,150.8748225,151.6994324,73714800
07-09-2022,Apple,151.9841081,153.800212,150.7962656,153.1032257,87449600
08-09-2022,Apple,151.8073719,153.4958669,149.8832677,151.6306763,84923800
09-09-2022,Apple,152.6222202,154.9291807,151.9154075,154.4874115,68028800
12-09-2022,Apple,156.6667135,161.2511692,156.3820321,160.4363708,104956000
13-09-2022,Apple,156.9710749,157.5993513,150.5606874,151.0220795,122656600
14-09-2022,Apple,151.9546545,154.222354,150.7962761,152.4651337,87965400
15-09-2022,Apple,151.8171992,152.3964033,148.6071081,149.5789642,90481100
16-09-2022,Apple,148.4402276,148.5776626,145.6522378,147.9395599,162278800
19-09-2022,Apple,146.5750027,151.7288355,146.3688577,151.6502991,81474200
20-09-2022,Apple,150.5901117,155.1843943,150.2759811,154.026001,107689800
21-09-2022,Apple,154.4579373,155.832302,150.786454,150.9042511,101696800
22-09-2022,Apple,149.5888086,151.6405218,148.1457339,149.942215,86652500
23-09-2022,Apple,148.4206185,148.6954885,145.8387881,147.67453,96029900
26-09-2022,Apple,146.9186173,150.9533332,146.8989794,148.0082855,93339400
27-09-2022,Apple,149.9422388,151.8859666,147.2033353,148.9801788,84442700
28-09-2022,Apple,144.9356379,147.8806861,142.1869233,147.0953369,146691400
29-09-2022,Apple,143.4238336,144.0324721,138.1031008,139.8701324,128138200
30-09-2022,Apple,138.6921176,140.4787871,135.4721998,135.6685333,124925300
03-10-2022,Apple,135.6783584,140.4493364,135.1678792,139.840683,114311700
04-10-2022,Apple,142.3734509,143.5416558,141.617551,143.4238586,87830100
05-10-2022,Apple,141.4310306,144.6803978,140.3904343,143.718338,79471000
06-10-2022,Apple,143.1391422,144.837449,142.5599531,142.766098,68402200
07-10-2022,Apple,139.9290299,140.4787847,136.8956343,137.5239105,85925600
10-10-2022,Apple,137.8478699,139.2909445,136.031766,137.8478699,74899000
11-10-2022,Apple,137.3373961,138.7608479,135.6881765,136.4342499,77033700
12-10-2022,Apple,136.5815222,137.7889878,135.6292888,135.8059845,70433700
13-10-2022,Apple,132.5173428,140.9598044,131.9086894,140.3708038,113224000
14-10-2022,Apple,141.6666161,141.872776,135.6587233,135.8452454,88598000
17-10-2022,Apple,138.4860013,140.2824676,137.700652,139.8014526,85250900
18-10-2022,Apple,142.8250001,144.0128276,138.0343844,141.1168671,99136600
19-10-2022,Apple,139.0946342,142.2949147,138.9081121,141.224884,61758300
20-10-2022,Apple,140.4002709,143.2176956,140.0370381,140.7634888,64522000
21-10-2022,Apple,140.2530053,145.141796,140.0370339,144.5724182,86548600
24-10-2022,Apple,144.4938661,147.4781746,143.3256614,146.7124634,75981900
25-10-2022,Apple,147.3407291,149.6967761,146.624105,149.5495148,74732300
26-10-2022,Apple,148.1948132,149.2059451,145.3282868,146.6143036,88194300
27-10-2022,Apple,145.3577816,146.3198265,141.4899489,142.1476746,109180200
28-10-2022,Apple,145.4853867,154.6150396,145.1123574,152.8872833,164762400
31-10-2022,Apple,150.3545238,151.4147429,149.1372319,150.5312195,97943200
01-11-2022,Apple,152.2393183,152.602536,146.3983106,147.8904572,80379300
02-11-2022,Apple,146.2216224,149.3826416,142.3439791,142.3734283,93604600
03-11-2022,Apple,139.4578337,140.1842842,136.2084666,136.3360901,97918500
04-11-2022,Apple,139.7186627,140.2889849,132.137343,136.0705872,140814800
07-11-2022,Apple,134.821772,136.8277198,133.4058017,136.6015625,83374600
08-11-2022,Apple,138.0667069,139.0696734,135.1954405,137.1718903,89908500
09-11-2022,Apple,136.1885641,136.2377327,132.3438148,132.6191406,74917800
10-11-2022,Apple,138.8828828,144.4189148,137.1719159,144.4189148,118854000
11-11-2022,Apple,143.3864384,147.5064995,141.9606252,147.2016754,93979700
14-11-2022,Apple,146.4838459,147.771981,144.9695385,145.8053589,73374100
15-11-2022,Apple,149.679637,151.0267686,146.0807143,147.5360107,89868300
16-11-2022,Apple,146.6411914,147.3688321,144.8318876,146.3068542,64218300
17-11-2022,Apple,143.9862527,148.9519773,143.7109267,148.2046661,80389400
18-11-2022,Apple,149.7681337,150.1516244,147.4671889,148.765152,74829600
21-11-2022,Apple,147.6539836,147.8604705,145.2547024,145.539856,58724100
22-11-2022,Apple,145.6578844,147.9096604,144.4778991,147.6736603,51804100
23-11-2022,Apple,146.9558538,149.2961392,146.847689,148.5488281,58301400
25-11-2022,Apple,145.8348733,146.3953679,144.6647307,145.6382141,35195900
28-11-2022,Apple,142.71777,144.1927366,140.9871479,141.8131256,69246000
29-11-2022,Apple,141.8819829,142.393309,138.0077489,138.8140564,83763800
30-11-2022,Apple,139.0401825,146.2380268,138.204377,145.5595398,111380900
01-12-2022,Apple,145.7365625,146.641207,144.1632586,145.8348846,71250400
02-12-2022,Apple,143.5240843,145.5300322,143.2192453,145.3432007,65447400
05-12-2022,Apple,145.3038504,148.4012736,143.3372286,144.1828766,68826400
06-12-2022,Apple,144.6155717,144.8417291,139.5515105,140.5249939,64727200
07-12-2022,Apple,139.8169527,140.9772522,137.6634999,138.5878143,69721100
08-12-2022,Apple,139.9841488,141.1247931,138.7451824,140.2693024,62128300
09-12-2022,Apple,139.9644949,143.1406005,138.5485245,139.7875061,76097000
12-12-2022,Apple,140.3184631,142.0884257,138.7058338,142.078598,70462700
13-12-2022,Apple,147.0049937,147.4671511,141.8327833,143.0422516,93886200
14-12-2022,Apple,142.9242927,144.2124281,138.8042163,140.8200073,82291200
15-12-2022,Apple,138.7550188,139.4335058,133.759797,134.2219543,98931900
16-12-2022,Apple,134.4087777,135.3527478,131.4981706,132.265152,160156900
19-12-2022,Apple,132.855151,132.9436454,129.1284089,130.1608734,79592600
20-12-2022,Apple,129.1971941,131.0261527,127.7222281,130.0920105,77432800
21-12-2022,Apple,130.7607041,134.5267873,130.5345467,133.1894836,85928000
22-12-2022,Apple,132.1078381,132.314325,128.1254256,130.0232086,77852100
23-12-2022,Apple,128.7350937,130.2100604,127.4764566,129.6594086,63814900
27-12-2022,Apple,129.1874233,129.2169214,126.571812,127.8599472,69007800
28-12-2022,Apple,127.5059398,128.8432434,123.7693624,123.9365234,85438400
29-12-2022,Apple,125.853956,128.302398,125.5983006,127.4469223,75703700
30-12-2022,Apple,126.2669898,127.7812824,125.3033415,127.7616119,77034200
03-01-2023,Apple,128.1057535,128.7154015,122.0977228,122.9827042,112117500
04-01-2023,Apple,124.7723439,126.5128087,122.9925532,124.2511902,89113600
05-01-2023,Apple,125.0083427,125.6376612,122.6779001,122.9335556,80962700
06-01-2023,Apple,123.9070111,128.1155731,122.8057001,127.4567566,87754700
09-01-2023,Apple,128.2925873,131.183524,127.7222651,127.9779205,70790800
10-01-2023,Apple,128.0860909,129.0694019,125.9818059,128.5482483,63896200
11-01-2023,Apple,129.0595697,131.2818472,128.2827606,131.2621918,69458900
12-01-2023,Apple,131.6456595,132.0193074,129.2463787,131.1835022,71379600
13-01-2023,Apple,129.8265664,132.668335,129.4627461,132.5110016,57809700
17-01-2023,Apple,132.5798497,134.9987868,131.8915348,133.6713257,63646600
18-01-2023,Apple,134.5365917,136.2967114,132.7764569,132.9534607,69672800
19-01-2023,Apple,131.8423543,133.9761376,131.5375303,133.0124969,58280400
20-01-2023,Apple,133.0223197,135.7165975,131.9800124,135.5690918,80223600
23-01-2023,Apple,135.8149297,140.9281596,135.5986,138.7550354,81760300
24-01-2023,Apple,137.9683847,140.7708275,137.958557,140.1513367,66435100
25-01-2023,Apple,138.5387102,140.0530028,136.4934211,139.4925232,65799300
26-01-2023,Apple,140.7806405,141.8426182,139.5318312,141.5574646,54105100
27-01-2023,Apple,140.7708072,144.7728752,140.6921405,143.4945679,70555800
30-01-2023,Apple,142.5407604,143.1209103,140.4659737,140.6134644,64015300
31-01-2023,Apple,140.3184969,141.9311266,139.905508,141.881958,65874500
01-02-2023,Apple,141.5673038,144.1632446,138.9615354,143.0029297,77663600
02-02-2023,Apple,146.4150382,148.6569867,145.6972252,148.303009,118339000
03-02-2023,Apple,145.559531,154.7534951,145.3628718,151.9215546,154357300
06-02-2023,Apple,150.0237925,150.5449462,148.2636571,149.1977997,69858300
07-02-2023,Apple,148.1259742,152.6393682,148.1259742,152.069046,83322600
08-02-2023,Apple,151.3118938,152.0002085,148.6471146,149.3845978,64120100
09-02-2023,Apple,151.2135502,151.7543742,147.9096249,148.3521118,56007100
10-02-2023,Apple,147.1900598,149.0414968,146.9536995,148.716507,57450700
13-02-2023,Apple,148.6574322,151.9171589,148.627889,151.5133972,62199000
14-02-2023,Apple,149.8096461,151.4345955,148.568788,150.8732452,61707600
15-02-2023,Apple,150.7846019,153.1383025,150.5580993,152.9708862,65573800
16-02-2023,Apple,151.1785443,153.9557224,151.0209857,151.3755188,68167900
17-02-2023,Apple,150.0361948,150.6763169,148.558976,150.2331543,59144100
21-02-2023,Apple,147.9188236,149.0021233,146.156016,146.2249451,58867200
22-02-2023,Apple,146.6090061,147.6726052,144.9249854,146.648407,51011300
23-02-2023,Apple,147.8104891,148.0566922,145.0037828,147.1309662,48394200
24-02-2023,Apple,144.875761,144.9545478,143.5068723,144.481842,55469600
27-02-2023,Apple,145.4666597,146.9044775,145.2105988,145.6734619,44998500
28-02-2023,Apple,144.8166705,146.8158386,144.6000106,145.1712036,50547000
01-03-2023,Apple,144.599992,144.9939109,142.8076264,143.1030731,55479000
02-03-2023,Apple,142.1872534,144.4818686,141.7145325,143.6940155,52238100
03-03-2023,Apple,145.7916417,148.8150234,145.0924332,148.7362366,70732300
06-03-2023,Apple,151.4543125,153.9262015,151.1293376,151.4937134,87558000
07-03-2023,Apple,151.3656586,151.6906485,148.8346986,149.2975616,56182000
08-03-2023,Apple,150.4891925,151.1391723,149.5240804,150.5482788,47204800
09-03-2023,Apple,151.2278275,152.1929397,147.9483996,148.3029327,53833600
10-03-2023,Apple,147.9286954,148.6476044,145.3681769,146.2446594,68572400
13-03-2023,Apple,145.5651183,150.8141702,145.4567883,148.1847229,84457100
14-03-2023,Apple,148.9824504,151.0702483,147.8203787,150.2725525,73695900
15-03-2023,Apple,148.8937928,150.922504,147.6430768,150.6664581,77167900
16-03-2023,Apple,149.8490568,154.0837531,149.3369502,153.483017,76161100
17-03-2023,Apple,153.7095036,154.3594833,151.9368385,152.6459045,98944600
20-03-2023,Apple,152.7148759,155.4231102,151.8088352,155.0094757,73641400
21-03-2023,Apple,154.9307073,156.9791041,154.1625398,156.8609314,73938300
22-03-2023,Apple,156.8805976,159.6774608,155.4132219,155.4329224,75701800
23-03-2023,Apple,156.4177631,159.0964542,155.2852198,156.5162354,67622100
24-03-2023,Apple,156.4472737,157.9047916,155.4526187,157.8161621,59196500
27-03-2023,Apple,157.5109216,158.3283178,155.4723524,155.8761292,52390300
28-03-2023,Apple,155.5708082,156.0829148,153.6110262,155.255661,45992200
29-03-2023,Apple,156.9495616,158.6040544,156.9298762,158.3283081,51305700
30-03-2023,Apple,159.0767688,160.002495,158.820723,159.894165,49501700
31-03-2023,Apple,159.9729236,162.4940408,159.4509742,162.3955536,68749800
03-04-2023,Apple,161.7751332,163.7644434,161.7258896,163.6462708,56976200
04-04-2023,Apple,164.0697713,164.3061167,162.6023952,163.114502,46278300
05-04-2023,Apple,162.2379999,162.5432893,159.342649,161.2728729,51511700
06-04-2023,Apple,159.9631129,162.4547028,159.5396507,162.159256,45390100
10-04-2023,Apple,158.9684471,159.5691833,157.6488018,159.5691833,47716900
11-04-2023,Apple,159.8843115,159.8941542,158.0722451,158.3578491,47644200
12-04-2023,Apple,158.7714574,159.5986962,157.3533251,157.6684723,50133100
13-04-2023,Apple,159.1752418,163.2819079,158.9684245,163.0455475,68445600
14-04-2023,Apple,162.0902576,163.7939937,161.3319629,162.7008514,49386500
17-04-2023,Apple,162.5826622,162.8781089,161.5387635,162.7205353,41516200
18-04-2023,Apple,163.5773509,164.8674528,163.1341733,163.9417267,49923000
19-04-2023,Apple,163.2818678,165.6060252,163.025807,165.0840759,47720200
20-04-2023,Apple,163.5675259,165.3204912,163.0455764,164.1190186,52456400
21-04-2023,Apple,162.5432913,163.9220227,161.9917988,162.5137482,58337300
24-04-2023,Apple,162.4940409,163.0849343,161.4008985,162.8190308,41949600
25-04-2023,Apple,162.6811465,163.7841315,161.2433139,161.2827148,48714100
26-04-2023,Apple,160.5835073,162.769792,160.3274614,161.2728729,45498800
27-04-2023,Apple,162.6811672,165.9999803,162.6811672,165.8522644,64902300
28-04-2023,Apple,165.9310521,167.2703976,165.330316,167.1029663,55275900
01-05-2023,Apple,166.7090386,167.8612673,166.0787592,167.014328,52472900
02-05-2023,Apple,167.5067634,167.7628242,164.9954884,165.9803009,48425700
03-05-2023,Apple,166.9256828,168.3241144,164.6212256,164.9068146,65136000
04-05-2023,Apple,162.3857086,164.5030491,161.8145156,163.2720337,81235400
05-05-2023,Apple,168.3832233,171.6528078,168.1665634,170.9338989,113453200
08-05-2023,Apple,169.8604468,171.2096501,169.496071,170.8649597,55962800
09-05-2023,Apple,170.4218137,170.9043623,168.9938386,169.1612549,45326900
10-05-2023,Apple,170.3922649,171.3869201,169.2892646,170.924057,53724500
11-05-2023,Apple,171.2096781,171.9384298,169.5551851,171.1111908,49514700
12-05-2023,Apple,171.2196296,171.6535489,168.635857,170.1841583,45533100
15-05-2023,Apple,170.7659819,170.8152936,169.0993446,169.6910553,37266700
16-05-2023,Apple,169.6121595,170.7462542,169.424784,169.6910553,42110300
17-05-2023,Apple,169.3360585,170.5391778,168.0638848,170.3025055,57951600
18-05-2023,Apple,170.6082066,172.8172431,170.1940151,172.6298676,65496700
19-05-2023,Apple,173.9513482,173.9513482,172.5213979,172.7383575,55809500
22-05-2023,Apple,171.5746206,172.2945388,171.0519494,171.7915802,43570900
23-05-2023,Apple,170.7364271,170.9829708,168.9119979,169.1881256,50747300
24-05-2023,Apple,168.7246177,170.0362318,168.1625059,169.4642487,45143500
25-05-2023,Apple,170.0263903,171.495781,169.3163432,170.5983734,56058300
26-05-2023,Apple,170.9238092,173.3399343,170.7167059,173.0046234,54835000
30-05-2023,Apple,174.5134591,176.5153923,174.1288517,174.8487549,55964400
31-05-2023,Apple,174.8783495,176.8704265,174.3162227,174.7994537,99625300
01-06-2023,Apple,175.2432475,177.6297885,174.4838887,177.6002045,68901800
02-06-2023,Apple,178.5272143,179.2668453,176.7816807,178.4483185,61996900
05-06-2023,Apple,180.1050799,182.3929973,175.5785269,177.0972443,121946500
06-06-2023,Apple,177.4818481,177.6297683,174.9769562,176.7323608,64848400
07-06-2023,Apple,175.9729957,178.7047035,174.868485,175.3615723,61944600
08-06-2023,Apple,175.440433,178.3397884,175.0065289,178.0735321,50214900
09-06-2023,Apple,178.9906881,179.7105913,178.132721,178.4581604,48900000
12-06-2023,Apple,178.7638893,181.3476622,178.4680339,181.2490387,54274900
13-06-2023,Apple,180.2727064,181.604033,179.917683,180.77565,54929100
14-06-2023,Apple,180.8348163,181.8407185,179.5034897,181.4067993,57462900
15-06-2023,Apple,181.4166933,183.9412979,181.239174,183.4383392,65433200
16-06-2023,Apple,184.1483615,184.4047765,181.7223807,182.3633881,101256200
20-06-2023,Apple,181.8604375,183.5270748,181.8604375,182.4521332,49799100
21-06-2023,Apple,182.3436938,182.8466526,180.0656327,181.4167023,49515700
22-06-2023,Apple,181.1997487,184.4639846,181.1307092,184.4146729,51245300
23-06-2023,Apple,182.9847234,184.9669292,182.4521806,184.0990906,53117000
26-06-2023,Apple,184.246987,185.4501211,182.6691017,182.7085571,48088700
27-06-2023,Apple,183.3199793,185.7854156,183.1030197,185.4599762,50730800
28-06-2023,Apple,185.3317872,187.2745524,185.0063628,186.6335449,51216800
29-06-2023,Apple,186.4659131,187.4422315,186.3278493,186.9688568,46347300
30-06-2023,Apple,188.9806545,191.7912432,188.6157596,191.2882996,85213200
03-07-2023,Apple,191.1009525,191.199576,189.1088752,189.7992096,31458200
05-07-2023,Apple,188.9214713,190.311966,187.9845934,188.6847839,46920300
06-07-2023,Apple,187.2153921,189.3652606,186.5842409,189.1581573,45094300
07-07-2023,Apple,188.7637111,190.0062859,187.6098885,188.0437927,46815000
10-07-2023,Apple,186.6433878,187.363306,184.4540791,186.0023804,59922200
11-07-2023,Apple,186.5448221,186.682886,184.0202171,185.4797516,46638100
12-07-2023,Apple,187.0575799,189.0496567,185.8643171,187.146347,60750200
13-07-2023,Apple,187.8662603,188.5467232,187.1562134,187.9057007,41342300
14-07-2023,Apple,187.5999877,188.5368506,187.008292,188.0536346,41616200
17-07-2023,Apple,189.2468825,191.6334381,189.1581304,191.3079987,50520200
18-07-2023,Apple,190.6768691,191.643316,189.7597189,191.0516052,48288200
19-07-2023,Apple,190.430315,195.4893803,189.9865245,192.4026642,80507300
20-07-2023,Apple,192.3927936,193.7537194,189.8386051,190.4598999,59581200
21-07-2023,Apple,191.4165179,192.2744851,188.5861863,189.286377,71951700
24-07-2023,Apple,190.7360229,192.2152847,189.5920568,190.085144,45377800
25-07-2023,Apple,190.6571312,191.7517856,190.252796,190.9431152,37283200
26-07-2023,Apple,190.9924473,192.9352126,190.6472952,191.8109741,47471900
27-07-2023,Apple,193.3099677,194.4736466,189.8879403,190.5486755,47460200
28-07-2023,Apple,191.9786229,193.9115319,191.4559515,193.1225891,48291400
31-07-2023,Apple,193.3493708,193.7734337,192.5604282,193.7339783,38824100
01-08-2023,Apple,193.5269039,194.0101198,192.5801697,192.9056091,35175100
02-08-2023,Apple,192.3434767,192.4815405,189.1975925,189.9174957,50389300
03-08-2023,Apple,188.9214869,189.7104146,188.0536484,188.5270081,61235200
04-08-2023,Apple,182.9551023,184.7893876,179.404868,179.4739075,115956800
07-08-2023,Apple,179.6120016,180.5981763,174.8980878,176.3773499,97576100
08-08-2023,Apple,177.2057139,177.777697,175.1248849,177.3141937,67823000
09-08-2023,Apple,178.3693964,178.4285645,174.5627618,175.7264557,60378500
10-08-2023,Apple,176.9986399,178.2510861,175.1446416,175.5095215,54686900
11-08-2023,Apple,175.1046115,176.3883576,174.3442275,175.5687256,52036700
14-08-2023,Apple,175.7464905,177.4450025,175.0947327,177.2178802,43675600
15-08-2023,Apple,176.6451283,177.237623,174.83799,175.2329865,43622600
16-08-2023,Apple,174.9169995,176.309372,174.2948657,174.3639984,46964900
17-08-2023,Apple,174.9268647,175.2922373,171.3125881,171.8260956,66062900
18-08-2023,Apple,170.147326,172.9123464,169.8115775,172.309967,61172200
21-08-2023,Apple,172.8827735,173.929528,171.5693881,173.6431427,46311900
22-08-2023,Apple,174.8478728,175.4601219,174.0479951,175.0157471,42038900
23-08-2023,Apple,176.2896397,179.2817828,176.1020111,178.8571472,52722800
24-08-2023,Apple,178.4127564,178.8373919,173.8109735,174.1763611,54945800
25-08-2023,Apple,175.1638809,176.9117563,173.6233734,176.3785095,51449600
28-08-2023,Apple,177.8399946,178.3337477,176.3192416,177.9387512,43820700
29-08-2023,Apple,177.4548803,182.5899101,177.2573821,181.8196564,53003900
30-08-2023,Apple,182.6294386,185.5030858,182.4319403,185.3055725,60813900
31-08-2023,Apple,185.4931726,186.7571795,185.1376698,185.5227966,60794500
01-09-2023,Apple,187.1225653,187.5471857,185.9276761,187.0929413,45766500
05-09-2023,Apple,185.9276837,187.6064414,185.2660563,187.3299408,45280000
06-09-2023,Apple,186.0461865,186.4905764,179.2027749,180.6247864,81755800
07-09-2023,Apple,172.991359,175.9835172,171.3718492,175.341629,112488800
08-09-2023,Apple,176.121762,177.9881484,175.5687458,175.9538727,65551300
11-09-2023,Apple,177.8202768,178.047399,175.1243736,177.1191406,58953100
12-09-2023,Apple,177.2475294,177.8795329,172.6358763,174.0973816,90370200
13-09-2023,Apple,174.3047302,175.0848686,171.8063405,172.0334778,84267900
14-09-2023,Apple,171.8261061,173.8998754,171.4113552,173.5443726,60895800
15-09-2023,Apple,174.2751373,174.2948916,171.6483815,172.8235016,109259500
18-09-2023,Apple,174.2751159,177.1388933,173.9689913,175.7465057,67257600
19-09-2023,Apple,175.3021107,177.3857495,174.9169839,176.8327484,51826900
20-09-2023,Apple,177.0204044,177.4549097,173.2086288,173.2975159,58436200
21-09-2023,Apple,172.3692221,174.0973581,171.6878404,171.756958,63149100
22-09-2023,Apple,172.4877357,174.8676297,171.8754866,172.6062317,56725400
25-09-2023,Apple,172.0236101,174.759007,171.9742318,173.880127,46172700
26-09-2023,Apple,172.635884,173.0111262,169.51536,169.811615,64588900
27-09-2023,Apple,170.4633309,170.8780817,166.9379413,168.3006897,66921800
28-09-2023,Apple,167.2243401,169.8807349,165.5258278,168.5574799,56294400
29-09-2023,Apple,169.8708464,170.907731,168.2118279,169.0709686,51861100
02-10-2023,Apple,169.0808188,172.1223398,168.7944336,171.5792084,52164500
03-10-2023,Apple,170.1078282,171.4607221,168.6858318,170.2460785,49594600
04-10-2023,Apple,168.9524429,172.0334726,168.8339469,171.4903412,53020300
05-10-2023,Apple,171.6187141,173.2579782,170.5225815,172.7247314,48527900
06-10-2023,Apple,171.6285909,175.7662446,171.0163268,175.2724915,57266700
09-10-2023,Apple,174.6009972,176.8130169,173.6036212,176.7537689,42390800
10-10-2023,Apple,175.8748694,177.4746247,175.7267345,176.1612396,43698000
11-10-2023,Apple,175.9736337,177.6030282,175.3811389,177.5536499,47551100
12-10-2023,Apple,177.8202671,180.0618955,176.8031217,178.4522705,56743100
13-10-2023,Apple,179.1533924,179.6570152,175.9143729,176.615509,51427100
16-10-2023,Apple,174.5417632,176.842655,174.3047562,176.4871521,52517000
17-10-2023,Apple,174.4429687,176.1908589,172.6160912,174.9367218,57549400
18-10-2023,Apple,173.3863964,175.3614095,172.9222672,173.6431427,54764400
19-10-2023,Apple,173.8406085,175.6181229,173.0012371,173.267868,59302900
20-10-2023,Apple,173.1197413,173.2283676,170.4831011,170.720108,64244000
23-10-2023,Apple,168.774723,171.8359838,167.8069559,170.8386078,55980100
24-10-2023,Apple,170.8879749,171.500224,169.3079588,171.2731018,43816600
25-10-2023,Apple,169.7326104,170.8978607,168.5179666,168.9623566,57157000
26-10-2023,Apple,168.2414495,169.2388405,163.6001727,164.8049316,70625300
27-10-2023,Apple,164.8246858,166.8490768,164.7456834,166.1183167,58499100
30-10-2023,Apple,166.9083229,169.0314555,166.7601879,168.1624451,51131000
31-10-2023,Apple,167.2342173,168.7648402,165.802321,168.6364746,44846000
01-11-2023,Apple,168.8635833,172.0532245,167.9945729,171.7964783,56934900
02-11-2023,Apple,173.3271105,175.5588694,173.2678626,175.3515015,77334800
03-11-2023,Apple,172.0631143,174.6108825,171.1842342,174.4429932,79829200
06-11-2023,Apple,174.1763392,177.1882209,174.0084649,176.9907227,63841300
07-11-2023,Apple,176.9413848,180.1606653,176.7340169,179.5484161,70530000
08-11-2023,Apple,180.0717947,181.1580427,179.3212802,180.6050415,49340300
09-11-2023,Apple,180.6741587,181.8196546,179.5385174,180.1310272,53763500
10-11-2023,Apple,181.9108804,184.4817854,181.4758028,184.3136749,66133400
13-11-2023,Apple,183.7401856,183.9478267,182.1482052,182.7315979,43627500
14-11-2023,Apple,185.5991102,186.0045248,184.2147861,185.3420258,60108400
15-11-2023,Apple,185.7474572,187.3789832,185.6782335,185.9056549,53790500
16-11-2023,Apple,187.4482222,188.8226639,186.5385062,187.5866547,54412900
17-11-2023,Apple,188.1205937,188.2491435,186.4594046,187.566864,50922700
20-11-2023,Apple,187.7645921,189.7619868,187.7547095,189.3071289,46505100
21-11-2023,Apple,189.2676268,189.3763962,187.6163202,188.5062408,38134500
22-11-2023,Apple,189.3467096,190.7705794,188.6940932,189.1687164,39617700
24-11-2023,Apple,188.7336247,188.7632877,187.1317618,187.8437042,24048300
27-11-2023,Apple,187.7942908,188.5358963,186.785703,187.665741,40552600
28-11-2023,Apple,187.6558499,188.9413025,187.2800983,188.2689056,38415400
29-11-2023,Apple,188.7633012,189.9399842,186.8549104,187.2504272,43014200
30-11-2023,Apple,187.7151747,188.1898131,186.0836487,187.8239441,48794400
01-12-2023,Apple,188.1997147,189.4159436,187.1120205,189.0995331,45704800
04-12-2023,Apple,187.8536157,187.9228395,185.3519344,187.3097687,43389500
05-12-2023,Apple,188.0810486,192.2241387,188.0513705,191.2551117,66628400
06-12-2023,Apple,192.2735532,192.580081,189.959748,190.1674042,41089700
07-12-2023,Apple,191.4627907,192.817452,191.4232299,192.0956268,47477700
08-12-2023,Apple,192.0263616,193.796335,191.502295,193.5194702,53406400
11-12-2023,Apple,190.9485831,191.3243347,189.2774963,191.0177917,60943700
12-12-2023,Apple,190.9188944,192.5405375,189.574116,192.5306549,52696900
13-12-2023,Apple,192.9064211,195.7838541,192.669117,195.7443085,70404200
14-12-2023,Apple,195.8036196,197.3857022,193.9644375,195.8926086,66831600
15-12-2023,Apple,195.3190971,196.1793546,194.7950305,195.3586578,128538400
18-12-2023,Apple,193.8952224,194.4291868,192.214253,193.697464,55751900
19-12-2023,Apple,193.9644493,194.7456004,193.6974671,194.7357178,40714100
20-12-2023,Apple,194.6961611,195.4674297,192.6493378,192.6493378,52242800
21-12-2023,Apple,193.9050961,194.8741229,191.3341913,192.5009766,46482500
22-12-2023,Apple,192.9954078,193.2228443,190.810152,191.4331055,37149600
26-12-2023,Apple,191.4429661,191.7198309,190.6716977,190.8892365,28919300
27-12-2023,Apple,190.3355273,191.3342173,188.951188,190.9881287,48087700
28-12-2023,Apple,191.9670445,192.4812285,191.0079002,191.4133148,34049900
29-12-2023,Apple,191.7297529,192.2241566,189.5840426,190.3750916,42672100
02-01-2024,Apple,185.0552885,186.3308584,181.831782,183.5621948,82488700
03-01-2024,Apple,182.1580811,183.7995049,181.3769149,182.1877441,58414500
04-01-2024,Apple,180.111236,181.0407172,178.8554616,179.8739319,71983600
05-01-2024,Apple,179.9530309,180.7144016,178.1533945,179.1520844,62379700
08-01-2024,Apple,180.0519155,183.5226387,179.4685228,183.483078,59144500
09-01-2024,Apple,181.8614335,183.0776622,180.6847504,183.0677795,42841800
10-01-2024,Apple,182.2866164,184.3136591,181.8614215,184.1060181,46792900
11-01-2024,Apple,184.4520743,184.9563756,181.5647593,183.5127106,49128400
12-01-2024,Apple,183.977498,184.6498948,183.1172404,183.8390656,40477800
16-01-2024,Apple,180.1211438,182.1976301,178.9049,181.5746918,65603000
17-01-2024,Apple,179.2411232,180.8825321,178.2819788,180.6353302,47317400
18-01-2024,Apple,184.0071586,187.0230241,183.7500742,186.5187378,78005800
19-01-2024,Apple,187.2108579,189.8015277,186.7065716,189.4158936,68903000
22-01-2024,Apple,190.1476486,193.1437336,190.1080879,191.7198486,60133900
23-01-2024,Apple,192.8371942,193.5590192,191.6605111,192.9953918,42355600
24-01-2024,Apple,193.2326988,194.1819604,192.1647853,192.322998,53631300
25-01-2024,Apple,193.0349547,194.0732054,190.9485708,191.9967041,54822100
26-01-2024,Apple,192.0955805,192.5800864,189.7916579,190.2662811,44594000
29-01-2024,Apple,189.8608797,190.0487555,187.4580853,189.5840149,47145600
30-01-2024,Apple,188.8028682,189.6532431,185.3717057,185.935318,55859400
31-01-2024,Apple,184.9465102,185.0058513,182.2866313,182.3360596,55467800
01-02-2024,Apple,181.9306822,184.8575437,181.7625868,184.7685547,64885400
02-02-2024,Apple,177.846905,185.2332977,177.2437319,183.7698669,102551700
05-02-2024,Apple,186.044071,187.131765,183.7599288,185.5793304,69668800
06-02-2024,Apple,184.7685514,187.1911265,184.6795624,187.1812439,43490800
07-02-2024,Apple,188.506222,188.9116366,186.4989444,187.2899933,53439000
08-02-2024,Apple,187.2702046,187.4185197,185.2530445,186.2121887,40962000
09-02-2024,Apple,186.7765224,188.1032265,186.1329836,186.9745483,45155200
12-02-2024,Apple,186.5488042,186.7963215,184.9349869,185.2914124,41781900
13-02-2024,Apple,183.9251386,184.3607714,181.6875728,183.2023773,56529500
14-02-2024,Apple,183.4796069,183.6875129,180.6282031,182.3212128,54630500
15-02-2024,Apple,181.7271539,182.6578211,179.5490053,182.0340729,65434500
16-02-2024,Apple,181.5984431,183.0142495,179.8658224,180.4994659,49752500
20-02-2024,Apple,179.9846391,180.6182827,178.2124222,179.7569275,53665600
21-02-2024,Apple,180.1331683,181.0737309,178.8658811,180.5093994,41371400
22-02-2024,Apple,181.6578711,183.1231842,180.6480115,182.539032,52292200
23-02-2024,Apple,183.1726441,183.202345,180.4202538,180.7073822,45119700
26-02-2024,Apple,180.4301925,180.9450176,178.8559712,179.3609161,40867400
27-02-2024,Apple,179.3015103,182.0934971,177.7767955,180.8163147,54318900
28-02-2024,Apple,180.6975036,181.3014463,178.3411494,179.6183319,48953900
29-02-2024,Apple,179.4698267,180.7569196,177.7471011,178.9549866,136682600
01-03-2024,Apple,177.7668853,178.7371486,175.6184374,177.8757935,73563100
04-03-2024,Apple,174.4006597,175.1432115,172.0640961,173.3610992,81510100
05-03-2024,Apple,169.0641703,170.3314573,167.9354923,168.4305267,95132400
06-03-2024,Apple,169.3612273,169.5394476,167.0048579,167.4404907,68587700
07-03-2024,Apple,167.4701596,169.0344704,166.8167255,167.3216553,71765100
08-03-2024,Apple,167.3216696,171.9749912,167.2622679,169.0344849,76267000
11-03-2024,Apple,171.2225394,172.6482412,170.3413785,171.0344238,60139500
12-03-2024,Apple,171.4304667,172.3017324,169.3117194,171.5096741,59825400
13-03-2024,Apple,171.0542394,171.4700666,169.0641909,169.4305267,52488700
14-03-2024,Apple,171.1928341,172.5789246,170.3413741,171.2819366,72913500
15-03-2024,Apple,169.4701037,170.9057007,168.5988382,170.9057007,121752700
18-03-2024,Apple,173.826446,175.9451933,171.7968012,171.994812,75604200
19-03-2024,Apple,172.6086494,174.8561106,171.3116612,174.3313751,55215200
20-03-2024,Apple,173.9749293,176.8956299,173.351181,176.8956299,53423100
21-03-2024,Apple,175.2917212,175.7273539,169.143386,169.6681213,106181300
22-03-2024,Apple,170.0542365,171.3314339,168.3711223,170.5690765,71160100
25-03-2024,Apple,168.8760717,170.2324613,167.7671842,169.1532898,54288300
26-03-2024,Apple,168.3117564,169.7176527,167.8959291,168.0246429,57388400
27-03-2024,Apple,168.7176729,171.8759957,168.4206492,171.5888672,60273300
28-03-2024,Apple,170.0443767,170.5196057,168.8166855,169.7770538,65672700
01-04-2024,Apple,169.4899143,169.5493161,167.7968897,168.3414307,46240500
02-04-2024,Apple,167.4008911,167.6583036,166.5593263,167.163269,49329500
03-04-2024,Apple,167.11375,168.9849799,166.9058439,167.96521,47691700
04-04-2024,Apple,168.5988353,170.2126526,167.1434479,167.1434479,53704400
05-04-2024,Apple,167.9058151,168.6978734,167.2721714,167.8959198,42104800
08-04-2024,Apple,167.351372,167.5196819,166.5692241,166.7771301,37425500
09-04-2024,Apple,167.0246628,168.3909631,166.6781477,167.9850311,42373800
10-04-2024,Apple,167.1236595,167.4107728,165.4504403,166.1137848,49709300
11-04-2024,Apple,166.6682218,173.7175238,166.4900167,173.3016815,91070300
12-04-2024,Apple,172.5294404,176.5887299,172.479949,174.7967072,101670900
15-04-2024,Apple,173.6185038,174.8758957,170.7869058,170.9750214,73531800
16-04-2024,Apple,170.0443499,172.0343832,166.598914,167.6978912,73711200
17-04-2024,Apple,167.9256312,168.9552965,166.3316193,166.3316193,50901200
18-04-2024,Apple,166.3612925,166.9652352,164.8959946,165.3811188,43122900
19-04-2024,Apple,164.5593793,164.7474798,162.4505275,163.3613892,68149400
22-04-2024,Apple,163.8762399,165.5989505,163.1336881,164.1930542,48116400
23-04-2024,Apple,163.7079131,165.3910273,163.2821756,165.2425079,49537800
24-04-2024,Apple,164.8861093,167.6187099,164.5593998,167.3414917,48251800
25-04-2024,Apple,167.8464096,168.915686,166.4801094,168.2028351,50558300
26-04-2024,Apple,168.19294,169.6384324,167.4998796,167.6186981,44838400
29-04-2024,Apple,171.6482637,174.281851,171.380956,171.7769775,68169400
30-04-2024,Apple,171.6086808,173.2521992,168.3117489,168.6384735,65934800
01-05-2024,Apple,167.8959163,170.9948373,167.4305826,167.6186981,50383100
02-05-2024,Apple,170.7968206,171.6977871,169.1929134,171.3116608,94214900
03-05-2024,Apple,184.7963833,185.1429136,180.8460175,181.5588684,163224100
06-05-2024,Apple,180.5391001,182.3707188,178.628259,179.9054565,78569700
07-05-2024,Apple,181.6281834,183.0637807,179.5193464,180.5886078,77305800
08-05-2024,Apple,181.0341249,181.2519413,179.6480192,180.9252167,45057100
09-05-2024,Apple,180.747012,182.8261631,180.3014839,182.7370605,48983000
10-05-2024,Apple,183.3120694,183.5004401,180.5658691,181.4779663,50759500
13-05-2024,Apple,183.8474391,185.4931866,183.034474,184.6802216,72044800
14-05-2024,Apple,185.8996425,186.6828664,184.6901188,185.8203278,52393600
15-05-2024,Apple,186.2962297,189.0126889,185.7608588,188.090683,70400000
16-05-2024,Apple,188.8342349,189.4588292,188.0311936,188.2096405,52845200
17-05-2024,Apple,187.8824558,189.1712942,187.555288,188.2393646,41282900
20-05-2024,Apple,187.7040015,190.2717545,187.3867425,189.3993073,44361300
21-05-2024,Apple,189.4489161,191.0748311,189.2803778,190.6981049,42309400
22-05-2024,Apple,190.6187732,191.1640528,188.6359493,189.2605286,34648500
23-05-2024,Apple,189.3398501,189.3596826,185.0272172,185.2750702,51005900
24-05-2024,Apple,187.1984233,188.943303,186.425108,188.3484497,36327000
28-05-2024,Apple,189.8652879,191.342497,187.4759967,188.3583527,52280100
29-05-2024,Apple,187.9816241,190.5989511,187.8824769,188.655777,53068000
30-05-2024,Apple,189.1217239,190.529527,188.9928507,189.647171,49889100
31-05-2024,Apple,189.795912,190.9162123,188.2790528,190.5989532,75158300
03-06-2024,Apple,191.2433472,193.3154095,190.866621,192.3636475,50080500
04-06-2024,Apple,192.968411,193.642579,191.3722372,192.6809082,47471400
05-06-2024,Apple,193.7219014,195.2090194,193.1964542,194.1878662,54156800
06-06-2024,Apple,194.009399,194.8124402,192.5024487,192.8097839,41181800
07-06-2024,Apple,192.9783134,195.248655,192.4726988,195.1990814,53103900
10-06-2024,Apple,195.2090231,195.605597,190.4998159,191.4614868,97010200
11-06-2024,Apple,191.9869251,205.3809107,191.9671078,205.3709869,172373300
12-06-2024,Apple,205.5891125,218.308931,205.1231477,211.2401733,198134300
13-06-2024,Apple,212.8958067,214.8885392,209.7827738,212.4001007,97862700
14-06-2024,Apple,212.0134361,213.3220919,209.4853328,210.6651154,70122700
17-06-2024,Apple,211.537572,217.0696528,210.8931603,214.8092346,93728300
18-06-2024,Apple,215.7213082,216.7523851,211.1707313,212.449646,79943300
20-06-2024,Apple,212.0927426,212.400093,207.0563834,207.8792419,86172500
21-06-2024,Apple,208.5831574,210.0702753,205.3313275,205.7080688,241805100
24-06-2024,Apple,205.9361021,210.8733296,204.8158017,206.3524933,80727000
25-06-2024,Apple,207.35379,209.5646494,206.8184342,207.2744904,55549700
26-06-2024,Apple,209.6836083,213.0147528,208.8309935,211.4185791,66213200
27-06-2024,Apple,212.8462515,213.8872371,210.526351,212.261322,49772700
28-06-2024,Apple,213.9169529,214.2143795,208.4939285,208.8111725,82542700
01-07-2024,Apple,210.2685513,215.6420022,210.1000131,214.8885345,60402900
02-07-2024,Apple,214.2936837,218.4873671,213.2527133,218.3783112,58046200
03-07-2024,Apple,218.110632,219.6473236,217.1489612,219.6473236,37369800
05-07-2024,Apple,219.7464397,224.5052199,219.7464397,224.3961639,60412400
08-07-2024,Apple,225.1397532,225.893236,221.3327347,225.8634949,59085900
09-07-2024,Apple,225.9725055,227.4298822,224.4259054,226.7160645,48076100
10-07-2024,Apple,227.3307527,231.0782885,227.2811791,230.9791412,62627700
11-07-2024,Apple,229.402817,230.394229,223.8310865,225.6156311,64710600
12-07-2024,Apple,226.954037,230.6420909,226.7160927,228.5601196,53046500
15-07-2024,Apple,234.4490554,235.1926143,231.0881701,232.3869171,62631300
16-07-2024,Apple,232.9818221,234.2409196,230.3347539,232.8033752,43234300
17-07-2024,Apple,227.4794646,229.4722123,224.6935995,226.9143677,57345900
18-07-2024,Apple,228.3023807,228.4610103,220.3611751,222.2547607,66034600
19-07-2024,Apple,222.889251,224.8522425,221.3624681,222.3836212,49151500
22-07-2024,Apple,225.0604154,225.8238068,221.1740824,222.0366211,48201800
23-07-2024,Apple,222.4430727,224.9910084,220.7675842,223.0775757,39960300
24-07-2024,Apple,222.0762782,222.8694108,215.2652829,216.6631622,61777600
25-07-2024,Apple,217.0497975,218.9533217,212.7768147,215.6221771,51391200
26-07-2024,Apple,216.8217852,217.6050091,214.1548847,216.08815,41601300
29-07-2024,Apple,215.0967622,217.4166628,213.897147,216.3657684,36311800
30-07-2024,Apple,217.3075943,218.4378033,214.2639522,216.9209442,41643800
31-07-2024,Apple,219.5382722,221.8978376,218.7352309,220.1727753,50036300
01-08-2024,Apple,222.4431067,222.5521626,215.1562375,216.484726,62501000
02-08-2024,Apple,217.2679231,223.6625423,215.8403026,217.9718323,105568600
05-08-2024,Apple,197.380197,211.6664465,194.3167378,207.4727783,119548600
06-08-2024,Apple,203.5368691,208.1865934,199.343201,205.4502869,69660500
07-08-2024,Apple,205.1231452,211.8052678,204.6175305,208.0180817,63516400
08-08-2024,Apple,211.2798243,212.3604598,207.0365819,211.4781036,47161100
09-08-2024,Apple,210.2784596,214.9182598,210.1495712,214.3829041,42201600
12-08-2024,Apple,214.4623401,217.8767321,213.9958359,215.9114685,38028100
13-08-2024,Apple,217.3804478,220.239024,217.3804478,219.623642,44155300
14-08-2024,Apple,218.928875,221.3705631,218.0653379,220.0703125,41960600
15-08-2024,Apple,222.9288866,223.6733063,221.1025655,223.0479889,46414000
16-08-2024,Apple,222.2539311,225.142283,221.9859358,224.3680878,44340200
19-08-2024,Apple,224.0405257,224.308521,221.3804585,224.209259,40687800
20-08-2024,Apple,224.0901769,225.4797542,223.7725505,224.8246613,30299000
21-08-2024,Apple,224.8345868,226.2837152,223.3755231,224.7154694,34765500
22-08-2024,Apple,226.0951134,226.6410241,222.2340577,222.859375,43695300
23-08-2024,Apple,223.9809782,226.5219281,222.6608723,225.1521912,38677300
26-08-2024,Apple,225.0727966,225.5889318,222.2241556,225.4896698,30602200
27-08-2024,Apple,224.3184489,227.1472496,223.2167073,226.3333435,35934600
28-08-2024,Apple,226.224147,228.1497148,224.0008084,224.8047943,38052200
29-08-2024,Apple,228.3879216,231.1869312,227.1769979,228.0802155,51906300
30-08-2024,Apple,228.4772909,228.6857199,225.7874478,227.2961426,52990800
03-09-2024,Apple,226.8494962,227.296145,219.5244017,221.1125031,50190600
04-09-2024,Apple,220.0107426,220.1298449,215.861836,219.2067719,43840200
05-09-2024,Apple,219.9809679,223.802313,219.8717858,220.7253876,36615400
06-09-2024,Apple,222.283672,223.5640821,218.134781,219.1769714,48423000
09-09-2024,Apple,219.1770002,219.6236489,215.09758,219.2663269,67180000
10-09-2024,Apple,217.2911265,219.8320765,215.1174188,218.4722748,51591000
11-09-2024,Apple,219.8122124,221.4300739,216.268768,221.0032806,44587100
12-09-2024,Apple,220.8445077,221.8866983,218.1844553,221.1125031,37455600
13-09-2024,Apple,221.9164638,222.3730327,220.2588912,220.8444977,36766600
16-09-2024,Apple,214.9288136,215.6037619,212.3283127,214.7104645,59357400
17-09-2024,Apple,214.144701,215.2861383,212.9040017,215.1769562,45519300
18-09-2024,Apple,215.9313372,221.0529482,215.9214019,219.0479736,59894900
19-09-2024,Apple,223.3159482,228.110012,222.9586263,227.1670685,66781300
20-09-2024,Apple,228.2589098,231.3556906,225.9263889,226.5020752,318679900
23-09-2024,Apple,225.6484645,227.7427656,224.1298497,224.7849426,54146000
24-09-2024,Apple,226.9487281,227.6435319,224.0504562,225.6782532,43556100
25-09-2024,Apple,223.2563961,225.5988371,222.3531785,224.6856842,42308700
26-09-2024,Apple,225.6087841,226.7998525,223.7328472,225.8271484,36636700
27-09-2024,Apple,226.7601668,227.8122775,225.6087941,226.0951385,34026000
30-09-2024,Apple,228.3283597,231.2663422,227.9412621,231.2663422,54541900
01-10-2024,Apple,227.8122554,227.9412779,222.0752629,224.526886,63285000
02-10-2024,Apple,224.209274,225.6782579,221.3606329,225.0926514,32880600
03-10-2024,Apple,223.4648504,225.122423,221.6584,223.9909058,34044200
04-10-2024,Apple,226.2042788,226.3035408,222.4623408,225.1124725,37245100
07-10-2024,Apple,222.8296018,224.01075,219.6831901,220.0405121,39505400
08-10-2024,Apple,222.6311005,224.2985932,221.58891,224.0901642,31855700
09-10-2024,Apple,223.5541784,228.0405517,223.1571606,227.8321075,33591100
10-10-2024,Apple,226.0851959,227.7923995,225.4797341,227.3358154,28183500
11-10-2024,Apple,227.5938975,227.7030796,225.6484742,225.8569183,31759200
14-10-2024,Apple,226.9983493,230.0058033,226.8991025,229.57901,39882100
15-10-2024,Apple,231.8718114,235.7229469,230.6410323,232.1100311,64751400
16-10-2024,Apple,229.8767817,230.3929018,228.1298674,230.0554352,34082200
17-10-2024,Apple,231.6931587,232.110047,228.804822,230.4226837,32993800
18-10-2024,Apple,234.4226777,234.4226777,232.2688256,233.2514648,46431500
21-10-2024,Apple,232.7055796,235.0877316,232.7055796,234.7204742,36254500
22-10-2024,Apple,232.1497287,234.462394,230.8693337,234.105072,38846600
23-10-2024,Apple,232.3383192,233.3904298,226.0653362,229.0430145,52287000
24-10-2024,Apple,228.26884,229.1026016,226.7105294,228.8544617,31109500
25-10-2024,Apple,228.0306142,231.4847168,227.8618809,229.6881866,38802300
28-10-2024,Apple,231.5839844,232.9834818,230.8197094,231.6633759,36087100
29-10-2024,Apple,231.365615,232.5864588,230.5914198,231.931366,35417200
30-10-2024,Apple,230.8792583,231.73286,227.8420287,228.3879395,47070900
31-10-2024,Apple,227.6335979,228.1199575,223.6931354,224.229126,64370100
01-11-2024,Apple,219.3258817,223.6732973,218.631093,221.2514496,65276700
04-11-2024,Apple,219.345724,221.132319,218.0752491,220.3581238,44944500
05-11-2024,Apple,220.1496975,222.2836943,219.4946046,221.7874146,28111300
06-11-2024,Apple,220.9536841,224.3879468,219.5442513,221.0628662,54561100
07-11-2024,Apple,222.9586293,226.1844474,222.8990781,225.7874146,42137700
08-11-2024,Apple,225.7278081,227.2083543,224.9726384,225.5191498,38328800
11-11-2024,Apple,223.5715887,224.2671417,220.0938084,222.8064728,42005600
12-11-2024,Apple,223.1244485,224.1578394,221.9420008,222.8064728,40398300
13-11-2024,Apple,222.5878726,225.211112,221.3458082,223.6908264,48566200
14-11-2024,Apple,223.5914669,227.4170161,223.5715896,226.7711487,44923900
15-11-2024,Apple,224.962685,225.479388,222.8462177,223.571579,47923700
18-11-2024,Apple,223.8199843,228.2814846,223.7404903,226.572403,44633700
19-11-2024,Apple,225.5390148,228.6988345,225.2210542,226.8307648,36211800
20-11-2024,Apple,226.6121535,228.470277,224.4559317,227.5461884,35169600
21-11-2024,Apple,227.4269442,228.6988169,224.277071,227.0692291,42108300
22-11-2024,Apple,226.6121682,229.2552849,226.6121682,228.410675,38168300
25-11-2024,Apple,229.9905797,231.7692092,228.281498,231.3916168,90152800
26-11-2024,Apple,231.8487057,234.0744905,231.8487057,233.5677185,45986200
27-11-2024,Apple,232.9814816,234.1937377,232.325668,233.4385529,33498400
29-11-2024,Apple,233.3193124,236.300267,232.4846487,235.8233185,28481400
02-12-2024,Apple,235.7636909,239.2613332,235.6543886,238.0689545,48137100
03-12-2024,Apple,238.287561,241.2188299,237.3833345,241.1095276,38861000
04-12-2024,Apple,241.3281593,242.5602927,239.7184485,241.4672699,44383900
05-12-2024,Apple,242.4410514,242.9875477,240.5928589,241.4970703,40033900
06-12-2024,Apple,241.3679027,243.0769846,240.5431701,241.2983398,36870600
09-12-2024,Apple,240.2947537,245.6704122,240.2152598,245.1835175,44649200
10-12-2024,Apple,245.3225882,246.6342153,243.7824255,246.1970062,36914800
11-12-2024,Apple,246.3858245,249.207791,244.6966049,244.9251556,45205800
12-12-2024,Apple,245.3226194,247.1608807,244.1202944,246.3858337,32777500
13-12-2024,Apple,246.2467495,247.7074034,244.6767781,246.5547791,33155300
16-12-2024,Apple,246.4156488,249.7841268,246.0777957,249.4462738,51694800
17-12-2024,Apple,248.4923794,252.2185727,248.1942809,251.8707886,51356400
18-12-2024,Apple,250.5591739,252.6657103,246.167236,246.4752655,56774100
19-12-2024,Apple,245.9287379,250.4001695,245.5213372,248.2041931,60882300
20-12-2024,Apple,246.4653101,253.3811312,244.1302382,252.8743744,147495300
23-12-2024,Apple,253.1525883,254.0269913,251.8409611,253.6494141,40858800
24-12-2024,Apple,253.8680194,256.5707374,253.669277,256.5608215,23234700
26-12-2024,Apple,256.5508625,258.4487403,255.9944201,257.3755798,27237100
27-12-2024,Apple,256.1931463,257.0576486,251.4534397,253.9673767,42355300
30-12-2024,Apple,250.6287311,251.8906728,249.158131,250.5989227,35557500
31-12-2024,Apple,250.8373958,251.6720594,247.846495,248.8302155,39480700
02-01-2025,Apple,247.349662,247.5185961,240.2848143,242.3019257,55740700
03-01-2025,Apple,241.815033,242.6298193,240.354364,241.815033,40244100
06-01-2025,Apple,242.7589887,245.7598203,241.6560349,243.4446106,45045600
07-01-2025,Apple,241.4374335,243.9911251,239.8177919,240.6723328,40856000
08-01-2025,Apple,240.3841481,242.1627926,238.5260248,241.1591949,37628900
10-01-2025,Apple,238.4862864,238.6353432,231.520795,235.3463593,61710900
13-01-2025,Apple,232.0474238,233.1801859,228.2616142,232.9118958,49630700
14-01-2025,Apple,233.2596801,234.6209777,230.994156,231.7990112,39435300
15-01-2025,Apple,233.1504035,237.4429855,232.94173,236.3598938,39832000
16-01-2025,Apple,235.8431861,236.4989845,226.582347,226.8108826,71759100
17-01-2025,Apple,230.646372,230.8152909,227.0294813,228.5199585,68488300
21-01-2025,Apple,222.5779291,222.9952609,217.9872642,221.2265625,98070400
22-01-2025,Apple,218.3946514,222.6971641,218.3946514,222.4090118,64126500
23-01-2025,Apple,223.3132425,225.5886977,220.8887304,222.240097,60234800
24-01-2025,Apple,223.3529799,224.1975897,220.0043792,221.3656769,54697900
27-01-2025,Apple,222.5978203,230.6761969,222.5580657,228.4007416,94863400
28-01-2025,Apple,229.3844598,238.6651613,229.3447052,236.747406,75707600
29-01-2025,Apple,232.6336992,238.3372646,232.5243969,237.8404388,45486100
30-01-2025,Apple,237.1548105,239.2613469,235.7040878,236.081665,55658300
31-01-2025,Apple,245.6207175,245.6207175,231.9580093,234.5017548,100959800
03-02-2025,Apple,228.5299103,230.3582254,224.267137,226.5624695,73063300
04-02-2025,Apple,225.8073134,231.6499893,225.2111164,231.3220825,45067300
05-02-2025,Apple,227.0791667,231.1928831,226.8208228,230.9941559,39620300
06-02-2025,Apple,229.8216551,232.3157301,228.9671141,231.7394104,29925300
07-02-2025,Apple,231.1233398,232.5144458,225.8172294,226.1848907,39707200
10-02-2025,Apple,228.3633825,229.3780104,226.0058289,226.4534607,33115600
11-02-2025,Apple,227.0005723,233.9936213,226.9309481,231.3973389,53718400
12-02-2025,Apple,229.9848184,235.7145538,229.4675472,235.6250153,45243300
13-02-2025,Apple,235.6648159,241.0662688,234.3318625,240.2605286,53614100
14-02-2025,Apple,239.9819936,244.2593959,239.7233656,243.3143921,40896200
18-02-2025,Apple,242.8667485,243.8913336,240.5688922,243.1850739,48822500
19-02-2025,Apple,243.3740743,244.7169696,241.8819583,243.582962,32204200
20-02-2025,Apple,243.6525813,245.4829065,243.0059887,244.5379028,32316900
21-02-2025,Apple,244.6572757,247.3828796,243.9311168,244.2593842,53197400
24-02-2025,Apple,243.6426464,247.5519983,243.1353324,245.8012543,51326400
25-02-2025,Apple,246.6965229,248.6860109,243.6227674,245.7415619,48013300
26-02-2025,Apple,243.0457993,243.6923768,237.8731336,239.0966644,44433600
27-02-2025,Apple,238.1516754,241.1856478,235.8140209,236.0527649,41153600
28-02-2025,Apple,235.7045808,240.8175642,228.990059,240.5688782,56833400
03-03-2025,Apple,240.5191474,242.7473795,234.8690087,236.7789154,47184000
04-03-2025,Apple,236.4605997,238.8081961,233.4465114,234.6899414,53798100
05-03-2025,Apple,234.1826359,235.3067015,228.025168,234.5009613,47227600
06-03-2025,Apple,233.2077876,236.6098103,231.9345165,234.0931091,45170400
07-03-2025,Apple,233.8742683,240.1013604,233.5261018,237.8134613,46273600
10-03-2025,Apple,234.3019971,234.9187487,223.0415028,226.2843628,72071200
11-03-2025,Apple,222.6336666,224.6529958,216.3070937,219.6792755,76137400
12-03-2025,Apple,218.9829331,220.5844715,213.7804265,215.8395386,62547500
13-03-2025,Apple,214.8149604,215.7002819,207.3245394,208.5779114,61368300
14-03-2025,Apple,210.1396575,212.8254631,208.478437,212.3678894,60107600
17-03-2025,Apple,212.1888531,214.0888178,208.8664115,212.8752289,48073400
18-03-2025,Apple,213.034388,214.0191749,210.3784232,211.572113,42432400
19-03-2025,Apple,213.0940453,217.610176,212.6265144,214.1086884,54385400
20-03-2025,Apple,212.8652937,216.3468981,211.1045924,212.9747162,48862900
21-03-2025,Apple,210.4480482,217.6897837,210.1695211,217.1227875,94127800
24-03-2025,Apple,219.8384399,220.3159128,217.4311611,219.5698547,44299500
25-03-2025,Apple,219.6096417,222.9221411,218.9232659,222.5739746,34493600
26-03-2025,Apple,222.3352199,223.837293,219.3112049,220.3656311,34466100
27-03-2025,Apple,220.2263698,223.8074542,219.4007305,222.6734467,37094800
28-03-2025,Apple,220.5048886,222.6336401,216.5358548,216.7546997,39818600
31-03-2025,Apple,215.8693942,224.4341408,215.0934951,220.9624939,65299300
01-04-2025,Apple,218.6546823,222.5043369,217.7494616,222.016922,36412700
02-04-2025,Apple,220.1567724,224.0064272,219.8583461,222.7132568,35905900
03-04-2025,Apple,204.4596946,206.3994577,200.1922491,202.1220551,103419000
04-04-2025,Apple,192.8709112,198.8294332,186.3553351,187.3898773,125910900
07-04-2025,Apple,176.2686518,193.1295613,173.7022102,180.5062714,160466300
08-04-2025,Apple,185.7186904,189.3395577,168.3206286,171.5137482,120859500
09-04-2025,Apple,171.046232,199.5555994,170.9865498,197.8048553,184395900
10-04-2025,Apple,188.0762484,193.756228,182.0381453,189.4191437,121880000
11-04-2025,Apple,185.1218816,198.4912294,185.0820833,197.1085358,87435900
14-04-2025,Apple,210.3286655,211.8207814,200.1026988,201.4555511,101352900
15-04-2025,Apple,200.7990181,202.4403395,198.7498479,201.0775452,51343900
16-04-2025,Apple,197.3174158,199.6451131,191.358894,193.2489166,59732400
17-04-2025,Apple,196.1635165,197.7849541,193.3981294,195.9446716,52164700
21-04-2025,Apple,192.2541826,192.7813957,188.8123616,192.1447601,46742500
22-04-2025,Apple,195.0891867,200.5304376,194.9399812,198.6901703,52976400
23-04-2025,Apple,204.9172632,206.9067512,201.7340855,203.5246277,52929200
24-04-2025,Apple,203.8130758,207.7323691,201.8733282,207.2747803,47311000
25-04-2025,Apple,205.2853145,208.6475541,205.1162099,208.1800232,38222300
28-04-2025,Apple,208.8962284,210.3883443,206.3695855,209.0354919,38743100
29-04-2025,Apple,207.59314,211.1244845,207.2748146,210.0998993,36827600
30-04-2025,Apple,208.1999096,212.4574124,205.5837282,211.3830872,52286500
01-05-2025,Apple,207.9810716,213.4322643,207.8020098,212.1987915,57365700
02-05-2025,Apple,205.0067918,205.9020705,201.0974551,204.2706909,101010600
05-05-2025,Apple,202.032514,203.027258,197.1682164,197.844635,69018500
06-05-2025,Apple,197.168218,199.5953806,195.9844702,197.466629,51216500
07-05-2025,Apple,198.1231719,198.3917571,192.2342889,195.2185211,68536700
08-05-2025,Apple,196.6807827,198.998538,193.6567525,196.4519958,50478900
09-05-2025,Apple,197.9540727,199.4859719,196.5017396,197.4865417,36453900
12-05-2025,Apple,210.1363431,210.4351607,205.9330175,209.9570465,63775800
13-05-2025,Apple,209.5984714,212.5567365,208.1741294,212.0885925,51909300
14-05-2025,Apple,211.5905625,213.0946054,209.747882,211.4909668,49325800
15-05-2025,Apple,210.1164167,212.1184838,208.7119847,210.6144409,45029500
16-05-2025,Apple,211.5208608,211.7300377,208.9410989,210.4252014,54737900
19-05-2025,Apple,207.0884445,208.6522327,203.4528584,207.9550018,46140500
20-05-2025,Apple,206.8493841,207.6462259,204.2198168,206.0425873,42496600
21-05-2025,Apple,204.3592432,206.2218488,199.9168759,201.2914124,59211800
22-05-2025,Apple,199.9169056,201.9488379,198.9108869,200.5643311,46742400
23-05-2025,Apple,192.904699,196.918773,192.6955373,194.4983826,78432900
27-05-2025,Apple,197.5164128,199.9467735,196.6498403,199.418869,56288500
28-05-2025,Apple,199.7973476,201.9288906,199.1100718,199.6280212,45339700
29-05-2025,Apple,202.7755423,203.0046292,197.7255694,199.1598816,51396800
30-05-2025,Apple,198.5821728,201.1619498,196.002411,200.0563354,70819900
02-06-2025,Apple,199.4885824,201.3312781,199.329211,200.9029694,35423300
03-06-2025,Apple,200.5543703,202.9648059,200.165912,202.4667816,46381600
04-06-2025,Apple,202.1081954,205.4250386,201.3013986,202.0185547,43604000
05-06-2025,Apple,202.6958581,203.9409187,199.3590898,199.837204,55126100
06-06-2025,Apple,202.197834,204.8871618,201.2515911,203.1141968,46607700
09-06-2025,Apple,203.5823461,205.1859848,199.2296192,200.6539612,72862600
10-06-2025,Apple,199.8073282,203.5425099,199.777448,201.8691406,54672600
11-06-2025,Apple,202.6958567,203.6919051,197.6259738,197.9945068,60989900
12-06-2025,Apple,198.2933361,198.8909561,196.5801315,198.4128571,43904600
13-06-2025,Apple,198.9407591,199.5782295,194.926685,195.6737213,51447300
16-06-2025,Apple,196.5203559,197.9048626,195.7832746,197.6359253,43020700
17-06-2025,Apple,196.4207459,197.606046,194.4386193,194.8669128,38856200
18-06-2025,Apple,195.165737,196.7893008,194.2991797,195.8032074,45394700
20-06-2025,Apple,197.4566611,200.9029804,196.0821093,200.2057495,96813500
23-06-2025,Apple,200.833257,201.5006077,198.1738095,200.7037659,55814300
24-06-2025,Apple,201.7894587,202.636106,199.4089035,199.5085144,54064000
25-06-2025,Apple,200.6539686,202.8651975,199.8272465,200.7635345,39525700
26-06-2025,Apple,200.6340431,201.8392685,198.6718415,200.2057495,50799100
27-06-2025,Apple,201.0922124,202.4169586,199.2096815,200.2854156,73188600
30-06-2025,Apple,201.2117363,206.5704816,198.4726031,204.3592529,91912800
01-07-2025,Apple,205.8533297,209.3594245,205.3254253,206.9987946,78788900
02-07-2025,Apple,208.0844903,212.4969777,207.3175287,211.6005402,67941800
03-07-2025,Apple,211.3116845,213.8018057,210.9730316,212.7061615,34955800
07-07-2025,Apple,211.8395847,215.3755599,207.9749269,209.1203766,50229000
08-07-2025,Apple,209.2697707,210.5945016,207.6262817,209.1801147,42848900
09-07-2025,Apple,208.7020255,210.4949157,206.4011561,210.3056641,48749400
10-07-2025,Apple,209.6781622,212.6364274,209.2000632,211.5706635,44443600
11-07-2025,Apple,209.7379271,211.2917602,209.030726,210.325592,39765800
14-07-2025,Apple,209.1004295,210.0765678,206.7198744,207.7956085,38840100
15-07-2025,Apple,208.3932573,211.0527049,208.0944398,208.2836914,42296300
16-07-2025,Apple,209.4689902,211.5606828,207.8155462,209.3295441,47490500
17-07-2025,Apple,209.737939,210.9630744,208.7618005,209.1901093,48068100
18-07-2025,Apple,210.0367322,210.9530949,208.8713573,210.3455048,48974600
21-07-2025,Apple,211.2618928,214.9273439,210.7937488,211.6403809,51377400
22-07-2025,Apple,212.2977646,214.1006098,211.3913569,213.5527802,46404100
23-07-2025,Apple,214.1504346,214.2998358,211.5706725,213.3037872,46989300
24-07-2025,Apple,213.0547446,214.8376798,212.6862116,212.9152985,46022600
25-07-2025,Apple,213.8516029,214.3894776,212.5567369,213.0348511,40268800
28-07-2025,Apple,213.1842679,214.001035,212.2180996,213.2041931,37858000
29-07-2025,Apple,213.3336394,213.9611548,209.9869314,210.4351501,51411700
30-07-2025,Apple,211.0626516,211.5507208,206.8991765,208.2239227,45512500
31-07-2025,Apple,207.6661491,209.0108054,206.3414029,206.7497864,80698400
01-08-2025,Apple,210.0367493,212.7360475,200.7037794,201.580307,104434500
04-08-2025,Apple,203.7018677,207.0585614,200.8830487,202.546463,75109300
05-08-2025,Apple,202.5962631,204.5285997,201.3611727,202.1181641,44155100
06-08-2025,Apple,204.8174637,214.5289369,204.7776133,212.4073486,108483100
07-08-2025,Apple,218.0150881,219.9773047,215.7241736,219.1605377,90224800
08-08-2025,Apple,219.9573883,230.0871995,218.3836298,228.4437256,113854000
11-08-2025,Apple,227.2770109,228.9123836,224.1259219,226.539093,61806100
12-08-2025,Apple,227.3667634,230.1489011,226.429428,229.0021362,55626200
13-08-2025,Apple,230.4181341,234.3370399,229.779925,232.6717529,69878500
14-08-2025,Apple,233.3996941,234.4567013,230.1987583,232.1233063,51916300
15-08-2025,Apple,233.3398656,233.6190745,228.6930082,230.9366608,56038700
18-08-2025,Apple,231.0463447,232.4623369,229.4608339,230.2386322,37476200
19-08-2025,Apple,230.6275312,232.2130419,228.7029832,229.9095612,39402600
20-08-2025,Apple,229.3311921,229.8198152,225.1330776,225.3723907,42263900
21-08-2025,Apple,225.6316636,225.8809583,223.1486827,224.2655182,30621200
22-08-2025,Apple,225.5319513,228.4437119,224.7741009,227.1174622,42477800
25-08-2025,Apple,225.8410755,228.6531273,225.5917807,226.519165,30983100
26-08-2025,Apple,226.229967,228.842586,224.0561244,228.6630859,54575100
27-08-2025,Apple,227.9650814,230.2486145,227.6160627,229.8397827,31259500
28-08-2025,Apple,230.1688339,232.7515235,228.6929982,231.9039154,38074700
29-08-2025,Apple,231.8540587,232.7216147,230.7172754,231.4851074,39418400
02-09-2025,Apple,228.6032546,230.1987469,226.3296881,229.0719299,44075600
03-09-2025,Apple,236.5408165,238.1761893,233.6988505,237.7972565,66427800
04-09-2025,Apple,237.7772813,239.2231875,236.072114,239.1035309,47549400
05-09-2025,Apple,239.3229322,240.6392157,237.8171976,239.0138092,54870400
08-09-2025,Apple,238.6249156,239.4725085,235.6732593,237.2089233,48999500
09-09-2025,Apple,236.3314066,238.1063839,232.7016759,233.6888885,66313900
10-09-2025,Apple,231.5349674,231.7643142,225.3125657,226.1501923,83440800
11-09-2025,Apple,226.2399654,229.7998863,226.0106033,229.381073,50208600
12-09-2025,Apple,228.5733593,233.8484292,228.3739265,233.4096832,55824200
15-09-2025,Apple,236.3313985,237.5180439,234.3669549,236.0322418,42699500
16-09-2025,Apple,236.5108847,240.5394959,235.6533254,237.4781494,63421100
17-09-2025,Apple,238.2958481,239.4226651,237.0593407,238.3157959,46508000
18-09-2025,Apple,239.2930236,240.5195494,235.9823823,237.2089233,44249600
19-09-2025,Apple,240.5494607,245.605165,239.5323492,244.8074188,163741300
22-09-2025,Apple,247.5995238,255.9160074,247.4200237,255.3575592,105517400
23-09-2025,Apple,255.1581562,256.6140289,252.8646415,253.7122345,60275200
24-09-2025,Apple,254.4999998,255.0185371,250.3317841,251.5982056,42303700
25-09-2025,Apple,252.4956617,256.4444966,250.9998934,256.1453247,55202100
26-09-2025,Apple,253.3831702,256.8732964,253.0640656,254.7393341,46076300
29-09-2025,Apple,253.8418726,254.2806338,252.2962422,253.7122345,40127700
30-09-2025,Apple,254.1410138,255.1980209,252.3959507,253.9116669,37704300
01-10-2025,Apple,254.3204926,258.0599286,254.2108023,254.7293396,48713900
02-10-2025,Apple,255.8561354,257.4516277,253.4329981,256.4046021,42630200
03-10-2025,Apple,253.9515436,258.5086432,253.2335736,257.2920837,49155600
06-10-2025,Apple,257.2621865,258.3391568,254.3304932,255.9658661,44664100
07-10-2025,Apple,256.0855101,256.673842,254.7093984,255.7564545,31955800
08-10-2025,Apple,255.7963063,257.790664,255.3874593,257.3319702,36496900
09-10-2025,Apple,257.0826717,257.2721381,252.4258484,253.3233032,38322000
10-10-2025,Apple,254.2207817,255.6567217,243.3116425,244.578064,61999100
13-10-2025,Apple,248.6764832,248.9856062,244.8672524,246.9613342,38142900
14-10-2025,Apple,245.9043169,248.1479694,244.009668,247.0710144,35478000
15-10-2025,Apple,248.7861674,251.109596,246.7718618,248.6365814,33893600
16-10-2025,Apple,247.5496535,248.3374181,244.4384603,246.7519073,39777000
17-10-2025,Apple,247.3203043,252.6651836,246.5724202,251.5782471,49147000
20-10-2025,Apple,255.1681063,263.6341605,254.9088452,261.5001831,90483000
21-10-2025,Apple,261.1412131,264.5415968,261.0913359,262.0286865,46695900
22-10-2025,Apple,261.9090502,262.1084981,254.7094168,257.7209167,45015300
23-10-2025,Apple,259.206687,259.8847613,257.282139,258.8476868,32754900
24-10-2025,Apple,260.4531459,263.3848541,258.4488066,262.0785522,38253700
27-10-2025,Apple,264.1327303,268.3607587,263.9033682,268.0516357,44888200
28-10-2025,Apple,268.2311073,269.1285926,267.3934808,268.2410889,41534800
29-10-2025,Apple,268.5203194,270.6443153,266.3564279,268.9391479,51086700
30-10-2025,Apple,271.2226703,273.3666292,267.7225931,270.6343384,69886500
31-10-2025,Apple,276.2085578,276.5376439,268.4006609,269.6072388,86167100
03-11-2025,Apple,269.6571458,270.0859255,265.4988962,268.2909851,50194600
04-11-2025,Apple,267.5730004,270.7240894,266.8650119,269.2781982,49274800
05-11-2025,Apple,267.8521864,270.9334957,266.1769333,269.3778992,43683100
06-11-2025,Apple,267.1342709,272.6287059,267.1342709,269.0089417,51204000
07-11-2025,Apple,269.0388505,271.5218466,266.0173997,267.712616,48227400
10-11-2025,Apple,268.4611988,273.2223722,266.9639806,268.9303284,41312400
11-11-2025,Apple,269.3096488,275.3983427,269.2996575,274.739563,46208300
12-11-2025,Apple,274.4900522,275.2187095,271.1961838,272.9628906,48398000
13-11-2025,Apple,273.6016391,276.1868626,271.5853962,272.4438171,49602800
14-11-2025,Apple,270.5473523,275.4482509,269.1000595,271.9048462,47431300
17-11-2025,Apple,268.321483,269.9883689,265.237217,266.9639893,45018300
18-11-2025,Apple,269.4892896,270.2079555,264.8279672,266.9440308,45677300
19-11-2025,Apple,265.0376012,271.7052066,265.0076581,268.0619812,40424500
20-11-2025,Apple,270.3277494,274.9192251,265.4268815,265.7562561,45823600
21-11-2025,Apple,265.4568071,272.8230953,265.1773276,270.9865112,59030800
24-11-2025,Apple,270.3976452,276.4863396,270.3976452,275.4083557,65585800
25-11-2025,Apple,274.7595003,279.8600397,274.7395484,276.4563599,46914200
26-11-2025,Apple,276.4464066,279.0116482,276.1170319,277.0353088,33431400
28-11-2025,Apple,276.745838,278.4826015,275.4781737,278.3328857,20135600
01-12-2025,Apple,277.494455,282.8944261,275.6279277,282.5750122,46587700
02-12-2025,Apple,282.4751846,286.8670188,282.1058756,285.6592712,53669500
03-12-2025,Apple,285.6692635,288.0847586,282.7746171,283.6230469,43538700
04-12-2025,Apple,283.5731318,284.2019684,278.0733406,280.1794434,43989100
05-12-2025,Apple,280.0197463,280.6186397,277.5343433,278.2630005,47265800
08-12-2025,Apple,277.6142095,279.1513621,275.6378704,277.3746643,38211800
09-12-2025,Apple,277.6441787,279.5107061,276.406488,276.6659851,32193300
10-12-2025,Apple,277.2349118,279.2312028,275.9273437,278.2630005,33038300
11-12-2025,Apple,278.5824273,279.0715089,273.3022289,277.5144043,33248000
12-12-2025,Apple,277.3846159,278.7021752,276.3066322,277.763916,39532900
15-12-2025,Apple,279.6304615,279.6304615,272.3340202,273.6016541,50409100
16-12-2025,Apple,272.3140799,274.9891027,271.2859912,274.1007385,37648600
17-12-2025,Apple,274.5000112,275.6478725,271.1362656,271.3358765,50138700
18-12-2025,Apple,273.1025913,273.1225737,266.4549687,271.6852417,51630700
19-12-2025,Apple,271.6453054,274.0907742,269.3994779,273.1625061,144632000
22-12-2025,Apple,272.353978,273.372106,270.0083604,270.4674988,36571800
23-12-2025,Apple,270.3377491,271.9946744,269.060124,271.8549194,29642000
24-12-2025,Apple,271.8349405,274.9192064,271.695216,273.3022156,17910600
26-12-2025,Apple,273.6516058,274.8593535,272.3539982,272.8930054,21521800
29-12-2025,Apple,272.1843267,273.8512128,271.8449609,273.2523499,23715200
30-12-2025,Apple,272.3040591,273.5716928,271.7750432,272.5735474,22139600
31-12-2025,Apple,272.5536218,273.1724672,271.2460536,271.355835,27293600
02-01-2020,Microsoft,150.0902173,151.933494,149.664848,151.8295135,22622100
03-01-2020,Microsoft,149.6554102,151.1961931,149.4096303,149.9389801,21116200
06-01-2020,Microsoft,148.4832765,150.3927293,147.9444647,150.3265533,20813700
07-01-2020,Microsoft,150.6007107,150.9315472,148.7101671,148.9559326,21634100
08-01-2020,Microsoft,150.2320032,151.9996709,149.3056412,151.3285217,27746500
09-01-2020,Microsoft,152.9828135,153.3420214,152.2171455,153.2191315,21385000
10-01-2020,Microsoft,153.9091289,154.2872318,152.3588697,152.5101166,20725900
13-01-2020,Microsoft,152.9071617,154.3723359,152.4345258,154.3439789,21626500
14-01-2020,Microsoft,154.4479341,154.6464474,152.8693321,153.256897,23477400
15-01-2020,Microsoft,153.7200551,154.9678205,153.6728031,154.2494049,21417900
16-01-2020,Microsoft,155.3554186,157.1419816,155.0529247,157.0758057,23865400
17-01-2020,Microsoft,158.2574203,158.3046868,156.376324,157.9549408,34371700
21-01-2020,Microsoft,157.5578831,158.9852526,157.3215651,157.3877411,29517200
22-01-2020,Microsoft,158.2384899,158.3235753,156.6126213,156.6315308,24138800
23-01-2020,Microsoft,157.0947407,157.6713571,156.2250923,157.5957336,19680800
24-01-2020,Microsoft,158.3424516,158.361361,155.4499226,156.0076294,24918100
27-01-2020,Microsoft,152.3305352,154.4385016,151.4325299,153.3986969,32078100
28-01-2020,Microsoft,154.8165991,156.6882331,154.1454643,156.4046631,24899900
29-01-2020,Microsoft,158.6544391,159.51464,156.6221102,158.8434906,34754500
30-01-2020,Microsoft,164.5245501,164.5245501,161.4429549,163.3240509,51597500
31-01-2020,Microsoft,162.785284,162.9648736,160.2992143,160.9136353,36142700
03-02-2020,Microsoft,161.102652,164.9499148,161.074295,164.8364868,30107000
04-02-2020,Microsoft,167.4454236,170.7538744,166.6608463,170.2623291,36433300
05-02-2020,Microsoft,173.9583749,174.1190694,168.6459518,170.0543976,39186300
06-02-2020,Microsoft,171.0658348,173.7598652,170.2056341,173.5802612,27751400
07-02-2020,Microsoft,172.8429582,175.4708127,172.4931978,173.8260345,33529100
10-02-2020,Microsoft,173.5330153,178.5051402,173.2210738,178.3728027,35844300
11-02-2020,Microsoft,180.2160775,180.263344,173.4573894,174.3459473,53159900
12-02-2020,Microsoft,175.4235323,175.6787597,171.8976727,174.6011505,47062900
13-02-2020,Microsoft,173.0603123,176.0379119,172.861799,173.655838,35295800
14-02-2020,Microsoft,173.2210394,175.2628297,172.6538706,175.2061157,23149500
18-02-2020,Microsoft,175.4518798,177.4274942,175.3478993,176.9832153,27792200
19-02-2020,Microsoft,178.2533322,178.36707,176.7462485,177.5140076,29997500
20-02-2020,Microsoft,177.201261,177.4856201,171.6563251,174.8031921,36862400
21-02-2020,Microsoft,173.6183473,173.9311407,168.0070555,169.2771759,48572600
24-02-2020,Microsoft,159.0214152,165.4478619,154.7181514,161.978714,68311100
25-02-2020,Microsoft,165.1161039,165.7227297,158.9076596,159.3057709,68073300
26-02-2020,Microsoft,160.8602296,164.2250981,159.4384493,161.2962341,56206100
27-02-2020,Microsoft,154.8035013,158.3200311,149.7419507,149.9315186,93174900
28-02-2020,Microsoft,144.4624098,155.1731612,144.0737862,153.5617981,97012700
02-03-2020,Microsoft,156.6897056,163.9028734,153.8461443,163.7796478,71030800
03-03-2020,Microsoft,164.736981,165.8744026,153.7987409,155.9314117,71677000
04-03-2020,Microsoft,159.7038419,161.7985901,156.9834926,161.6564178,49814400
05-03-2020,Microsoft,157.3910957,161.9597426,157.0498678,157.5996246,47817300
06-03-2020,Microsoft,154.1305218,154.6044488,147.865207,153.1447601,72821100
09-03-2020,Microsoft,143.1258903,149.5239019,142.1780367,142.7657013,70419300
10-03-2020,Microsoft,149.9125543,152.63289,144.6235286,152.5286255,65354400
11-03-2020,Microsoft,148.9362001,149.476469,143.2680267,145.6187134,56371600
12-03-2020,Microsoft,137.7231769,145.4671416,131.3535974,131.8085632,93226400
13-03-2020,Microsoft,139.8084089,153.466983,133.3914359,150.5475922,92727400
16-03-2020,Microsoft,132.6995403,141.5619797,127.960271,128.3583679,87905900
17-03-2020,Microsoft,132.6995198,139.8084227,127.9602513,138.9269257,81059800
18-03-2020,Microsoft,130.8038159,138.3866458,127.9792158,133.0786591,81593200
19-03-2020,Microsoft,135.3250726,142.3202229,131.7516603,135.2682037,85922700
20-03-2020,Microsoft,138.3866425,139.4292874,128.7754064,130.1877136,84866200
23-03-2020,Microsoft,129.8654023,133.2397729,125.6095494,128.8891144,78975200
24-03-2020,Microsoft,136.2539692,141.7989192,133.9032961,140.6046143,82516700
25-03-2020,Microsoft,141.1449011,146.2822665,136.9079938,139.258667,75638200
26-03-2020,Microsoft,140.661493,148.4907744,140.6330586,147.9694519,64568100
27-03-2020,Microsoft,143.8367795,146.8130391,141.41975,141.8936768,57042300
30-03-2020,Microsoft,144.4908434,152.2253343,142.187551,151.8746185,63420300
31-03-2020,Microsoft,151.0878682,156.1873256,148.3959673,149.4860077,77927200
01-04-2020,Microsoft,145.0216595,149.523966,142.9553448,144.1780701,57969900
02-04-2020,Microsoft,143.9410307,147.3722557,142.5192505,147.1637268,49630700
03-04-2020,Microsoft,147.0121126,149.1732178,144.2538549,145.8083344,41243300
06-04-2020,Microsoft,151.9599212,157.8176505,149.3627967,156.6517944,67111700
07-04-2020,Microsoft,160.7465141,161.1351376,154.7465981,154.9646149,62769000
08-04-2020,Microsoft,157.0309081,157.9787617,154.9740675,156.5190735,48318200
09-04-2020,Microsoft,157.6849472,158.6422742,154.8129515,156.5285645,51385100
13-04-2020,Microsoft,155.7797579,156.9361406,153.836655,156.8792572,41905300
14-04-2020,Microsoft,160.187272,164.689577,159.2394183,164.6421814,52874300
15-04-2020,Microsoft,162.2725054,164.5189278,160.4147207,162.9170532,40940800
16-04-2020,Microsoft,165.210904,168.035504,163.8839001,167.8080139,50479600
17-04-2020,Microsoft,170.1397294,170.6136562,166.699016,169.2866669,52765600
20-04-2020,Microsoft,167.4193656,169.4288103,165.8648864,165.9312286,36669600
21-04-2020,Microsoft,164.4525877,164.6137211,157.4479507,159.0687866,56203700
22-04-2020,Microsoft,162.4526399,164.9265386,161.9123709,164.4715729,34620200
23-04-2020,Microsoft,165.0308389,165.9312971,161.9977093,162.4811096,32790800
24-04-2020,Microsoft,163.0877149,165.4573493,161.808121,165.447876,34277600
27-04-2020,Microsoft,167.381511,167.6753433,164.2630781,164.9739685,33194400
28-04-2020,Microsoft,166.4336413,166.5094713,160.5569508,160.9550476,34392700
29-04-2020,Microsoft,164.1872174,168.4146368,162.9170969,168.1776733,51286600
30-04-2020,Microsoft,170.6136356,170.9927712,167.0402237,169.8648376,53875900
01-05-2020,Microsoft,166.6326373,169.3245376,164.9359715,165.4667816,39370500
04-05-2020,Microsoft,165.3909604,169.6657744,164.7369392,169.5141144,30372900
05-05-2020,Microsoft,171.2013312,174.0733268,170.5188754,171.3340302,36839200
06-05-2020,Microsoft,172.5852203,174.5946657,172.158689,173.021225,32139300
07-05-2020,Microsoft,174.566209,174.926398,173.0591251,174.0259399,28316000
08-05-2020,Microsoft,175.3339959,175.352957,173.7984773,175.0496368,30877800
11-05-2020,Microsoft,173.5993916,177.7320342,173.3150471,177.0021973,30892700
12-05-2020,Microsoft,177.059052,177.2865276,172.7937109,172.9927521,32038200
13-05-2020,Microsoft,173.0306713,174.4524517,167.3340622,170.3766785,44711500
14-05-2020,Microsoft,168.2819401,171.2676879,166.5189316,171.1160278,41873900
15-05-2020,Microsoft,169.7226957,177.3055259,167.7701192,173.608902,46610400
18-05-2020,Microsoft,176.0638328,176.4903641,174.367181,175.2676392,35264500
19-05-2020,Microsoft,175.3814025,176.86954,173.9217139,174.0544128,26799100
20-05-2020,Microsoft,175.6607026,176.649224,174.8337779,176.4686279,31261300
21-05-2020,Microsoft,176.2214876,177.4286184,174.2159458,174.3490143,29119500
22-05-2020,Microsoft,174.1208985,175.3280292,173.503069,174.4250488,20826900
26-05-2020,Microsoft,177.1149594,177.2670418,172.1343826,172.5811157,36073600
27-05-2020,Microsoft,171.2789545,172.9803463,167.857186,172.8092499,39517100
28-05-2020,Microsoft,171.7921648,175.033336,171.4499866,172.4194794,33810200
29-05-2020,Microsoft,173.6836873,175.1474555,171.4785497,174.177948,42130400
01-06-2020,Microsoft,173.5030963,173.9403297,172.476576,173.7787476,22622400
02-06-2020,Microsoft,175.1284082,175.8412782,172.3719831,175.7557373,30794600
03-06-2020,Microsoft,175.6702116,176.7347596,174.4915944,176.1834717,27311000
04-06-2020,Microsoft,175.1759895,176.6397434,173.2750021,173.8643036,28761800
05-06-2020,Microsoft,173.5791261,178.4361487,172.9993245,177.9323883,39893600
08-06-2020,Microsoft,176.7347804,179.2155692,175.30904,179.0349731,33211600
09-06-2020,Microsoft,178.6927952,181.259125,177.9894247,180.4036865,29783900
10-06-2020,Microsoft,181.6678436,188.6919906,181.5537745,187.0951538,43872300
11-06-2020,Microsoft,183.5687859,186.0685735,176.8583051,177.0484009,52854700
12-06-2020,Microsoft,181.1070183,182.2286081,176.0123727,178.4456482,43373600
15-06-2020,Microsoft,175.4420905,181.3731751,174.9003022,179.5862427,32770200
16-06-2020,Microsoft,183.3407021,185.8975321,181.9815033,183.9870453,42556700
17-06-2020,Microsoft,185.3747084,186.6008529,184.1010509,184.6238251,25687800
18-06-2020,Microsoft,184.3957242,186.762458,184.3957242,186.6008759,23061600
19-06-2020,Microsoft,188.7585,189.4238425,184.7474163,185.4888,44441100
22-06-2020,Microsoft,186.0971154,190.8210693,185.5648414,190.6404877,32818900
23-06-2020,Microsoft,192.0852054,193.8531237,191.4578763,191.9141235,30917400
24-06-2020,Microsoft,191.619504,193.1878126,186.8290085,188.045639,36740600
25-06-2020,Microsoft,188.0076428,190.6785276,185.7929909,190.4218903,27803900
26-06-2020,Microsoft,189.8420696,189.994152,185.2321846,186.6103973,54675800
29-06-2020,Microsoft,186.08762,188.7014772,183.9680236,188.6159363,26701600
30-06-2020,Microsoft,188.0836529,194.2808599,187.9505844,193.4349213,34310300
01-07-2020,Microsoft,193.083242,196.1343324,191.7810706,194.5660095,32061200
02-07-2020,Microsoft,195.4975248,197.721691,194.8511961,196.0488129,29315800
06-07-2020,Microsoft,198.4915032,200.6776405,197.788133,200.2689209,31897600
07-07-2020,Microsoft,200.0313445,204.0424281,197.6931388,197.9402618,33600700
08-07-2020,Microsoft,199.6701915,202.7022539,198.3585058,202.2935486,33600000
09-07-2020,Microsoft,205.62028,205.6678076,201.0008806,203.7097931,33121700
10-07-2020,Microsoft,203.0444219,203.4816553,200.6301747,203.0919495,26177600
13-07-2020,Microsoft,203.861825,205.1164833,196.2768916,196.8186798,38135600
14-07-2020,Microsoft,195.9252576,198.5106014,192.0282279,198.0353546,37591800
15-07-2020,Microsoft,199.1854619,200.8678399,194.8797265,197.7407074,32179400
16-07-2020,Microsoft,195.2313724,195.5165234,192.2943508,193.824646,29940700
17-07-2020,Microsoft,194.3474171,194.8891909,191.4198953,192.8361359,31635300
20-07-2020,Microsoft,194.8511724,201.789778,192.959685,201.1244354,36884800
21-07-2020,Microsoft,203.0824541,203.3485912,197.7311708,198.4155273,37990400
22-07-2020,Microsoft,198.843237,201.7897726,198.0733396,201.2669983,49605700
23-07-2020,Microsoft,196.9327584,200.4780952,192.1422628,192.5129547,67457000
24-07-2020,Microsoft,190.4978813,192.8170874,187.731942,191.3343201,39827000
27-07-2020,Microsoft,191.4959384,193.8721723,190.9161367,193.7581177,30160900
28-07-2020,Microsoft,193.5299885,194.566023,191.7525702,192.0187073,23251400
29-07-2020,Microsoft,192.4749048,194.5184597,192.0091578,193.9576721,19632600
30-07-2020,Microsoft,191.0492381,194.3379527,189.690039,193.8056641,25079600
31-07-2020,Microsoft,194.280916,194.9462732,189.1577553,194.8607178,51044000
03-08-2020,Microsoft,201.0483729,206.865388,200.0218383,205.8198395,78983000
04-08-2020,Microsoft,203.5671823,204.1374842,199.898277,202.7307434,49280100
05-08-2020,Microsoft,204.2610303,204.3560854,201.0958999,202.3980713,28806400
06-08-2020,Microsoft,201.8277939,205.6582817,201.0769104,205.6392822,32656800
07-08-2020,Microsoft,204.2135253,205.021436,200.4875782,201.9608459,27820400
10-08-2020,Microsoft,201.1909477,201.3905577,196.1343301,197.9402618,36716500
11-08-2020,Microsoft,196.9041885,197.3699209,193.0832015,193.3113251,36446500
12-08-2020,Microsoft,195.1267769,199.869744,194.6135168,198.8337097,28013100
13-08-2020,Microsoft,199.0713666,200.8868128,197.8452219,198.3679962,22588900
14-08-2020,Microsoft,198.4249912,199.2139024,197.2368745,198.5580597,17958900
17-08-2020,Microsoft,199.2234224,200.7347035,198.5770794,199.869751,20184800
18-08-2020,Microsoft,200.1073717,201.8467763,198.8527279,201.0198517,21336200
19-08-2020,Microsoft,201.5057818,202.0869849,199.3715247,199.8002777,27627600
20-08-2020,Microsoft,199.6478751,204.8501218,199.0476264,204.4499512,26981500
21-08-2020,Microsoft,203.7638571,206.0410267,202.8015435,202.9635162,36249300
24-08-2020,Microsoft,204.6500055,205.3455535,202.4014178,203.601944,25460100
25-08-2020,Microsoft,203.0397854,206.3840768,203.0397854,206.2506866,23043700
26-08-2020,Microsoft,207.5941309,211.6053733,207.0986754,210.7097473,39600800
27-08-2020,Microsoft,212.3676662,220.2377176,209.0424191,215.8834686,57602200
28-08-2020,Microsoft,217.4079065,219.7517794,215.8834492,218.1034546,26292900
31-08-2020,Microsoft,216.283523,217.9032646,213.7205133,214.8829193,28774200
01-09-2020,Microsoft,214.8639412,216.7123585,213.8349249,216.540863,25725500
02-09-2020,Microsoft,217.2078161,221.8669646,216.6170902,220.7140808,34080800
03-09-2020,Microsoft,218.4464143,218.4845195,204.8119763,207.0415039,58400300
04-09-2020,Microsoft,204.9453916,208.0514857,195.5032274,204.1355133,59664100
08-09-2020,Microsoft,196.7513658,200.1147173,192.6543611,193.0926514,52924300
09-09-2020,Microsoft,197.7994743,204.6976738,196.9419534,201.3152618,45679000
10-09-2020,Microsoft,203.3255932,204.6023442,194.4741712,195.6746826,35461500
11-09-2020,Microsoft,197.4183105,198.7808093,191.7396837,194.3979645,33620100
14-09-2020,Microsoft,194.5980657,199.3239016,194.3979732,195.7128296,30375800
15-09-2020,Microsoft,198.5807312,199.8765277,197.1610671,198.9237366,21823900
16-09-2020,Microsoft,200.6768977,200.7054803,194.9792099,195.3698578,26328100
17-09-2020,Microsoft,190.605858,194.6838027,190.5201103,193.3308411,34011300
18-09-2020,Microsoft,193.2260396,194.0359033,186.985255,190.9298096,55225300
21-09-2020,Microsoft,187.8808784,193.1402893,187.1091199,192.978302,39839700
22-09-2020,Microsoft,195.3793723,198.2758658,192.5400584,197.6279602,33517100
23-09-2020,Microsoft,198.0853093,198.2758792,190.5868463,191.1204071,30803800
24-09-2020,Microsoft,190.415337,195.8653041,189.7960139,193.5976563,31202500
25-09-2020,Microsoft,193.9406115,199.1714249,192.9782833,198.0090332,29437300
28-09-2020,Microsoft,200.9246034,202.5348228,198.2377253,199.5525818,32004900
29-09-2020,Microsoft,199.4668544,200.1528653,197.0467565,197.4755096,24221900
30-09-2020,Microsoft,197.9232807,201.9726426,196.789457,200.4005432,33829100
01-10-2020,Microsoft,203.4113816,203.8877772,201.3438266,202.4300079,27158400
02-10-2020,Microsoft,198.1805432,201.0293937,195.8366707,196.4559937,33154800
05-10-2020,Microsoft,197.4373881,200.4767942,197.208713,200.4482117,21331600
06-10-2020,Microsoft,198.9618963,200.2576786,195.1507309,196.18927,28554300
07-10-2020,Microsoft,197.2849133,200.1909289,196.9609678,199.9241486,25681100
08-10-2020,Microsoft,200.5720763,201.2199819,198.4854757,200.6387787,19925800
09-10-2020,Microsoft,201.2580267,205.6694534,201.2580267,205.6218109,26458000
12-10-2020,Microsoft,208.4611668,213.2918249,206.5746444,210.9479523,40461400
13-10-2020,Microsoft,212.2056601,214.5781155,210.0237601,212.3390503,28950800
14-10-2020,Microsoft,212.4724597,213.6348663,208.7851621,210.4334869,23421700
15-10-2020,Microsoft,206.8509722,209.9570663,205.8124188,209.2901154,22733100
16-10-2020,Microsoft,209.7569737,211.7959463,208.9661698,209.2901154,26057900
19-10-2020,Microsoft,210.0142362,211.8054883,203.630538,204.1069336,27625800
20-10-2020,Microsoft,205.6123507,207.1082254,203.0302801,204.5166321,22753500
21-10-2020,Microsoft,203.058834,206.6794431,203.058834,204.6595306,22724900
22-10-2020,Microsoft,203.8306295,205.8600796,201.7059091,204.7453156,22351500
23-10-2020,Microsoft,204.878672,206.0696609,203.0969573,206.0220184,18879600
26-10-2020,Microsoft,203.7543645,206.1268048,198.2758161,200.1623383,37111600
27-10-2020,Microsoft,201.6011174,204.5357165,200.4006055,203.1827545,36700300
28-10-2020,Microsoft,197.8661428,198.9809068,192.5591035,193.1117096,51195600
29-10-2020,Microsoft,194.4361267,197.5708036,193.7691611,195.0554352,31432600
30-10-2020,Microsoft,193.8929948,194.6456934,190.1961606,192.9116211,36953700
02-11-2020,Microsoft,194.6456912,195.5889597,190.672554,192.7782288,30842200
03-11-2020,Microsoft,194.2645788,198.2948812,193.5309256,196.6846619,27512000
04-11-2020,Microsoft,203.9163587,208.0133634,202.3918871,206.174469,42311800
05-11-2020,Microsoft,211.5577294,213.5395366,210.7097459,212.7487183,36080100
06-11-2020,Microsoft,211.7673202,213.7681871,207.7370184,213.1584015,25231900
09-11-2020,Microsoft,213.8444367,217.3507009,207.5941294,208.0800476,44395000
10-11-2020,Microsoft,204.3736929,206.2792751,199.8193525,201.0484467,44045100
11-11-2020,Microsoft,202.363305,207.746569,202.1822724,206.3269196,29440800
12-11-2020,Microsoft,206.955762,208.7660592,204.3355864,205.2693176,21593900
13-11-2020,Microsoft,206.1459055,207.1558618,204.0497678,206.2888184,18621100
16-11-2020,Microsoft,204.72619,207.4607099,204.3927218,206.9747772,24953300
17-11-2020,Microsoft,205.8981788,207.403576,203.9735365,204.3356018,24154100
18-11-2020,Microsoft,204.0967542,205.5487923,201.4983763,201.6416779,28372800
19-11-2020,Microsoft,201.9282624,203.5044777,200.5430867,202.9217529,24792700
20-11-2020,Microsoft,202.7116086,203.7528665,200.6099831,200.9825439,22843100
23-11-2020,Microsoft,201.5174938,202.797573,198.8522534,200.7150574,25683500
24-11-2020,Microsoft,200.21829,204.6699241,199.5209356,204.2973633,33979700
25-11-2020,Microsoft,205.4915053,205.6634497,202.9600041,204.3069458,21012900
27-11-2020,Microsoft,205.2431567,206.5996608,204.469363,205.6061554,14512200
30-11-2020,Microsoft,204.5266585,205.1571359,201.412418,204.4980011,33064800
01-12-2020,Microsoft,204.9183002,207.6026649,203.8101801,206.5422974,30904500
02-12-2020,Microsoft,205.2717875,205.8354026,203.2847916,205.7398682,23724500
03-12-2020,Microsoft,205.0138514,206.7047111,204.0967708,204.6604004,25120900
04-12-2020,Microsoft,204.6412545,205.7493892,203.6477495,204.7749939,24666000
07-12-2020,Microsoft,204.784585,205.9022675,203.4663007,204.7081604,24620000
08-12-2020,Microsoft,204.4024658,207.2492129,203.3707556,206.3512421,23284100
09-12-2020,Microsoft,205.5392896,205.606152,201.7659137,202.3295288,32440600
10-12-2020,Microsoft,202.3008423,203.5522641,200.953886,201.1067352,26733300
11-12-2020,Microsoft,200.6577539,203.781542,199.759783,203.7242126,30979400
14-12-2020,Microsoft,203.5713869,206.542326,203.3612228,204.6221924,28798400
15-12-2020,Microsoft,205.5487884,205.7876098,202.7498088,204.5552979,27000600
16-12-2020,Microsoft,205.1475788,210.2679101,205.1189214,209.4750214,35023300
17-12-2020,Microsoft,210.0386555,211.013051,208.1758514,209.6087799,32515800
18-12-2020,Microsoft,208.8158722,209.8666922,206.3607958,208.8158722,63354900
21-12-2020,Microsoft,207.8223759,213.9839648,207.5644447,212.6370087,37181900
22-12-2020,Microsoft,212.7325896,215.5411321,211.930153,213.9266968,22612200
23-12-2020,Microsoft,213.1337502,213.5636258,210.9270431,211.137207,18699600
24-12-2020,Microsoft,211.5193699,213.6114481,211.3092059,212.7899017,10550600
28-12-2020,Microsoft,214.4138722,215.9232254,213.0478207,214.9010773,17933500
29-12-2020,Microsoft,216.1907095,217.0218034,213.5827835,214.1272888,17403200
30-12-2020,Microsoft,215.1589669,215.5410899,211.5670984,211.7677002,20272300
31-12-2020,Microsoft,211.7868178,213.028692,209.8571368,212.4746246,20942100
04-01-2021,Microsoft,212.5796787,213.0286641,205.2048736,207.9561005,37130100
05-01-2021,Microsoft,207.545356,208.7490253,206.0551128,208.1567383,23823000
06-01-2021,Microsoft,202.6829443,206.8097851,202.4632327,202.7593689,35930700
07-01-2021,Microsoft,204.4693329,209.5323497,204.1541015,208.5292969,27694500
08-01-2021,Microsoft,208.9018036,210.7168546,207.3255885,209.7997742,22956200
11-01-2021,Microsoft,208.7012362,209.1215642,207.0390341,207.7650604,23031300
12-01-2021,Microsoft,206.8193551,207.3925324,203.7815536,205.3195496,23249300
13-01-2021,Microsoft,204.4502487,207.0677221,204.3642619,206.6665039,20087100
14-01-2021,Microsoft,206.2556933,207.7363887,203.2274401,203.4949188,29480800
15-01-2021,Microsoft,203.9725419,204.9182651,202.5491614,203.1414337,31746500
19-01-2021,Microsoft,204.192258,207.2778259,203.122343,206.7619781,30480900
20-01-2021,Microsoft,207.9656956,215.6939535,207.574025,214.3087921,37777300
21-01-2021,Microsoft,214.6526828,216.1811457,212.4746327,214.910614,30709400
22-01-2021,Microsoft,216.9262793,219.7825888,215.7035147,215.8468018,30172700
25-01-2021,Microsoft,218.8750225,219.5055145,214.1941291,219.2666931,33152100
26-01-2021,Microsoft,221.4925276,223.7087827,219.7921204,221.9415131,49169600
27-01-2021,Microsoft,227.3580012,229.6889007,219.8494549,222.4860382,69870600
28-01-2021,Microsoft,225.074828,231.7904842,224.5780754,228.2463684,49111200
29-01-2021,Microsoft,225.4378894,227.3771183,221.0053641,221.588089,42503100
01-02-2021,Microsoft,224.5494165,231.6567432,222.0370108,228.9341736,33314200
02-02-2021,Microsoft,230.5104149,231.4752481,228.017119,228.8004456,25916300
03-02-2021,Microsoft,228.8577768,234.1309428,228.561626,232.1343994,27158100
04-02-2021,Microsoft,231.809604,232.3636714,229.6219919,231.1886597,25296100
05-02-2021,Microsoft,231.3988051,232.4018578,229.6697407,231.3701477,18054800
08-02-2021,Microsoft,232.2776694,232.7839696,230.0423048,231.6280823,22211900
09-02-2021,Microsoft,231.0549133,233.815688,230.5868327,232.8699646,23565000
10-02-2021,Microsoft,234.0449483,234.9238092,230.1187243,231.9624329,22186700
11-02-2021,Microsoft,233.8347962,234.1882472,231.3223905,233.5577698,15751100
12-02-2021,Microsoft,233.0227855,234.3315366,231.8764458,234.0354004,16561100
16-02-2021,Microsoft,234.0736782,235.1244984,232.0580246,232.8031464,26728500
17-02-2021,Microsoft,231.0604897,233.923363,230.6966404,233.8180389,21653500
18-02-2021,Microsoft,231.5200734,233.5595082,230.6200344,233.4254608,16925600
19-02-2021,Microsoft,233.387151,233.492475,229.9689199,230.7253418,25262600
22-02-2021,Microsoft,227.3262651,227.8145775,222.5196825,224.539978,36446900
23-02-2021,Microsoft,220.5376964,224.8463824,219.0057134,223.3527069,30228700
24-02-2021,Microsoft,220.2313291,225.2006834,219.2642736,224.5783234,26339700
25-02-2021,Microsoft,222.2133276,224.6166119,218.1918898,219.2546997,39542200
26-02-2021,Microsoft,221.6866806,225.3634224,219.7812786,222.5005493,37819200
01-03-2021,Microsoft,225.8708906,227.3741503,223.2378047,226.866684,25324000
02-03-2021,Microsoft,226.9337052,227.2113842,223.525058,223.9272003,22812500
03-03-2021,Microsoft,222.2898925,223.6495205,217.5982036,217.8854523,34029500
04-03-2021,Microsoft,217.1003282,222.6058714,214.725753,217.090744,44727800
05-03-2021,Microsoft,219.7621358,223.3527074,216.8322317,221.7537079,41872800
08-03-2021,Microsoft,221.5335071,223.4484789,217.4737762,217.7227173,35267400
09-03-2021,Microsoft,222.9792873,225.3730017,221.8207231,223.8410187,33080500
10-03-2021,Microsoft,226.9241512,226.9241512,222.1750148,222.5388641,29746800
11-03-2021,Microsoft,224.9708569,229.0018637,224.3484824,227.0485992,29907600
12-03-2021,Microsoft,224.0612642,225.7943259,223.3144264,225.7272949,22653700
15-03-2021,Microsoft,224.9708411,225.1910587,221.9547524,224.8272095,26034900
16-03-2021,Microsoft,226.2347307,229.8540256,225.909189,227.6039429,28092200
17-03-2021,Microsoft,226.1102559,228.4082304,223.3143992,226.9624176,29562100
18-03-2021,Microsoft,222.6729032,224.2336098,220.5377139,220.9111328,34833000
19-03-2021,Microsoft,221.1983527,222.586704,219.5993533,220.556839,46430700
22-03-2021,Microsoft,220.4802422,226.8283627,220.3557644,225.9570618,30127000
23-03-2021,Microsoft,227.393322,230.8019693,226.9911797,227.4794922,31638400
24-03-2021,Microsoft,227.7380214,227.8816384,225.3155833,225.4496307,25620100
25-03-2021,Microsoft,225.2964296,226.8667059,221.7250114,222.462265,34061900
26-03-2021,Microsoft,221.7058709,226.6465018,221.7058709,226.4262695,25479900
29-03-2021,Microsoft,226.5315803,226.7326588,222.02183,225.2389832,25227500
30-03-2021,Microsoft,223.6016569,223.9080594,221.2749734,221.9930878,24792000
31-03-2021,Microsoft,223.0080346,228.9348744,222.5101378,225.7464447,43623500
01-04-2021,Microsoft,228.3316273,232.5158353,227.929485,232.0466766,30338000
05-04-2021,Microsoft,232.4392698,239.3331799,232.381823,238.4810181,36910600
06-04-2021,Microsoft,237.083062,238.7969552,236.3841015,237.3224335,22931900
07-04-2021,Microsoft,237.2745237,240.2618744,236.6808873,239.2756653,22719800
08-04-2021,Microsoft,242.0236873,243.3354381,241.2864191,242.4832764,23625200
09-04-2021,Microsoft,242.1194296,245.1067952,241.7077177,244.9727478,24326800
12-04-2021,Microsoft,243.8812019,246.7153662,243.7950171,245.0301819,27148700
13-04-2021,Microsoft,246.322845,248.1707859,245.9111039,247.5005341,23837500
14-04-2021,Microsoft,246.5334629,247.8260454,244.3120888,244.7238007,23070900
15-04-2021,Microsoft,246.9643001,248.8792717,246.7728205,248.4675598,25627500
16-04-2021,Microsoft,248.4388193,249.9037713,246.6483257,249.6548157,24878600
19-04-2021,Microsoft,249.1282496,250.3634146,246.8590128,247.7398834,23209300
20-04-2021,Microsoft,246.8589621,249.1377827,245.9206157,247.2802582,19722900
21-04-2021,Microsoft,247.9313409,249.5973566,246.3131878,249.5016022,24030400
22-04-2021,Microsoft,249.1473845,250.6506443,244.7716818,246.2366486,25606200
23-04-2021,Microsoft,246.9164712,250.3921497,246.3323896,250.0474396,21462600
26-04-2021,Microsoft,250.5357738,251.2826117,249.1091291,250.4304352,19763300
27-04-2021,Microsoft,250.4591623,252.0007299,249.061241,250.8325958,31014200
28-04-2021,Microsoft,245.1929165,245.633381,242.1959963,243.7375488,46903100
29-04-2021,Microsoft,244.5992984,245.2120887,238.4139345,241.774704,40589000
30-04-2021,Microsoft,239.1225025,242.3205015,238.9884551,241.4587555,30945100
03-05-2021,Microsoft,242.6269113,243.5365346,240.4438447,241.1523895,19626600
04-05-2021,Microsoft,240.3002141,240.5300159,235.3117066,237.2554016,32756100
05-05-2021,Microsoft,238.4714007,238.8926968,235.3691562,235.9915161,21901300
06-05-2021,Microsoft,235.972378,239.2374081,234.2872082,239.1129303,26491100
07-05-2021,Microsoft,241.4300196,243.4886226,240.4916877,241.7268524,27032900
10-05-2021,Microsoft,240.2044505,241.0278889,236.6138789,236.6713257,29299900
11-05-2021,Microsoft,234.15318,236.116029,232.257362,235.7617493,33641600
12-05-2021,Microsoft,231.8743551,233.9904053,227.9486717,228.8391266,36684400
13-05-2021,Microsoft,231.5200961,235.1585455,231.1562468,232.6977997,29624300
14-05-2021,Microsoft,235.1393667,238.5863069,235.0531965,237.6000977,23901100
17-05-2021,Microsoft,236.0681284,236.1064214,233.1669476,234.7563629,24970200
18-05-2021,Microsoft,235.8000333,235.9340807,232.5732962,232.7456512,20168000
19-05-2021,Microsoft,229.6650449,233.4270547,228.9836683,233.3214874,25739800
20-05-2021,Microsoft,234.127656,237.9568371,234.0316804,236.5460815,21800700
21-05-2021,Microsoft,237.5921144,238.3214786,234.8761711,235.2888336,21863100
24-05-2021,Microsoft,237.8032463,241.0374342,237.5345323,240.6727448,21411500
25-05-2021,Microsoft,241.6228321,242.5633307,240.7111232,241.5748444,17704300
26-05-2021,Microsoft,241.2965319,242.7456832,240.6439452,241.354126,17771600
27-05-2021,Microsoft,241.0470299,241.3445336,239.2044139,239.2619934,24426200
28-05-2021,Microsoft,240.8839181,241.9203925,239.5019523,239.6171112,18270200
01-06-2021,Microsoft,241.1045952,241.1621746,237.0067008,237.4289551,23213300
02-06-2021,Microsoft,238.1295426,239.2235962,235.931829,237.3329926,19406700
03-06-2021,Microsoft,235.3368265,236.4116821,233.2062986,235.8070831,25307700
04-06-2021,Microsoft,237.7744776,241.5076976,237.5345534,240.6823578,25281100
07-06-2021,Microsoft,239.9049872,243.8493414,239.7418405,243.5806274,23079200
08-06-2021,Microsoft,244.8762362,245.6919843,242.3330309,242.390625,22455000
09-06-2021,Microsoft,243.5806108,245.2312902,243.0048015,243.3694763,17937600
10-06-2021,Microsoft,244.0412731,247.0835099,243.4462658,246.8723755,24563600
11-06-2021,Microsoft,247.5921621,248.0720105,246.2677758,247.4962158,18999700
14-06-2021,Microsoft,247.505772,249.4731678,246.4500998,249.4155884,19150500
15-06-2021,Microsoft,249.3004417,249.5115762,247.2946788,247.9472656,18038900
16-06-2021,Microsoft,248.945352,250.0777872,244.1660658,247.0067749,27220000
17-06-2021,Microsoft,245.7495501,251.2006205,245.6919706,250.3848724,27565500
18-06-2021,Microsoft,249.1660874,251.7284615,248.3215496,248.9741364,37202200
21-06-2021,Microsoft,249.3484355,252.8992962,247.5250174,252.0451813,26696100
22-06-2021,Microsoft,252.1315502,255.0778265,251.8244402,254.8091125,24694100
23-06-2021,Microsoft,255.2697335,256.0758752,253.7726088,254.5787506,19518700
24-06-2021,Microsoft,255.4328598,257.0547494,254.7706667,255.9414978,21446900
25-06-2021,Microsoft,255.5000756,256.4789557,254.0893202,254.3388214,25611100
28-06-2021,Microsoft,255.4616174,258.0623868,255.1929036,257.8896484,19590000
29-06-2021,Microsoft,258.0336688,260.7016246,257.1795539,260.4617004,19937800
30-06-2021,Microsoft,259.7802529,260.4232332,258.7341872,259.981781,21656500
01-07-2021,Microsoft,258.7438092,260.8839433,258.7342321,260.6536255,16725300
02-07-2021,Microsoft,261.8244557,266.7956775,261.5173458,266.4597778,26458000
06-07-2021,Microsoft,266.8245351,268.1105254,263.244855,266.4694519,31565600
07-07-2021,Microsoft,268.1392196,269.3772364,265.9799023,268.6478577,23260000
08-07-2021,Microsoft,265.7399832,267.4962444,263.7918003,266.2390442,24618600
09-07-2021,Microsoft,264.6075401,266.8436202,264.2236673,266.7380676,23916700
12-07-2021,Microsoft,267.9088125,268.4942131,265.4327797,266.1429749,18931700
13-07-2021,Microsoft,266.3350071,271.4502067,266.2102711,269.6555786,26120100
14-07-2021,Microsoft,270.9703464,272.2275466,269.2428749,271.1239014,23113700
15-07-2021,Microsoft,270.6344898,271.1239445,268.5519349,269.7035828,22604200
16-07-2021,Microsoft,270.7016823,272.6498656,268.1968584,269.4348755,26186800
19-07-2021,Microsoft,267.6883052,269.0702713,263.3888809,265.8457031,32935600
20-07-2021,Microsoft,266.8244526,269.6459631,265.1258001,268.0624695,26259700
21-07-2021,Microsoft,267.659413,270.1738137,266.1143153,270.0586548,24364300
22-07-2021,Microsoft,272.4002852,274.8763189,271.997229,274.607605,23384100
23-07-2021,Microsoft,275.788011,278.3024115,274.9530797,277.9953308,22768100
26-07-2021,Microsoft,277.352326,278.014519,275.087456,277.4002991,23176100
27-07-2021,Microsoft,277.7650553,277.909004,271.5462384,274.9915466,33604100
28-07-2021,Microsoft,277.3427981,278.45605,272.3907586,274.6844482,33566900
29-07-2021,Microsoft,274.7035945,276.9876775,274.5500395,274.953125,18168300
30-07-2021,Microsoft,273.6767156,275.1066543,272.4674884,273.4271851,20944800
02-08-2021,Microsoft,274.8187321,275.2122113,272.3043315,273.3408203,16267400
03-08-2021,Microsoft,273.9166593,275.6537081,272.553877,275.5481262,17879000
04-08-2021,Microsoft,274.6843568,275.9991364,273.1776261,274.962677,16191300
05-08-2021,Microsoft,275.3177953,277.9569613,274.5692331,277.8513794,13900200
06-08-2021,Microsoft,276.8822201,277.8323109,276.0280756,277.7939148,16589300
09-08-2021,Microsoft,278.0721022,279.7995444,276.2102884,276.7093201,16117600
10-08-2021,Microsoft,277.1604394,277.5923147,273.7055541,274.8955688,18616600
11-08-2021,Microsoft,275.634511,277.0260831,274.3389145,275.3850098,13955900
12-08-2021,Microsoft,275.0779014,278.2832852,274.7995811,278.1297302,14561300
13-08-2021,Microsoft,277.8130975,281.0952449,277.6403298,281.0472717,18249000
16-08-2021,Microsoft,281.3735086,282.937819,278.3312568,282.7266846,22507600
17-08-2021,Microsoft,280.6057196,281.603783,279.34849,281.2678833,20075300
18-08-2021,Microsoft,280.80636,283.4794229,279.1044262,279.5467529,21813000
19-08-2021,Microsoft,277.5853088,286.0275779,277.5372438,285.3544922,29850500
20-08-2021,Microsoft,288.1909334,294.075516,286.5947836,292.6524353,40817600
23-08-2021,Microsoft,291.5851937,293.652486,290.2390519,292.9313354,22830200
24-08-2021,Microsoft,293.2870763,293.8928473,290.3832543,290.9794006,18175800
25-08-2021,Microsoft,292.5947442,292.8735973,288.8640175,290.3928528,20006100
26-08-2021,Microsoft,289.4121138,290.7967252,287.4506056,287.5852051,17666100
27-08-2021,Microsoft,287.4889573,289.2966454,285.4120409,288.1908875,22605700
30-08-2021,Microsoft,289.5371192,292.5178805,289.4794295,291.9121094,16348100
31-08-2021,Microsoft,292.7101878,292.7870976,289.9024957,290.2678833,26285300
01-09-2021,Microsoft,291.219883,293.4506496,289.892961,290.2198792,18983800
02-09-2021,Microsoft,290.5755461,291.6908996,288.6332289,289.565918,16285600
03-09-2021,Microsoft,289.4121429,290.9602281,288.7102418,289.5563965,14747900
07-09-2021,Microsoft,289.4313905,289.5083003,286.729482,288.6333008,17180400
08-09-2021,Microsoft,288.2486873,289.0467477,286.0275459,288.6621399,15046800
09-09-2021,Microsoft,289.2486933,290.5179253,285.575626,285.8160095,19927000
10-09-2021,Microsoft,286.9410449,288.3833462,284.0179727,284.3352661,19633400
13-09-2021,Microsoft,286.1044357,287.0563743,282.7679115,285.565979,23652900
14-09-2021,Microsoft,288.0371069,289.7967304,286.6332755,288.2582703,21853400
15-09-2021,Microsoft,291.5948273,293.5755851,290.2102159,293.0948181,28356300
16-09-2021,Microsoft,292.0755692,293.5659352,289.1909673,293.4794006,19550800
17-09-2021,Microsoft,292.4697881,292.7870813,288.0082565,288.3351746,41372500
20-09-2021,Microsoft,284.9314054,287.2294861,278.3833601,282.9794922,38278700
21-09-2021,Microsoft,284.3160456,286.0948897,282.7583649,283.4602661,22364100
22-09-2021,Microsoft,285.315943,288.6716866,283.1813367,287.0947571,26626300
23-09-2021,Microsoft,287.3544589,289.325592,286.0852269,288.0371399,18604600
24-09-2021,Microsoft,286.7582917,288.2678778,285.5082799,287.8352051,14999000
27-09-2021,Microsoft,284.7486848,285.0659781,281.6717643,282.8544617,23571700
28-09-2021,Microsoft,278.6525375,279.5948514,271.8737346,272.6141052,43186200
29-09-2021,Microsoft,274.133377,275.7391225,272.1237742,273.0756836,26353700
30-09-2021,Microsoft,274.7198455,276.7582927,270.7871753,271.0756531,32343600
01-10-2021,Microsoft,271.2680039,278.8256774,270.4699435,277.9795227,30086300
04-10-2021,Microsoft,276.3448373,276.68138,269.4698758,272.2198486,31350700
05-10-2021,Microsoft,273.1236512,279.2293964,273.1236512,277.6524963,24993000
06-10-2021,Microsoft,274.7872038,282.3352521,274.5276002,281.8352356,28002600
07-10-2021,Microsoft,283.8255024,285.2293627,282.61399,283.5082092,20430500
08-10-2021,Microsoft,284.8255057,285.2293627,282.460141,283.5082092,17685700
11-10-2021,Microsoft,281.6525328,286.5082674,281.4890591,282.9121399,19298600
12-10-2021,Microsoft,283.9794093,284.0755685,281.1044324,281.6140442,17974100
13-10-2021,Microsoft,283.5659981,285.8448291,282.2006069,284.9121399,23416300
14-10-2021,Microsoft,287.7005019,291.6043266,286.3735807,291.1043396,27262900
15-10-2021,Microsoft,290.7101153,292.7389668,288.9601168,292.5081787,25384800
18-10-2021,Microsoft,291.8928197,296.3543212,291.0466653,295.4697266,22729300
19-10-2021,Microsoft,296.4889756,297.4024151,295.4024376,296.3735962,17682100
20-10-2021,Microsoft,297.3159547,297.7871264,294.3351931,295.5852051,16537100
21-10-2021,Microsoft,295.3543713,299.0562533,294.5755019,298.8062744,16918100
22-10-2021,Microsoft,298.4601762,299.1236371,295.9601817,297.2678833,17449300
25-10-2021,Microsoft,297.4601338,297.4986034,294.6716912,296.2774658,17554500
26-10-2021,Microsoft,299.0371149,300.3832568,296.7294389,298.1813354,28107300
27-10-2021,Microsoft,303.8447112,313.5562094,303.8447112,310.7389221,52588700
28-10-2021,Microsoft,311.8543162,312.3735528,308.998559,311.8735657,26297900
29-10-2021,Microsoft,311.6620414,319.2293098,311.440878,318.8639221,34766000
01-11-2021,Microsoft,318.6138827,318.7388868,313.8158375,316.7004395,27073200
02-11-2021,Microsoft,317.604233,320.6234632,317.3061598,320.3157654,26487100
03-11-2021,Microsoft,321.056154,322.0176878,317.9311689,321.1523132,21500100
04-11-2021,Microsoft,320.0851008,323.5946944,316.8351109,323.4985352,23992200
05-11-2021,Microsoft,325.4888877,325.7581161,321.5562172,323.1331177,22570100
08-11-2021,Microsoft,324.3253864,324.6619292,321.5754134,324.0273132,20897000
09-11-2021,Microsoft,324.1427586,325.6908438,321.6620134,323.0274048,21307400
10-11-2021,Microsoft,321.7004106,321.7581003,317.2292837,318.0754089,25500900
11-11-2021,Microsoft,318.5080669,320.9311214,317.7965412,319.6426697,16849800
12-11-2021,Microsoft,321.0754472,324.2581224,320.9504431,323.7677307,23831000
15-11-2021,Microsoft,324.5561868,324.8831049,321.1811932,323.1427307,16723000
16-11-2021,Microsoft,322.7677174,327.5657919,322.604273,326.4504089,20886800
17-11-2021,Microsoft,326.4985503,329.6292528,325.5930525,326.671936,19053400
18-11-2021,Microsoft,325.7664697,329.8797502,324.7453813,328.743042,22463500
19-11-2021,Microsoft,330.0628138,332.432507,329.6389625,330.5155334,21963400
22-11-2021,Microsoft,331.9700165,336.8346636,327.0861141,327.355835,31031100
23-11-2021,Microsoft,324.6779412,326.9898682,321.3160575,325.2848206,30427600
24-11-2021,Microsoft,323.9362361,325.747232,321.6532359,325.5064087,21661300
26-11-2021,Microsoft,322.0771143,325.5256913,316.0757866,317.5785217,24217200
29-11-2021,Microsoft,322.6453783,326.5852434,322.452708,324.2733459,28563500
30-11-2021,Microsoft,323.0114653,325.3811582,316.9138032,318.4550781,42885600
01-12-2021,Microsoft,322.8283925,326.8260526,317.2991,317.9637451,33337600
02-12-2021,Microsoft,318.1757119,321.2486193,315.767479,317.3954468,30766000
03-12-2021,Microsoft,319.803611,320.4875701,306.3560499,311.1532593,41779300
06-12-2021,Microsoft,312.0588161,315.430342,307.5120714,314.2165833,30032600
07-12-2021,Microsoft,319.466529,323.4738024,317.9830495,322.6261292,31021900
08-12-2021,Microsoft,323.0017715,323.1847995,318.6573107,322.6742554,24761000
09-12-2021,Microsoft,322.1348364,324.138473,319.928887,320.8729248,22214200
10-12-2021,Microsoft,322.6838774,330.4094761,322.5008494,329.9663696,38095700
13-12-2021,Microsoft,328.1746949,331.1705518,326.6334201,326.9416809,28899400
14-12-2021,Microsoft,320.9885648,322.3564541,312.2129483,316.2876892,44438700
15-12-2021,Microsoft,316.5477593,322.8862449,312.5886384,322.3660583,35381100
16-12-2021,Microsoft,323.387103,324.3985784,311.1629118,312.9739075,35034800
17-12-2021,Microsoft,309.1015071,312.9932197,305.6047483,311.9143066,47750300
20-12-2021,Microsoft,308.3019905,310.951047,305.9130421,308.1671448,28326500
21-12-2021,Microsoft,311.4230421,315.7000659,308.0611291,315.2762146,24740600
22-12-2021,Microsoft,316.2490791,321.3641625,313.7926937,320.9692383,24831500
23-12-2021,Microsoft,320.5358109,324.0422122,320.5165556,322.4046021,19617800
27-12-2021,Microsoft,323.1462616,329.9085973,323.117364,329.8796997,19947000
28-12-2021,Microsoft,330.5540058,331.1897828,327.8278994,328.7237549,15661500
29-12-2021,Microsoft,328.7718768,331.6617557,327.2113469,329.3980408,15042000
30-12-2021,Microsoft,329.3595804,330.5347993,326.3830079,326.8646545,15994500
31-12-2021,Microsoft,326.084407,326.9031828,323.5220435,323.9747925,18000800
03-01-2022,Microsoft,323.0403536,325.5930745,317.6748038,322.4623718,28865100
04-01-2022,Microsoft,322.5394185,322.8958616,314.1491438,316.933075,32674300
05-01-2022,Microsoft,313.8986934,314.1010061,304.3813817,304.7666931,40054300
06-01-2022,Microsoft,301.6552449,307.0015395,300.0561747,302.3584595,39646100
07-01-2022,Microsoft,302.6185214,304.882266,298.7075537,302.5125732,32720000
10-01-2022,Microsoft,298.1295907,303.1676245,293.5057953,302.7341309,44289500
11-01-2022,Microsoft,301.8767855,304.9882033,298.5149021,303.4180603,29386800
12-01-2022,Microsoft,307.9359141,311.5386209,305.4409591,306.5872803,34372200
13-01-2022,Microsoft,308.7065407,309.1014943,292.8411021,293.6117249,45366000
14-01-2022,Microsoft,293.0819916,299.4108358,292.600345,298.8135986,39846400
18-01-2022,Microsoft,292.9085079,298.4281579,290.6640187,291.5406189,42333200
19-01-2022,Microsoft,295.0470474,302.387336,291.5888288,292.1956787,45933900
20-01-2022,Microsoft,297.7249747,300.2102577,290.0860683,290.5291748,35380700
21-01-2022,Microsoft,291.579264,292.9471241,284.7591307,285.1637268,57984400
24-01-2022,Microsoft,281.4742044,286.2039467,265.9170001,285.4911194,85731500
25-01-2022,Microsoft,280.8191673,284.1617952,274.7022802,277.9003906,72848600
26-01-2022,Microsoft,296.684672,297.175961,282.2738136,285.8187256,90428900
27-01-2022,Microsoft,291.5502333,296.0198971,286.9938473,288.8337402,53481300
28-01-2022,Microsoft,289.2094607,297.1566278,283.6416285,296.9447021,49743700
31-01-2022,Microsoft,297.6093664,300.9134541,295.1240541,299.5648499,46444500
01-02-2022,Microsoft,299.0158194,299.227745,293.9296329,297.4263916,40950400
02-02-2022,Microsoft,298.2644275,303.5528969,297.5419577,301.9538269,36636000
03-02-2022,Microsoft,298.1295729,299.8057229,288.9493908,290.1920471,43730000
04-02-2022,Microsoft,289.1902497,297.4649349,288.9590687,294.7099304,35096500
07-02-2022,Microsoft,294.9314985,296.5401817,288.8916312,289.9031067,28533300
08-02-2022,Microsoft,290.1920261,294.3438167,288.9397569,293.3805237,32421200
09-02-2022,Microsoft,298.4956288,300.4800102,296.1066807,299.786438,31284700
10-02-2022,Microsoft,292.8795874,297.7731024,289.6621925,291.2805176,45386200
11-02-2022,Microsoft,292.0608553,293.1204837,283.4201145,284.210022,39175600
14-02-2022,Microsoft,282.9865867,285.8668529,280.655434,284.1714478,36359500
15-02-2022,Microsoft,288.9975977,289.7585782,286.1173311,289.4407043,27058300
16-02-2022,Microsoft,288.0120979,290.4253106,283.4849087,289.1028748,29982100
17-02-2022,Microsoft,286.0717658,286.4964934,279.9325691,280.6372375,32461600
18-02-2022,Microsoft,282.8766707,283.6585489,276.3706612,277.9344177,34264000
22-02-2022,Microsoft,275.1061141,281.4190837,274.6234718,277.7316895,41736100
23-02-2022,Microsoft,280.106446,281.5736983,270.3763843,270.5404663,37811200
24-02-2022,Microsoft,263.0498032,284.9135007,262.0941511,284.3632813,56989700
25-02-2022,Microsoft,284.8942093,287.2977593,281.5253448,286.9888611,32546700
28-02-2022,Microsoft,284.0931138,288.7554583,282.8285924,288.4176025,34627500
01-03-2022,Microsoft,286.110461,289.5565354,282.0079998,284.7108154,31217800
02-03-2022,Microsoft,285.1065176,291.0044233,283.5041706,289.7688599,31873000
03-03-2022,Microsoft,292.3751935,292.6068525,283.842048,285.6471558,27314500
04-03-2022,Microsoft,284.0737201,285.3961558,277.2008959,279.7974854,32356500
07-03-2022,Microsoft,278.5137303,279.6334647,268.8608786,269.2276917,43157200
08-03-2022,Microsoft,268.1560913,274.1022489,260.626882,266.2738037,48159500
09-03-2022,Microsoft,273.6003712,279.54653,271.0327096,278.4847107,35204500
10-03-2022,Microsoft,273.1949914,276.6507287,270.8396932,275.6757813,30628000
11-03-2022,Microsoft,277.9634337,279.459643,269.7295546,270.3473511,27209300
14-03-2022,Microsoft,270.6079893,275.492329,266.2449118,266.8433838,30660700
15-03-2022,Microsoft,270.6176534,277.8283335,269.0538965,277.1815796,34245100
16-03-2022,Microsoft,279.0735246,284.3440018,273.3687164,284.1702576,37826300
17-03-2022,Microsoft,283.1084123,285.3478508,279.3244826,284.971405,30816600
18-03-2022,Microsoft,285.1162098,290.5507688,282.5678729,290.0005493,43390600
21-03-2022,Microsoft,288.5140419,289.7206481,284.6625348,288.7746582,28351200
22-03-2022,Microsoft,289.3923334,294.4118255,288.3980914,293.5044556,27599700
23-03-2022,Microsoft,290.0777796,292.7033558,287.3846265,289.0931702,25715400
24-03-2022,Microsoft,288.7553469,293.6396862,287.9638062,293.5431519,24484500
25-03-2022,Microsoft,294.6338432,294.8944594,288.90005,293.1376343,22566500
28-03-2022,Microsoft,293.7651424,300.0105369,293.7651424,299.914032,29578200
29-03-2022,Microsoft,303.0125829,304.8562806,298.321283,304.4605103,30393400
30-03-2022,Microsoft,302.8677895,304.9817657,300.7634461,302.9642944,28163600
31-03-2022,Microsoft,303.0029339,304.1999072,297.2015915,297.6069946,33422100
01-04-2022,Microsoft,298.6301849,299.3638108,294.9331567,298.6784668,27110500
04-04-2022,Microsoft,299.3251719,304.1708912,298.9583589,304.0357666,24289600
05-04-2022,Microsoft,302.3947841,303.9392458,299.1128214,300.0877686,23156700
06-04-2022,Microsoft,294.5953491,296.3425127,286.4097212,289.1028748,40110400
07-04-2022,Microsoft,286.3613844,293.1087155,286.0621485,290.9078674,31411200
08-04-2022,Microsoft,290.0102459,290.6666327,285.9946565,286.6607056,24361900
11-04-2022,Microsoft,281.6605181,282.4520294,275.1062247,275.3572083,34569300
12-04-2022,Microsoft,279.1990504,280.6469781,270.7528059,272.2683105,30966700
13-04-2022,Microsoft,272.9150258,278.5619192,271.5346459,277.6352539,21907200
14-04-2022,Microsoft,278.0888929,278.3012568,269.6233559,270.1156311,28221600
18-04-2022,Microsoft,269.2275829,272.6543321,268.6773635,270.7816772,20778000
19-04-2022,Microsoft,269.6812822,276.2355745,268.7449548,275.395752,22297700
20-04-2022,Microsoft,279.3534502,279.6430534,275.4633532,276.4189758,22906700
21-04-2022,Microsoft,278.5618984,283.1180443,270.3376818,271.0616455,29454600
22-04-2022,Microsoft,271.9014526,273.3687046,263.8895995,264.5170288,29405800
25-04-2022,Microsoft,263.8027621,271.3512689,261.3702249,270.974823,35678900
26-04-2022,Microsoft,267.8665049,268.6966356,260.6268696,260.8392334,46518400
27-04-2022,Microsoft,272.3068557,280.8689274,269.4689159,273.38797,63477700
28-04-2022,Microsoft,275.2895726,280.8785798,271.6890497,279.5754395,33646600
29-04-2022,Microsoft,278.5909024,279.8168332,266.9013146,267.8858948,37073900
02-05-2022,Microsoft,268.069269,275.0482896,266.6310038,274.5946045,35151100
03-05-2022,Microsoft,274.1023307,274.2664421,270.424597,271.9980164,25978600
04-05-2022,Microsoft,272.7798902,280.7821112,267.1233341,279.9133606,33599300
05-05-2022,Microsoft,275.6274569,276.4093353,264.8162543,267.7217712,43260400
06-05-2022,Microsoft,265.2699894,269.5558575,261.852872,265.1927795,37780300
09-05-2022,Microsoft,260.6848372,262.9049806,254.1788264,255.3950653,47726000
10-05-2022,Microsoft,262.2582635,264.246748,255.868082,260.1442871,39336400
11-05-2022,Microsoft,256.4568596,261.9396702,250.2983378,251.5049438,48975900
12-05-2022,Microsoft,248.7442673,250.8582436,241.3405339,246.4855042,51033800
13-05-2022,Microsoft,248.4161527,253.9086279,246.4855823,252.0552673,34925100
16-05-2022,Microsoft,250.9354653,256.5920503,246.9005813,252.4220123,32550900
17-05-2022,Microsoft,256.8720299,259.0149642,253.3487448,257.5574036,28828800
18-05-2022,Microsoft,254.4612198,255.0417456,244.5633597,245.8308258,31356000
19-05-2022,Microsoft,245.6566455,249.3042642,243.7022393,244.9213257,32692300
20-05-2022,Microsoft,248.8881854,250.145996,238.4388406,244.3601379,39199300
23-05-2022,Microsoft,247.1950254,253.0098937,245.2018949,252.1874847,33175400
24-05-2022,Microsoft,249.5170896,252.8453758,245.2696057,251.1909027,29043900
25-05-2022,Microsoft,249.7590402,255.989927,248.7818222,253.9968109,28547900
26-05-2022,Microsoft,253.7548792,258.4377355,252.9421549,257.2670288,25002100
27-05-2022,Microsoft,259.7633362,264.4655336,258.8731927,264.3687744,26910800
31-05-2022,Microsoft,263.6818189,265.8490838,260.1986935,263.0432434,37827700
01-06-2022,Microsoft,266.2651192,268.6742672,261.2726449,263.5753784,25292200
02-06-2022,Microsoft,255.8641662,265.7329871,253.1066907,265.6652527,44008200
03-06-2022,Microsoft,261.5339193,264.571988,259.695612,261.2533264,28059000
06-06-2022,Microsoft,263.2270685,265.2782341,258.5442116,260.0245361,22400300
07-06-2022,Microsoft,257.9831308,264.2624133,257.3058455,263.6528625,22860700
08-06-2022,Microsoft,262.8884271,264.1365531,260.8566015,261.6306458,17372300
09-06-2022,Microsoft,259.08603,263.8559614,256.0383064,256.1931152,26439700
10-06-2022,Microsoft,252.1197728,252.1197728,244.3311429,244.7762146,31422800
13-06-2022,Microsoft,237.152037,240.9350949,233.6882667,234.3945618,46135800
14-06-2022,Microsoft,235.9426649,237.7616322,233.6689558,236.5522156,28651500
15-06-2022,Microsoft,240.2481345,247.0111959,238.4194976,243.5861206,33111700
16-06-2022,Microsoft,237.9938201,239.3870703,235.12993,237.0166168,33169200
17-06-2022,Microsoft,236.7553687,242.3670641,236.1071232,239.6095886,43084800
21-06-2022,Microsoft,242.1348658,246.4790954,241.4092158,245.5018921,29928300
22-06-2022,Microsoft,243.7119205,248.820509,242.241266,244.9116669,25939900
23-06-2022,Microsoft,247.2724645,250.9490788,245.3954478,250.4556274,25861400
24-06-2022,Microsoft,253.3099117,259.2796057,253.2228373,259.0086975,33923200
27-06-2022,Microsoft,259.5020434,259.5891178,254.7321123,256.289856,24615100
28-06-2022,Microsoft,255.4094382,258.2443036,247.99813,248.1529388,27295500
29-06-2022,Microsoft,249.2268391,253.4646387,247.4562518,251.8101654,20069800
30-06-2022,Microsoft,248.7044051,251.1038982,244.6891481,248.4915466,31730900
01-07-2022,Microsoft,248.0658485,251.3360859,246.3436258,251.1522522,22837700
05-07-2022,Microsoft,247.8432423,254.441824,246.4693473,254.31604,22941000
06-07-2022,Microsoft,255.1868629,259.2891939,253.8806872,257.5669861,23824400
07-07-2022,Microsoft,256.512345,260.3244274,256.4155858,259.6858521,20859900
08-07-2022,Microsoft,256.1931246,259.3956572,254.7418248,258.9699402,19658800
11-07-2022,Microsoft,257.0251832,257.8766171,253.6678419,255.9222107,19455200
12-07-2022,Microsoft,257.2477298,257.3057795,243.8570592,245.4341431,35868500
13-07-2022,Microsoft,242.0671415,245.3180537,240.0546706,244.5149994,29497400
14-07-2022,Microsoft,242.4347897,246.8564086,237.9551065,245.8308258,25102800
15-07-2022,Microsoft,247.4175834,251.9166067,246.4984298,248.3851166,29774100
18-07-2022,Microsoft,251.3167481,252.3713558,245.076162,245.9953156,20975000
19-07-2022,Microsoft,249.2172106,251.287746,245.4438367,251.1039124,25012600
20-07-2022,Microsoft,251.4618947,256.2705363,250.5040462,253.7549438,22788300
21-07-2022,Microsoft,251.3554249,256.2898494,248.6850242,256.2414551,22404700
22-07-2022,Microsoft,256.628488,256.7155624,250.6588249,251.9069214,21881300
25-07-2022,Microsoft,252.5261653,253.0099319,248.4721988,250.4266052,21056000
26-07-2022,Microsoft,251.4231593,251.4425288,241.4672641,243.7216034,39348000
27-07-2022,Microsoft,252.6810031,261.2823589,250.4460035,260.0148926,45994000
28-07-2022,Microsoft,260.9921073,268.8194481,259.1731399,267.4358826,33459300
29-07-2022,Microsoft,268.6839948,272.844376,267.6487272,271.6252747,32152800
01-08-2022,Microsoft,268.8001141,272.1477711,266.8843875,268.9839478,21539600
02-08-2022,Microsoft,267.0391736,268.8678256,263.536708,265.8974915,22754200
03-08-2022,Microsoft,267.7745563,274.2957221,267.6294027,273.2991638,23518900
04-08-2022,Microsoft,272.6508838,274.5859505,271.0738293,274.4408264,18098700
05-08-2022,Microsoft,270.0868887,274.4407881,269.6321469,273.724823,16774600
08-08-2022,Microsoft,274.8277824,276.6370942,270.2513694,271.2189026,18739200
09-08-2022,Microsoft,270.5610611,273.889349,268.5969399,273.1346741,23405200
10-08-2022,Microsoft,278.8140328,280.4007717,277.6239564,279.7718811,24687800
11-08-2022,Microsoft,281.4071163,281.7554141,277.2080245,277.7014465,20065900
12-08-2022,Microsoft,279.1139854,282.4326172,277.623976,282.4326172,22619700
15-08-2022,Microsoft,281.5521778,284.6289264,280.691059,283.9419861,18085700
16-08-2022,Microsoft,282.5100094,284.4934702,280.9910048,283.2066345,18102900
17-08-2022,Microsoft,280.9280583,284.4282819,280.6662805,282.460022,18253400
18-08-2022,Microsoft,281.3644128,283.0321034,280.288156,281.3450317,17186200
19-08-2022,Microsoft,280.1135986,280.4529599,276.8751825,277.4472351,20570000
22-08-2022,Microsoft,273.5010942,273.869542,268.7889155,269.3027954,25061100
23-08-2022,Microsoft,268.0326538,270.379038,267.024275,268.0326538,17527400
24-08-2022,Microsoft,267.033957,268.7986124,266.7430631,267.4024048,18137000
25-08-2022,Microsoft,268.8954719,270.5340759,266.1709356,270.3692627,16583400
26-08-2022,Microsoft,270.5923365,271.8140256,259.8299441,259.9365845,27549300
29-08-2022,Microsoft,257.7646523,259.2674999,255.8254787,257.1635132,20338500
30-08-2022,Microsoft,258.5596809,258.9280989,252.7324557,254.9721985,22767100
31-08-2022,Microsoft,257.3186924,258.9863535,253.3821422,253.5178986,24791800
01-09-2022,Microsoft,250.9969562,252.9555407,247.6421938,252.480423,23263400
02-09-2022,Microsoft,253.7408994,256.6884222,246.7307756,248.2724152,22855400
06-09-2022,Microsoft,248.4081753,249.9885771,244.2777256,245.5478821,21328200
07-09-2022,Microsoft,246.9537779,250.9581617,245.5187935,250.2406769,24126700
08-09-2022,Microsoft,249.6782997,252.5094765,247.0410077,250.6575623,20319900
09-09-2022,Microsoft,252.5773454,257.1635014,252.3737405,256.4169006,22084700
12-09-2022,Microsoft,257.6967779,259.3160009,257.0956389,258.5403137,18747700
13-09-2022,Microsoft,250.9678636,252.4804168,243.9383588,244.3262024,33353300
14-09-2022,Microsoft,245.8193661,246.4980739,242.2609839,244.5492096,23913000
15-09-2022,Microsoft,242.1737377,243.7541544,236.5986127,237.9172516,31530900
16-09-2022,Microsoft,236.8312796,237.8396582,234.6981914,237.2966919,39791800
19-09-2022,Microsoft,235.0957181,237.6845131,233.5249922,237.083374,26826900
20-09-2022,Microsoft,234.7079068,236.1040995,232.3518029,235.0763397,26660300
21-09-2022,Microsoft,236.8409944,240.1278934,231.6343027,231.682785,28625600
22-09-2022,Microsoft,230.6356309,236.4434618,230.3447667,233.6510468,31061200
23-09-2022,Microsoft,232.2548539,233.7965085,228.0468501,230.6841278,34176000
26-09-2022,Microsoft,229.84058,234.1067565,229.6951331,230.2284088,27694200
27-09-2022,Microsoft,232.6814181,234.4460731,227.368087,229.2200012,27018700
28-09-2022,Microsoft,229.6078623,234.9599859,227.5911198,233.7383118,29029700
29-09-2022,Microsoft,231.6246419,232.6524017,227.2808962,230.2769165,27484200
30-09-2022,Microsoft,231.0428606,233.2244312,225.6519597,225.8167877,35694800
03-10-2022,Microsoft,228.2504355,234.2618708,227.5232454,233.418335,28880400
04-10-2022,Microsoft,237.6360334,242.7457601,237.5293782,241.3107758,34888400
05-10-2022,Microsoft,238.5086673,242.9590673,236.6761488,241.6210327,20347100
06-10-2022,Microsoft,240.3896914,242.7263995,238.5959643,239.2843628,20239900
07-10-2022,Microsoft,233.573465,233.9807045,226.0785628,227.1160278,37769600
10-10-2022,Microsoft,225.9622193,227.4262901,219.8344232,222.2777863,29743600
11-10-2022,Microsoft,220.6973748,222.0935824,217.29413,218.5545959,30474000
12-10-2022,Microsoft,218.544855,220.930045,217.1486625,218.8842163,21903900
13-10-2022,Microsoft,213.1636737,228.91946,212.46557,227.1160278,42551800
14-10-2022,Microsoft,228.3764766,230.0247861,221.3954544,221.6087646,30198600
17-10-2022,Microsoft,228.6480143,231.6925169,227.9886874,230.3059998,28142300
18-10-2022,Microsoft,235.842338,236.5113406,228.2116786,231.2464905,26329600
19-10-2022,Microsoft,229.8308844,232.32273,227.1645203,229.2879181,19985700
20-10-2022,Microsoft,228.5994931,233.9709977,227.7268561,228.967926,21811000
21-10-2022,Microsoft,227.6008368,235.6096194,227.3681306,234.7563782,26299700
24-10-2022,Microsoft,236.3464833,240.3023994,233.9613079,239.7303467,24911200
25-10-2022,Microsoft,239.7400323,243.4050693,238.3535302,243.0366364,34775500
26-10-2022,Microsoft,224.1393889,231.0525478,223.0631469,224.2848358,82543200
27-10-2022,Microsoft,224.0133419,226.582756,218.9133204,219.8538208,40424600
28-10-2022,Microsoft,219.3593305,229.4042507,219.1751066,228.6964417,40647700
31-10-2022,Microsoft,226.6506376,227.775362,224.1200151,225.0702209,28357300
01-11-2022,Microsoft,227.4650879,228.5704164,220.4161872,221.2306366,30592300
02-11-2022,Microsoft,222.4814161,224.2654525,213.3478945,213.4060822,38407000
03-11-2022,Microsoft,213.3964088,213.7066838,207.4722314,207.734024,36633900
04-11-2022,Microsoft,210.9336199,214.8507442,206.9389121,214.6568298,36789100
07-11-2022,Microsoft,215.2385826,221.4633282,214.5501695,220.939743,33498000
08-11-2022,Microsoft,221.7445348,224.6048134,218.9715155,221.9093628,28192500
09-11-2022,Microsoft,220.4549803,221.6766694,217.5074425,217.6819611,27852900
10-11-2022,Microsoft,228.2698262,235.9295713,227.852911,235.59021,46268000
11-11-2022,Microsoft,235.5999114,240.4478456,234.572137,239.5946045,34620200
14-11-2022,Microsoft,234.6303407,236.4919458,231.9348903,234.2037201,31123300
15-11-2022,Microsoft,238.1887092,239.4879521,232.7299305,234.6109314,31390100
16-11-2022,Microsoft,236.0693828,237.0514348,233.764991,235.0387268,24093300
17-11-2022,Microsoft,231.1980731,236.5166607,231.0522312,234.9901123,23123500
18-11-2022,Microsoft,236.7694666,236.9931107,232.4134803,234.5428619,27613500
21-11-2022,Microsoft,234.7470208,237.8973404,234.5136737,235.3498688,26394700
22-11-2022,Microsoft,236.8472486,238.519639,234.0469792,238.2473907,19665700
23-11-2022,Microsoft,238.3251769,241.4074272,237.5084322,240.7268066,19508500
25-11-2022,Microsoft,240.4643028,241.8158261,239.9003558,240.639328,9200800
28-11-2022,Microsoft,239.268328,239.8225423,234.1344834,235.0679016,24778200
29-11-2022,Microsoft,234.7178948,236.0694181,231.6162084,233.6775208,17956300
30-11-2022,Microsoft,233.9108607,248.2622882,233.2205075,248.0775452,47594200
01-12-2022,Microsoft,246.8426905,249.0304088,243.9743516,247.6399994,26041500
02-12-2022,Microsoft,242.9048489,248.9721127,242.7784426,247.960907,21528500
05-12-2022,Microsoft,245.0341876,246.794098,241.1935292,243.274292,23435300
06-12-2022,Microsoft,243.8771473,244.8883529,237.0320108,238.3349152,22463700
07-12-2022,Microsoft,238.0529405,239.346127,235.5054687,237.6056671,20481500
08-12-2022,Microsoft,238.0626533,241.8547075,236.3319261,240.5517883,22611800
09-12-2022,Microsoft,237.9265463,241.4366198,237.4015004,238.6266174,20609700
12-12-2022,Microsoft,240.6004217,245.5495236,240.3281734,245.5203552,30665100
13-12-2022,Microsoft,254.4462254,256.614508,246.0648383,249.8082733,42196900
14-12-2022,Microsoft,250.0124399,255.3212944,247.2704926,250.0999451,35410900
15-12-2022,Microsoft,246.696895,247.1636042,240.4934921,242.1172638,35560400
16-12-2022,Microsoft,241.6699776,242.9242631,236.7694798,237.9168243,86102000
19-12-2022,Microsoft,238.0821214,238.4224391,232.1023632,233.7941895,29696400
20-12-2022,Microsoft,232.7732514,236.1861019,231.8203826,235.1068268,25150800
21-12-2022,Microsoft,234.9998561,238.8210638,233.4635898,237.6640015,23690600
22-12-2022,Microsoft,234.5817688,235.2915726,227.3963291,231.596756,28651700
23-12-2022,Microsoft,229.5742784,232.257874,227.4643476,232.1217499,21207000
27-12-2022,Microsoft,232.0925981,232.3162273,229.3020466,230.4007721,16688600
28-12-2022,Microsoft,230.3327297,233.0843952,227.6880199,228.0380554,17457100
29-12-2022,Microsoft,229.1270219,235.2234676,229.1270219,234.3386536,19770700
30-12-2022,Microsoft,231.6161604,233.3177189,230.1090627,233.1815948,21938500
03-01-2023,Microsoft,236.351375,238.9474657,230.8285937,232.9482574,25740000
04-01-2023,Microsoft,225.8503456,226.4240105,219.7052948,222.7583771,50623400
05-01-2023,Microsoft,220.910952,221.2512697,215.6215324,216.156311,39585600
06-01-2023,Microsoft,216.8272119,219.510808,213.2782523,218.7037811,43613600
09-01-2023,Microsoft,220.1817082,224.8391261,220.142822,220.8331604,27369800
10-01-2023,Microsoft,221.4554348,224.9071712,221.0373446,222.515274,27033900
11-01-2023,Microsoft,224.8877274,229.418739,224.7127171,229.2437286,28669300
12-01-2023,Microsoft,228.7478298,233.2593906,227.0948899,231.9078674,27269500
13-01-2023,Microsoft,230.4396728,232.7440648,228.4172469,232.6079407,21333300
17-01-2023,Microsoft,231.3828054,234.2414263,230.5271598,233.6969299,29831300
18-01-2023,Microsoft,234.8831766,235.6707529,229.000642,229.282608,30028700
19-01-2023,Microsoft,227.3088064,229.0006474,224.2946106,225.5100098,28623000
20-01-2023,Microsoft,228.3589094,234.0761516,228.0185917,233.5705414,35389800
23-01-2023,Microsoft,234.4261907,238.3835226,233.0163158,235.8652191,31934000
24-01-2023,Microsoft,235.7874223,237.1972823,233.784447,235.3401489,40234400
25-01-2023,Microsoft,227.9894009,236.5652633,224.5084964,233.9497223,66526600
26-01-2023,Microsoft,236.9055679,241.4365789,235.3012471,241.1351624,33454500
27-01-2023,Microsoft,242.097783,242.9145276,239.9975698,241.2907562,26498900
30-01-2023,Microsoft,237.7417858,238.8016251,235.4957306,235.9916229,25867400
31-01-2023,Microsoft,236.7111418,241.0865788,236.2249821,240.9504547,26541100
01-02-2023,Microsoft,241.1352061,248.1164521,238.6752392,245.7537231,31259900
02-02-2023,Microsoft,251.6557511,257.363262,250.1292023,257.2757568,39940400
03-02-2023,Microsoft,252.355747,256.8867583,249.9832856,251.1986847,29077300
06-02-2023,Microsoft,250.3138815,251.1500619,247.7275087,249.6624146,22518000
07-02-2023,Microsoft,253.3183144,261.3302149,252.8807589,260.153717,50841400
08-02-2023,Microsoft,265.6376479,269.0991022,258.8411157,259.3467407,54686000
09-02-2023,Microsoft,266.2209868,266.3960268,255.5254756,256.3227844,42375100
10-02-2023,Microsoft,254.2906362,256.7797709,253.4447233,255.8171844,25818500
13-02-2023,Microsoft,260.2315041,266.9988369,259.7550476,263.8096313,44630900
14-02-2023,Microsoft,265.1223291,267.3586517,261.8261523,264.6361694,37047900
15-02-2023,Microsoft,261.5462108,263.8953734,259.4602213,262.5209656,28922400
16-02-2023,Microsoft,257.3547385,260.0060726,255.2882632,255.5319519,29603600
17-02-2023,Microsoft,252.8416369,253.5239474,249.5372042,251.5451965,30000100
21-02-2023,Microsoft,248.055548,249.0400596,245.2385077,246.2912445,28397400
22-02-2023,Microsoft,247.6754373,247.919126,244.0201069,245.1605682,22491100
23-02-2023,Microsoft,249.1082912,250.3559759,244.1565359,248.3382416,29219100
24-02-2023,Microsoft,243.6496838,244.6634221,241.8366395,242.92836,24990900
27-02-2023,Microsoft,246.0865584,246.4374706,243.0940545,243.8446198,21190000
28-02-2023,Microsoft,242.7821815,245.1410863,242.4507536,243.1233368,22491000
01-03-2023,Microsoft,244.4294802,244.5951867,239.5849482,240.0528412,27565300
02-03-2023,Microsoft,240.3257662,245.0533175,239.4094945,244.7706451,24808200
03-03-2023,Microsoft,245.8234077,249.1668094,245.0436009,248.8451385,30760100
06-03-2023,Microsoft,249.956329,253.553176,249.5176923,250.3852234,24109800
07-03-2023,Microsoft,249.8296033,251.1845265,246.9930785,247.7338867,21473200
08-03-2023,Microsoft,247.6266859,248.1140632,244.4782322,247.2952728,17340200
09-03-2023,Microsoft,249.3617451,253.007318,245.22878,245.9501038,26653400
10-03-2023,Microsoft,244.7414146,246.4082368,241.3492724,242.31427,28333900
13-03-2023,Microsoft,241.1543297,251.3990121,239.526491,247.5097351,33339700
14-03-2023,Microsoft,250.2682663,254.4792137,249.4007352,254.2062836,33620300
15-03-2023,Microsoft,253.4167093,259.7526142,252.6661293,258.7388611,46028000
16-03-2023,Microsoft,258.5146605,269.5781313,256.6333913,269.2272339,54768800
17-03-2023,Microsoft,271.2352252,276.1772084,269.3441989,272.3756714,69527400
20-03-2023,Microsoft,269.9875988,270.4749762,263.0375922,265.3575134,43466600
21-03-2023,Microsoft,267.9405527,268.0575185,262.7158525,266.8683167,34558700
22-03-2023,Microsoft,266.497918,273.9450579,265.3087161,265.4159546,34873300
23-03-2023,Microsoft,270.9233513,273.9645815,268.2525327,270.6504211,36610900
24-03-2023,Microsoft,270.2409886,273.5454214,268.3304777,273.4869385,28172000
27-03-2023,Microsoft,273.4187256,274.3544818,268.5644359,269.4027405,26840200
28-03-2023,Microsoft,268.8275679,269.168738,265.1819657,268.2817078,21878600
29-03-2023,Microsoft,271.9175487,274.0425365,271.3814456,273.4284363,25087000
30-03-2023,Microsoft,277.0545984,277.278773,274.3740224,276.8791199,25053400
31-03-2023,Microsoft,276.5671228,281.9672416,275.8555412,281.0217285,32766000
03-04-2023,Microsoft,279.2867235,280.9925443,276.7816264,279.9788208,24883300
04-04-2023,Microsoft,279.9788398,283.1175516,278.4582247,279.9300842,25824300
05-04-2023,Microsoft,278.6336016,279.9007706,275.7775778,277.1617126,22064800
06-04-2023,Microsoft,276.0602881,284.7063581,274.9100847,284.2384949,29770300
10-04-2023,Microsoft,281.9088111,282.2889797,277.5224147,282.0842896,23103000
11-04-2023,Microsoft,278.5361157,278.76032,274.5298888,275.6898193,27276600
12-04-2023,Microsoft,277.6004205,279.7643773,274.8418478,276.3332214,27403400
13-04-2023,Microsoft,276.4306417,282.5813406,276.0212614,282.5228577,24222700
14-04-2023,Microsoft,279.7545343,281.1971817,276.5280994,278.9162598,20987900
17-04-2023,Microsoft,282.6106022,284.2384556,278.935788,281.5091248,23836200
18-04-2023,Microsoft,284.2091923,284.394398,279.7643139,281.0899658,20161800
19-04-2023,Microsoft,278.7701116,281.7528589,277.356735,281.1680298,17150300
20-04-2023,Microsoft,278.0487797,281.7333513,277.8830583,278.8870544,23244400
21-04-2023,Microsoft,277.8148324,279.0430031,275.914049,278.5458984,21676400
24-04-2023,Microsoft,274.9685143,277.7563278,271.6835961,274.6565857,26611000
25-04-2023,Microsoft,272.4537235,274.4909575,268.4182244,268.46698,45772200
26-04-2023,Microsoft,289.2097707,292.0073123,285.3399928,287.9133301,64599200
27-04-2023,Microsoft,288.4981481,297.4951447,287.7963236,297.1344604,46462600
28-04-2023,Microsoft,296.3351301,301.1309057,295.65279,299.5030823,36469600
01-05-2023,Microsoft,299.2204465,300.8093014,297.4463858,297.8460388,21294100
02-05-2023,Microsoft,299.9905085,301.3746435,296.2376971,297.6998291,26404400
03-05-2023,Microsoft,298.879258,300.8190102,296.41313,296.7153015,22360800
04-05-2023,Microsoft,298.5088624,299.9905085,295.7405627,297.6998291,22519900
05-05-2023,Microsoft,298.0020224,304.0942396,296.5886161,302.8075562,28197100
08-05-2023,Microsoft,302.3006186,302.3688585,298.362602,300.8579712,21318600
09-05-2023,Microsoft,300.2244495,302.2129575,298.5771117,299.2496948,21340800
10-05-2023,Microsoft,300.8287514,305.0981812,299.9027524,304.4255981,30078000
11-05-2023,Microsoft,302.2714616,303.2657008,298.5284069,302.281189,31680200
12-05-2023,Microsoft,302.7100517,302.8075331,298.8597886,301.1699524,19774700
15-05-2023,Microsoft,301.2965941,302.0763858,299.8247055,301.6474915,16336500
16-05-2023,Microsoft,302.0082102,305.7902629,302.0082102,303.8699951,26730300
17-05-2023,Microsoft,305.0715691,307.1620885,303.5573788,306.7420349,24315000
18-05-2023,Microsoft,307.259889,311.6656535,306.4686139,311.1576538,27276000
19-05-2023,Microsoft,309.4186669,311.382216,309.0572241,310.9816895,27546700
22-05-2023,Microsoft,311.2356913,315.1334545,310.6593325,313.7560425,24115700
23-05-2023,Microsoft,312.632664,315.2604884,307.9631525,307.9729309,30797200
24-05-2023,Microsoft,307.455184,309.1842606,305.3841617,306.59552,23384900
25-05-2023,Microsoft,315.7685204,319.3439256,312.6034203,318.3865967,43301700
26-05-2023,Microsoft,316.530435,325.6936259,316.3936865,325.1954346,36630600
30-05-2023,Microsoft,327.4812975,327.9794888,322.8801459,323.5541992,29503100
31-05-2023,Microsoft,324.6093477,328.1749744,319.7639733,320.7994995,45950600
01-06-2023,Microsoft,318.3963551,325.8206925,317.2143317,324.8926392,26773900
02-06-2023,Microsoft,326.5239875,329.6988655,324.8632702,327.6473999,25873800
05-06-2023,Microsoft,327.4715984,330.7343928,326.9245449,328.1749573,21307100
06-06-2023,Microsoft,327.5790489,327.6181327,324.4921166,325.9671936,20396200
07-06-2023,Microsoft,323.9841067,326.7584583,315.0456093,315.9052734,40717100
08-06-2023,Microsoft,316.4522947,319.0898975,315.8759359,317.7417908,23277700
09-06-2023,Microsoft,317.4780079,322.3624354,316.9114274,319.2364197,22529000
12-06-2023,Microsoft,320.9850391,324.4236953,317.6441072,324.1794739,24260300
13-06-2023,Microsoft,326.7388815,329.1908736,322.753202,326.5630493,22951300
14-06-2023,Microsoft,326.6119456,331.2033201,325.1173117,329.5426025,26003800
15-06-2023,Microsoft,329.6793142,341.7536042,329.4057875,340.053833,38899100
16-06-2023,Microsoft,343.1994582,343.3459851,334.0460448,334.4172363,46552000
20-06-2023,Microsoft,331.4669997,334.1729617,328.096733,330.2361145,26375400
21-06-2023,Microsoft,328.5949911,329.923571,324.3943951,325.8499451,25117800
22-06-2023,Microsoft,326.3970314,332.2583453,325.6350617,331.8578186,23556800
23-06-2023,Microsoft,326.6314056,330.1481992,325.7424661,327.2761536,23146900
26-06-2023,Microsoft,326.0062576,328.3409986,320.8971352,321.0046082,21520600
27-06-2023,Microsoft,324.1892276,328.380075,321.6884029,326.8366089,24354100
28-06-2023,Microsoft,326.9245095,330.1677765,326.0941508,328.0870056,20259500
29-06-2023,Microsoft,326.9733739,328.3410078,324.9316866,327.3055115,16997000
30-06-2023,Microsoft,329.9430604,334.8079606,329.4057853,332.6685791,26832800
03-07-2023,Microsoft,331.3498565,333.0203227,328.7904208,330.1775818,12508700
05-07-2023,Microsoft,327.3445645,333.7529311,326.9929,330.3338318,18172400
06-07-2023,Microsoft,329.5035073,335.0619888,327.7451251,333.3817444,28161200
07-07-2023,Microsoft,331.4768197,333.8897282,329.210438,329.425354,21214800
10-07-2023,Microsoft,326.8659041,327.4813468,320.017927,324.1599121,32791400
11-07-2023,Microsoft,323.4077136,325.1660956,319.4415608,324.7851257,26698200
12-07-2023,Microsoft,328.8197159,333.7529765,327.9112194,329.4058533,29995300
13-07-2023,Microsoft,331.7112425,335.7946167,331.1837159,334.7395935,20567200
14-07-2023,Microsoft,339.5556357,343.3068725,336.3514523,337.2599487,28352700
17-07-2023,Microsoft,337.6897853,338.969503,334.2902427,337.7386475,20363900
18-07-2023,Microsoft,337.8363125,358.3020764,334.2609376,351.1805725,64738600
19-07-2023,Microsoft,353.3883371,354.0819175,344.2935353,346.8724976,39732900
20-07-2023,Microsoft,345.3974091,349.6956993,337.3869362,338.8522644,33778400
21-07-2023,Microsoft,341.0795933,342.2030057,331.9750125,335.8239441,69405400
24-07-2023,Microsoft,337.8558501,338.9011247,334.3976671,337.1329346,26678100
25-07-2023,Microsoft,339.0867374,343.756279,337.0939122,342.8673096,41637700
26-07-2023,Microsoft,333.547799,336.70315,325.4103258,329.962616,58383700
27-07-2023,Microsoft,332.610036,333.440365,321.4442104,323.0756226,39635300
28-07-2023,Microsoft,325.9574228,332.1508737,325.46898,330.5487671,28484900
31-07-2023,Microsoft,329.1323116,329.8942812,325.6545714,328.155426,25446000
01-08-2023,Microsoft,327.4422919,330.7148646,325.9867418,328.5657043,18311900
02-08-2023,Microsoft,325.9183054,325.9183054,318.8163289,319.9299927,27761300
03-08-2023,Microsoft,318.4646575,322.2549779,318.4158252,319.1094055,18253700
04-08-2023,Microsoft,324.2087582,327.3934144,319.6759952,320.2035217,23741500
07-08-2023,Microsoft,320.7799343,323.4565915,319.9495756,322.4797058,17741500
08-08-2023,Microsoft,319.4024581,321.1510914,315.5340001,318.5134888,22327600
09-08-2023,Microsoft,318.9238767,319.5490681,313.6291431,314.7818909,22373300
10-08-2023,Microsoft,318.4842407,320.6724848,313.7561179,315.4656677,20113700
11-08-2023,Microsoft,312.8573932,314.9576913,311.8316454,313.5900574,24355500
14-08-2023,Microsoft,313.9612774,316.5695453,312.6815299,316.5500183,18836100
15-08-2023,Microsoft,315.5340129,317.5757,313.4825474,314.4203491,16966300
16-08-2023,Microsoft,314.0484054,317.5922437,313.0694515,313.6568298,20698900
17-08-2023,Microsoft,313.7938817,315.0958772,309.5549947,310.210907,21257200
18-08-2023,Microsoft,307.871258,311.6794037,304.9931307,309.819397,24755000
21-08-2023,Microsoft,311.2388327,315.9769664,310.3675792,315.1057129,24040000
22-08-2023,Microsoft,318.6494901,319.2172702,314.694508,315.6734619,16084600
23-08-2023,Microsoft,317.004884,322.2716611,316.652445,320.1179504,21166400
24-08-2023,Microsoft,325.8447692,325.972038,313.2260407,313.2358398,23281400
25-08-2023,Microsoft,314.7042654,318.51238,312.0904457,316.1824951,21684100
28-08-2023,Microsoft,318.8061314,319.2858093,314.9490507,316.8873901,14808500
29-08-2023,Microsoft,315.1056328,322.0562103,315.1056328,321.4981995,19284600
30-08-2023,Microsoft,321.7528001,322.868792,319.5795212,321.8702698,15222100
31-08-2023,Microsoft,322.2716345,323.9456373,319.9025529,320.8619385,26411000
01-09-2023,Microsoft,324.337172,325.0028534,319.9025126,321.7429504,14942000
05-09-2023,Microsoft,322.0758315,327.8027178,321.7429908,326.5300598,18553900
06-09-2023,Microsoft,326.3636835,327.4209407,323.2310188,325.8742065,17535800
07-09-2023,Microsoft,324.3176359,326.0699418,322.1051906,322.9666748,18381000
08-09-2023,Microsoft,323.142904,329.0851616,322.5261582,327.2349243,19530100
11-09-2023,Microsoft,330.1423571,331.2975453,328.3704532,330.8276367,16583300
12-09-2023,Microsoft,328.7522871,329.7018735,324.503631,324.7875061,17565500
13-09-2023,Microsoft,324.3371826,329.760595,324.2001446,328.9872131,16544400
14-09-2023,Microsoft,332.0121971,333.6861998,329.4865093,331.5716858,20267000
15-09-2023,Microsoft,329.8291755,330.2990543,322.7121612,323.2701721,37679800
18-09-2023,Microsoft,320.9010302,323.4463159,319.4913344,322.1345215,16834200
19-09-2023,Microsoft,319.305368,322.4576004,317.6803012,321.7331543,16505900
20-09-2023,Microsoft,322.5751207,322.6534238,313.7645353,314.019043,21436500
21-09-2023,Microsoft,312.5408385,318.5026643,308.3704852,312.8051453,35560400
22-09-2023,Microsoft,314.5574539,314.6847227,309.4962494,310.3381653,21447900
25-09-2023,Microsoft,309.927007,310.9842939,308.3704739,310.8570251,17836000
26-09-2023,Microsoft,308.4977721,309.2319875,303.4953017,305.5707092,26297600
27-09-2023,Microsoft,305.7272625,307.6851702,303.1722074,306.2069702,19410100
28-09-2023,Microsoft,304.4448415,308.8403645,302.9372741,307.039093,19683600
29-09-2023,Microsoft,311.0625216,312.746323,308.3508307,309.1046143,24147300
02-10-2023,Microsoft,309.6234991,315.1154454,308.546644,315.0273132,20570000
03-10-2023,Microsoft,314.0777932,314.6260349,304.6602607,306.7944031,21033500
04-10-2023,Microsoft,307.4208657,313.3043877,307.3914983,312.2471008,20720100
05-10-2023,Microsoft,312.3743956,313.2456789,308.2725764,312.6387024,16965600
06-10-2023,Microsoft,309.8878196,322.2618102,309.6430812,320.3724365,25673600
09-10-2023,Microsoft,317.9152973,323.3484799,316.3783325,322.8786011,19891200
10-10-2023,Microsoft,323.9946184,324.1316863,320.7738811,321.4787292,20557100
11-10-2023,Microsoft,324.2392421,325.8153731,322.2128307,325.4237976,20063200
12-10-2023,Microsoft,323.6127285,326.6083244,321.8016582,324.1903076,19313100
13-10-2023,Microsoft,325.3846484,326.8041134,319.4913278,320.8325195,21072400
16-10-2023,Microsoft,324.0826887,329.0655905,323.6421773,325.6392517,22158000
17-10-2023,Microsoft,322.6533939,326.4419405,320.5192817,325.0714111,18338500
18-10-2023,Microsoft,325.49236,328.527123,321.390541,323.1624451,23153600
19-10-2023,Microsoft,325.1595034,329.7899657,323.9456102,324.3469849,25052100
20-10-2023,Microsoft,324.7385347,324.9343374,318.6005056,319.7948303,25027700
23-10-2023,Microsoft,318.6201207,325.7273354,317.5628637,322.3890991,24374700
24-10-2023,Microsoft,324.3273921,324.8560355,320.7052808,323.5736084,31153600
25-10-2023,Microsoft,337.7586389,338.9138271,330.5143865,333.5002136,55053800
26-10-2023,Microsoft,333.3729572,334.4400133,320.0591787,320.9891968,37828500
27-10-2023,Microsoft,323.4756905,329.6333181,321.4884155,322.8687439,29856500
30-10-2023,Microsoft,326.3930233,332.3059132,324.8462594,330.2109375,22828100
31-10-2023,Microsoft,331.7184952,331.8653323,327.6460439,330.9940491,20265300
01-11-2023,Microsoft,332.6387012,340.1081231,332.5016334,338.7865295,28158800
02-11-2023,Microsoft,339.9319404,341.4884735,337.513923,340.9892273,24348100
03-11-2023,Microsoft,342.2716415,346.9314714,340.0200297,345.3749084,23637700
06-11-2023,Microsoft,346.0112936,350.0152118,345.9133923,349.0264587,23828300
07-11-2023,Microsoft,351.8359772,354.8315733,350.1032398,352.9421997,25833900
08-11-2023,Microsoft,354.0680318,356.2119432,352.9618091,355.5560608,26767800
09-11-2023,Microsoft,354.6749784,357.1125938,352.7758054,353.098877,24847300
10-11-2023,Microsoft,353.8820272,362.3108356,353.4708833,361.8898926,28042100
13-11-2023,Microsoft,360.4703658,360.7151042,358.1991858,358.9627686,19986500
14-11-2023,Microsoft,363.2016801,364.1218991,359.6187054,362.4772339,27683900
15-11-2023,Microsoft,364.2036899,366.0184363,360.1131537,362.6243896,26860100
16-11-2023,Microsoft,363.8897354,369.1770199,363.1246029,369.0004578,27182300
17-11-2023,Microsoft,366.4893123,367.2348369,360.0053073,362.8009949,40157000
20-11-2023,Microsoft,364.1448542,371.6490456,363.9290461,370.2463074,52465100
21-11-2023,Microsoft,368.5100468,369.0495523,364.0467482,365.9595947,28423100
22-11-2023,Microsoft,370.7956031,372.5514955,367.8233539,370.648468,23345300
24-11-2023,Microsoft,370.1383806,370.7661971,367.9901478,370.2364807,10176600
27-11-2023,Microsoft,369.5988734,373.3853205,369.0299409,371.3939819,22179200
28-11-2023,Microsoft,371.1389985,375.7003677,370.9526173,375.4060974,20453100
29-11-2023,Microsoft,376.4458479,376.9755344,370.2462949,371.629425,28963400
30-11-2023,Microsoft,371.2762547,372.8457658,368.3138244,371.6882629,30554400
01-12-2023,Microsoft,369.5792173,370.9525283,364.2330787,367.3721008,33040500
04-12-2023,Microsoft,362.0652157,362.477194,355.9833714,362.1044617,32063300
05-12-2023,Microsoft,359.4657562,365.9693684,358.6515586,365.4200439,23065000
06-12-2023,Microsoft,366.4206145,367.0484011,361.0156215,361.7709351,21182100
07-12-2023,Microsoft,361.2118144,364.3704447,359.338214,363.8799744,23118900
08-12-2023,Microsoft,362.1633423,367.3230704,361.2118286,367.0974731,20154400
11-12-2023,Microsoft,361.4570669,364.5175973,359.1224231,364.2232971,27708800
12-12-2023,Microsoft,363.7818486,367.2838139,363.3992673,367.2445679,24838300
13-12-2023,Microsoft,368.8533792,370.4425286,363.7034396,367.2348328,30955500
14-12-2023,Microsoft,366.1950058,366.6364411,357.1899765,358.955658,43277500
15-12-2023,Microsoft,359.8581598,365.3023696,359.2990163,363.6642151,78502300
18-12-2023,Microsoft,362.4085541,365.8908816,361.6532106,365.5475464,21802900
19-12-2023,Microsoft,364.4097116,366.1459961,362.7911652,366.1459961,20603700
20-12-2023,Microsoft,367.8528308,368.8631987,363.4680238,363.5563049,26316700
21-12-2023,Microsoft,365.4593215,367.274068,362.9873613,366.4206543,17708000
22-12-2023,Microsoft,366.5579247,368.0293358,365.606411,367.4407654,17107500
26-12-2023,Microsoft,367.8528034,369.755831,366.3813922,367.5192871,12673100
27-12-2023,Microsoft,366.567759,367.911643,365.7045263,366.9405212,14905400
28-12-2023,Microsoft,368.2157225,369.2849443,367.0287926,368.1274414,14327000
29-12-2023,Microsoft,368.8337703,369.9716654,366.3618101,368.8730164,18730800
02-01-2024,Microsoft,366.7344556,368.7355829,359.77959,363.8014526,25258600
03-01-2024,Microsoft,361.976929,366.1459269,361.4864587,363.5366211,23083500
04-01-2024,Microsoft,363.6053474,365.9890264,360.1720545,360.9273682,20901500
05-01-2024,Microsoft,361.9377157,364.9688191,359.5147908,360.7409668,21004600
08-01-2024,Microsoft,362.2613908,368.0489649,361.9769395,367.5486755,23134000
09-01-2024,Microsoft,364.9197916,368.8239168,364.115413,368.6277466,20830000
10-01-2024,Microsoft,369.1966858,376.848042,369.1476507,375.4747009,25514200
11-01-2024,Microsoft,378.6431088,383.2339041,373.1302269,377.2992249,27850800
12-01-2024,Microsoft,378.1428562,381.2720597,377.3188695,381.0660706,21661200
16-01-2024,Microsoft,386.1571603,386.5201036,380.2322694,382.8317566,27202300
17-01-2024,Microsoft,380.5854049,382.6747836,377.4758096,382.0469971,22234100
18-01-2024,Microsoft,384.2541727,386.4808978,382.6846613,386.3631897,23392100
19-01-2024,Microsoft,388.2170536,391.0715942,386.0001183,391.0715942,29331100
22-01-2024,Microsoft,392.3959322,392.9845027,386.08849,388.9528503,27016900
23-01-2024,Microsoft,388.2073445,391.7681646,386.422025,391.2973022,20525900
24-01-2024,Microsoft,393.8869634,397.8990075,392.8177416,394.8875122,24867000
25-01-2024,Microsoft,396.6139675,399.2527005,394.8580752,397.1534729,21021200
26-01-2024,Microsoft,396.6630006,398.4287119,394.7599732,396.2313843,17803300
29-01-2024,Microsoft,398.3207946,402.1660954,396.6237563,401.9110413,24510200
30-01-2024,Microsoft,404.4026168,405.1775383,398.7033538,400.8025513,33477600
31-01-2024,Microsoft,399.2036399,407.4043202,389.6394676,390.0024109,47871100
01-02-2024,Microsoft,394.1714126,400.2238302,394.1419856,396.084259,30657700
02-02-2024,Microsoft,396.1137019,404.785215,395.8684667,403.3824768,28256700
05-02-2024,Microsoft,402.0876078,403.3236027,396.2902444,397.9186096,25352300
06-02-2024,Microsoft,398.144239,400.1944016,395.2308437,397.7616577,18382600
07-02-2024,Microsoft,399.6745043,406.4037435,399.6352583,406.1585083,22340500
08-02-2024,Microsoft,406.1585227,407.6397528,404.6675034,406.2173767,21225300
09-02-2024,Microsoft,407.3356632,412.7995106,407.1787091,412.5346375,22032800
12-02-2024,Microsoft,412.5444329,412.7209951,406.8451696,407.345459,21202900
13-02-2024,Microsoft,397.2221636,402.2543946,395.7017174,398.5758667,27824900
14-02-2024,Microsoft,401.0327582,402.7722234,397.5931164,402.4282532,20401200
15-02-2024,Microsoft,401.1015364,402.074454,397.3179246,399.5487671,21825500
16-02-2024,Microsoft,400.9246876,401.2490136,396.4826462,397.0919495,22296500
20-02-2024,Microsoft,396.2860021,397.5144455,391.1462142,395.8437805,24307900
21-02-2024,Microsoft,393.2689766,395.3524118,390.3698381,395.2442932,18518900
22-02-2024,Microsoft,403.1162421,405.7106995,401.524184,404.5510559,27009900
23-02-2024,Microsoft,408.5016799,408.6883757,401.9172111,403.2635803,16295900
26-02-2024,Microsoft,404.3642839,405.0522243,400.3349832,400.5119019,16193500
27-02-2024,Microsoft,400.9541265,401.2784523,396.8855371,400.4529419,14835800
28-02-2024,Microsoft,401.1408711,402.2415517,398.3302066,400.6888123,13183100
29-02-2024,Microsoft,401.5929097,407.0570236,398.9198156,406.5066833,31947300
01-03-2024,Microsoft,404.1775918,408.6982703,403.794333,408.3346558,17823400
04-03-2024,Microsoft,406.3101605,410.1527355,405.2094799,407.7646484,17596000
05-03-2024,Microsoft,406.8211615,407.1061688,393.7308906,395.7062073,26919200
06-03-2024,Microsoft,396.0206822,398.1729175,391.5196787,395.1558533,22344100
07-03-2024,Microsoft,399.1163813,402.7132676,395.3032878,402.0843201,18718500
08-03-2024,Microsoft,400.9246138,403.342212,397.3572093,399.2146301,18002200
11-03-2024,Microsoft,396.7970721,398.6839444,394.3401852,397.5439453,16120800
12-03-2024,Microsoft,400.5905628,408.4034766,399.7748894,408.1184692,22457000
13-03-2024,Microsoft,410.8897928,410.9683999,404.3544793,407.9415283,17115900
14-03-2024,Microsoft,412.9928336,420.4421312,410.7816355,417.8869629,34157300
15-03-2024,Microsoft,412.059271,415.312187,405.6713648,409.2387695,45079900
18-03-2024,Microsoft,407.1061959,413.4744581,406.6442999,410.1232605,20106000
19-03-2024,Microsoft,410.6244515,414.3982566,408.3837716,414.1427307,19837900
20-03-2024,Microsoft,414.7225417,418.6142424,413.4056538,417.8968506,17860100
21-03-2024,Microsoft,422.4174824,423.39043,419.7935439,421.9654236,21296200
22-03-2024,Microsoft,422.2897186,422.4469329,418.7223141,421.3462524,17648500
25-03-2024,Microsoft,417.9066493,420.0392404,414.3392445,415.567688,18060500
26-03-2024,Microsoft,418.2702405,418.6436921,414.0837256,414.37854,16725600
27-03-2024,Microsoft,417.1204551,417.1302922,411.7841037,414.1623535,16705000
28-03-2024,Microsoft,413.7004512,414.5947616,411.8921859,413.4645996,21871200
01-04-2024,Microsoft,416.6389268,420.5109833,414.9387501,417.24823,16316000
02-04-2024,Microsoft,412.8650995,415.0959721,410.6342569,414.1721802,17912000
03-04-2024,Microsoft,412.4916646,415.9607877,411.8626872,413.1992493,16502300
04-04-2024,Microsoft,417.6609873,421.2775481,410.3689629,410.6736145,19370900
05-04-2024,Microsoft,412.7668349,419.1547408,411.105977,418.1817932,16554800
08-04-2024,Microsoft,417.8378674,419.9114656,416.0000907,417.2678528,14272400
09-04-2024,Microsoft,419.0858942,420.3634633,414.3490096,418.9286499,12496900
10-04-2024,Microsoft,414.9091997,416.7174647,412.4621501,415.9607544,16216600
11-04-2024,Microsoft,418.4766945,421.9654624,415.076341,420.550293,17966400
12-04-2024,Microsoft,416.7371845,417.8477023,412.5309949,414.6242676,19253800
15-04-2024,Microsoft,419.2431763,419.4593836,406.3002833,406.5066833,20273500
16-04-2024,Microsoft,407.4207348,411.1846732,406.5952243,407.430542,16765600
17-04-2024,Microsoft,410.054439,411.6563341,403.2537626,404.7377319,15855500
18-04-2024,Microsoft,403.548584,404.7868646,396.9837896,397.2982483,21029900
19-04-2024,Microsoft,397.0624516,398.4874582,390.9103965,392.2371216,30565800
22-04-2024,Microsoft,393.1805201,395.9027701,388.9252051,394.0453491,20286900
23-04-2024,Microsoft,397.2688218,401.1605527,396.1091783,400.5414124,15734500
24-04-2024,Microsoft,402.4970231,405.356843,399.7649662,402.0056458,15065300
25-04-2024,Microsoft,387.2348968,392.9938559,381.3383677,392.1585083,40586500
26-04-2024,Microsoft,405.0620487,405.8777219,398.762587,399.3129272,29694700
29-04-2024,Microsoft,398.2613747,399.3129295,392.3058831,395.3131104,19582100
30-04-2024,Microsoft,394.566176,395.2246349,382.4586609,382.6158752,28781400
01-05-2024,Microsoft,385.8393151,394.7922262,383.5789913,388.1291504,23562500
02-05-2024,Microsoft,390.8022678,393.0331104,387.8441664,390.9791565,17709400
03-05-2024,Microsoft,395.3425633,400.1285739,394.9297931,399.6470337,17446700
06-05-2024,Microsoft,401.7108501,406.7916755,399.3620518,406.4084167,16996600
07-05-2024,Microsoft,407.5090852,407.5189223,402.0351341,402.2808228,20018200
08-05-2024,Microsoft,401.1310808,405.1210633,399.696237,403.4602051,11792300
09-05-2024,Microsoft,403.4896821,405.6025991,402.0450312,405.2095032,14689700
10-05-2024,Microsoft,405.8187305,408.2166544,404.6983758,407.587677,13402300
13-05-2024,Microsoft,410.8013229,411.1354559,403.7353139,406.5852966,15440200
14-05-2024,Microsoft,404.9145973,410.290267,404.4527014,409.3763123,15109300
15-05-2024,Microsoft,411.4339992,417.2525598,410.8137421,416.533844,22239500
16-05-2024,Microsoft,415.2736305,418.8376448,413.8460839,414.4761658,17530100
17-05-2024,Microsoft,416.0021563,416.3762814,411.5619287,413.7081909,15352200
20-05-2024,Microsoft,413.7082201,420.166717,413.4916229,418.7588501,16272100
21-05-2024,Microsoft,420.2257843,426.2707965,418.2764394,422.4016113,21453300
22-05-2024,Microsoft,423.4353946,425.7195054,420.5212018,423.8587341,18073700
23-05-2024,Microsoft,426.2707872,426.8910442,418.837618,420.393158,17211700
24-05-2024,Microsoft,420.5802858,424.3904022,417.8433006,423.5043335,11855300
28-05-2024,Microsoft,422.9825084,424.1540984,419.9993916,423.6618347,15718000
29-05-2024,Microsoft,419.1034362,424.2722046,419.1034362,422.5296021,15517100
30-05-2024,Microsoft,417.7349716,417.7349716,407.8306282,408.2539978,28394500
31-05-2024,Microsoft,410.3018389,410.3018389,398.2512319,408.7069092,47995300
03-06-2024,Microsoft,409.1006442,409.9867128,402.5929329,407.1217346,17484700
04-06-2024,Microsoft,406.0485998,409.996564,403.3411496,409.6322937,14348900
05-06-2024,Microsoft,411.3453811,417.518357,409.8587352,417.4494629,16988000
06-06-2024,Microsoft,417.4494496,418.7293231,414.0724979,417.9515381,14861300
07-06-2024,Microsoft,419.6055458,419.6842948,416.4550464,417.2919006,13621700
10-06-2024,Microsoft,418.1287904,421.4564677,417.3313256,421.2497253,13982900
11-06-2024,Microsoft,418.8967716,426.1231998,418.6703194,425.9853516,14551100
12-06-2024,Microsoft,428.5845091,436.539478,426.5465301,434.2356873,22366200
13-06-2024,Microsoft,434.0289338,436.529642,432.5718224,434.7476196,15960600
14-06-2024,Microsoft,431.4986592,436.2834779,429.9627989,435.72229,13582000
17-06-2024,Microsoft,435.7419587,443.9627681,433.9008974,441.4325256,20790000
18-06-2024,Microsoft,442.7517818,443.1751514,438.0063828,439.4339294,17112500
20-06-2024,Microsoft,439.3945865,439.6210386,434.4424146,438.803894,19877400
21-06-2024,Microsoft,440.4579103,443.6083802,439.6013762,442.8207703,34187100
24-06-2024,Microsoft,442.8404264,445.7447943,439.502894,440.7434082,15913700
25-06-2024,Microsoft,441.3143595,444.4353242,439.8375686,443.9725952,16413400
26-06-2024,Microsoft,442.0527997,446.5816318,441.255335,445.1639099,16507000
27-06-2024,Microsoft,445.1835846,449.1118693,444.7799248,445.8432312,14806300
28-06-2024,Microsoft,446.059818,448.3340738,439.5028622,440.0345154,28362300
01-07-2024,Microsoft,441.7180647,450.2932899,438.7644825,449.663208,17662800
02-07-2024,Microsoft,446.1878233,452.4789377,446.0991894,452.1737366,13979800
03-07-2024,Microsoft,451.1006185,453.8868179,450.7954174,453.640686,9932800
05-07-2024,Microsoft,452.4986178,461.1034076,451.8685359,460.3256226,16000300
08-07-2024,Microsoft,459.3312631,460.4634937,457.2736044,459.026062,12962300
09-07-2024,Microsoft,459.7743148,460.0991957,450.9135679,452.4297485,17207200
10-07-2024,Microsoft,454.0837474,459.2426615,451.760247,459.0359192,18196100
11-07-2024,Microsoft,455.8164973,457.5886346,444.5633265,447.6646118,23111200
12-07-2024,Microsoft,447.3003093,449.2988987,443.6772558,446.5323792,16324300
15-07-2024,Microsoft,446.2862435,450.1849935,444.4451821,446.9360352,14429400
16-07-2024,Microsoft,447.1920184,447.2707674,439.748994,442.5647278,17175700
17-07-2024,Microsoft,435.7420199,437.9670617,432.3847776,436.6576233,21778000
18-07-2024,Microsoft,437.4648797,437.7700808,427.6786754,433.5563049,20794800
19-07-2024,Microsoft,426.3987762,434.314384,425.3157902,430.3467102,20940400
22-07-2024,Microsoft,434.954317,437.7208362,432.1188736,436.0865173,15808800
23-07-2024,Microsoft,437.0317279,441.4522766,436.244118,437.967041,13107100
24-07-2024,Microsoft,433.6351347,434.6491968,420.9740959,422.2638245,26805800
25-07-2024,Microsoft,422.1653488,423.1498762,411.0500557,411.9262695,29943800
26-07-2024,Microsoft,411.7293258,422.2834595,410.8136925,418.6899109,23583800
29-07-2024,Microsoft,424.902345,425.4635329,418.1288214,420.1274109,15125800
30-07-2024,Microsoft,421.1020932,422.4115015,410.9023729,416.3763733,32687600
31-07-2024,Microsoft,413.9938033,415.2539972,405.8320621,411.8770752,42891400
01-08-2024,Microsoft,414.2793032,420.8460843,406.6984301,410.6562195,30296400
02-08-2024,Microsoft,406.1076649,408.5788381,398.0837733,402.1695557,29437900
05-08-2024,Microsoft,383.1485559,394.8348918,379.614076,389.0360107,40709200
06-08-2024,Microsoft,393.8109821,399.393266,392.3341909,393.427002,24946500
07-08-2024,Microsoft,402.3173055,403.7349974,391.3201209,392.2652588,20650900
08-08-2024,Microsoft,396.2131882,399.5802549,393.7518699,396.4593201,20203000
09-08-2024,Microsoft,397.7786235,401.736413,396.0360207,399.7378235,19276700
12-08-2024,Microsoft,400.7617263,402.435435,397.9853518,400.5155945,16762900
13-08-2024,Microsoft,403.2525326,408.5296146,403.2328529,407.6041565,19414300
14-08-2024,Microsoft,408.3819407,411.2567739,406.0683254,410.4100647,18267000
15-08-2024,Microsoft,414.0495635,415.3416167,411.9388929,415.2627258,20752100
16-08-2024,Microsoft,414.8385597,415.5684134,411.5837455,412.7377319,22775600
19-08-2024,Microsoft,413.2210561,415.972847,410.7553013,415.7558594,15234000
20-08-2024,Microsoft,415.9235367,420.0265262,415.864361,418.9810486,16387600
21-08-2024,Microsoft,418.2709028,420.5591305,415.9432448,418.3301086,16067300
22-08-2024,Microsoft,418.5470441,420.9437805,408.9306009,409.8577271,19361900
23-08-2024,Microsoft,411.2682103,413.5169776,406.4451792,411.0808105,18493800
26-08-2024,Microsoft,410.6665125,411.5640508,405.7054152,407.8259583,13152800
27-08-2024,Microsoft,407.2045864,408.6840392,404.6303529,408.1711731,13492900
28-08-2024,Microsoft,409.1969262,409.3152776,401.7306138,404.9755554,14882700
29-08-2024,Microsoft,409.2561057,416.2686976,404.9755591,407.4610291,17045200
30-08-2024,Microsoft,409.9070815,411.7711765,406.4846127,411.4259949,24308300
03-09-2024,Microsoft,412.1854297,414.1284456,401.4544602,403.8314514,20313600
04-09-2024,Microsoft,400.3498255,405.6068016,398.830912,403.2988586,15135800
05-09-2024,Microsoft,402.0363352,407.4412799,400.5667552,402.7958069,14195500
06-09-2024,Microsoft,403.4566778,405.0248943,395.3098139,396.1975098,19609500
09-09-2024,Microsoft,401.6615826,403.0522719,396.6413095,400.1624146,15295100
10-09-2024,Microsoft,402.6084941,410.6271042,402.1153431,408.5263062,19594300
11-09-2024,Microsoft,409.8084532,418.182147,403.9695325,417.2451782,19266900
12-09-2024,Microsoft,417.5114833,421.5158669,414.0002507,421.1509399,17395700
13-09-2024,Microsoft,419.9969653,425.9147773,419.6320384,424.6917725,15874600
16-09-2024,Microsoft,424.7016037,427.5914611,422.3542004,425.4314575,13834700
17-09-2024,Microsoft,434.1997315,435.7975358,426.348746,429.1893005,18874200
18-09-2024,Microsoft,429.0413293,430.0572191,424.5142072,424.9087219,18898000
19-09-2024,Microsoft,435.1860014,435.4522921,430.9152973,432.6807861,21706600
20-09-2024,Microsoft,431.2308873,433.2232061,428.2719818,429.3075867,55167100
23-09-2024,Microsoft,428.331219,430.4813501,424.49452,427.5717773,15128900
24-09-2024,Microsoft,427.0687218,427.4139334,420.2632447,423.2911987,17015800
25-09-2024,Microsoft,423.9421204,427.187062,422.6994005,426.1908875,13396400
26-09-2024,Microsoft,429.1301061,429.3372211,423.251755,425.401886,14492000
27-09-2024,Microsoft,425.608978,425.9344745,421.6144674,422.1569214,14896100
30-09-2024,Microsoft,422.3443029,424.5240517,419.5432093,424.4056702,16807300
01-10-2024,Microsoft,422.581112,422.6106998,413.0731461,414.9273987,19092900
02-10-2024,Microsoft,416.7914344,417.0281673,411.0018471,411.4161072,16582300
03-10-2024,Microsoft,411.909294,413.802977,408.6150491,410.8342285,13686400
04-10-2024,Microsoft,412.5109098,414.0002353,409.2857133,410.3607788,19169700
07-10-2024,Microsoft,410.301586,411.3963667,403.3974728,403.9300842,20919800
08-10-2024,Microsoft,405.2714584,409.9662652,402.5788734,409.0292664,19229300
09-10-2024,Microsoft,410.1634577,414.6215612,408.6248293,411.7415466,14974300
10-10-2024,Microsoft,409.5421081,411.6330631,407.4905835,410.1437378,13848400
11-10-2024,Microsoft,410.4396909,411.4161202,407.5892639,410.617218,14144900
14-10-2024,Microsoft,412.0473312,418.2314633,411.8007557,413.3985901,16653100
15-10-2024,Microsoft,416.3969399,416.6928485,409.5717474,413.0040588,18900200
16-10-2024,Microsoft,409.4829836,410.6566552,404.8572252,410.4199524,15508900
17-10-2024,Microsoft,416.5745075,416.7126043,409.8972537,411.0117798,14820000
18-10-2024,Microsoft,411.4259897,413.901587,410.5580392,412.4320068,17145300
21-10-2024,Microsoft,410.419921,413.2210147,408.0823904,413.0434875,14206100
22-10-2024,Microsoft,412.7574982,424.6818853,412.3136804,421.6539612,25482200
23-10-2024,Microsoft,424.9580432,425.1750308,416.7421612,418.7838135,19654400
24-10-2024,Microsoft,419.5037749,420.1448952,416.6139175,418.9120178,13581600
25-10-2024,Microsoft,420.9142122,426.5952908,420.7268125,422.2851563,16899100
28-10-2024,Microsoft,425.7471097,426.023273,420.4605155,420.7465515,14882400
29-10-2024,Microsoft,422.1372373,427.2364317,419.967361,426.0331421,17644100
30-10-2024,Microsoft,431.4479096,432.4933872,426.181061,426.6051636,29749100
31-10-2024,Microsoft,409.6703114,410.4593709,400.7344193,400.7837524,53971000
01-11-2024,Microsoft,403.4073621,409.808452,401.9180365,404.7487183,24230400
04-11-2024,Microsoft,404.1865091,404.7980416,400.0144713,402.8648682,19672300
05-11-2024,Microsoft,402.7761221,409.2166726,402.4900861,405.8237915,17626000
06-11-2024,Microsoft,406.7706642,414.6906677,404.8966665,414.4243469,26681800
07-11-2024,Microsoft,415.5092701,421.002979,414.1284534,419.602417,19901800
08-11-2024,Microsoft,419.493963,420.6577921,416.0024455,416.7520447,16891400
11-11-2024,Microsoft,416.7322895,418.9909294,410.3016116,412.2840881,24503300
12-11-2024,Microsoft,412.5207988,418.6260104,411.4851938,417.235321,19401200
13-11-2024,Microsoft,415.8643475,423.4489814,412.4813091,419.3755798,21502200
14-11-2024,Microsoft,419.1782945,422.3048846,414.2467851,421.0424194,30246900
15-11-2024,Microsoft,414.0692902,417.0084508,407.9739514,409.3153076,28247600
18-11-2024,Microsoft,409.1870877,412.6687324,406.4550421,410.0649109,24727000
19-11-2024,Microsoft,407.4511619,412.2150169,405.9125333,412.0670776,18133500
20-11-2024,Microsoft,411.1596855,411.5739455,404.9558378,409.798584,19191700
21-11-2024,Microsoft,414.5818473,414.8585634,405.4798323,408.0295715,20780200
22-11-2024,Microsoft,406.5471456,412.5064494,406.2407824,412.111145,24814600
25-11-2024,Microsoft,413.4749606,416.143288,409.9863472,413.8801575,27691100
26-11-2024,Microsoft,414.6707766,424.0099981,413.9394619,422.97229,23458900
27-11-2024,Microsoft,420.1260549,422.2212256,417.0722852,418.0309143,18332400
29-11-2024,Microsoft,415.1649667,419.8988184,412.9018057,418.4954529,16271900
02-12-2024,Microsoft,416.6275643,427.923553,416.3706029,425.9272461,20207200
03-12-2024,Microsoft,424.800643,427.3998143,422.7252569,426.1447144,18302000
04-12-2024,Microsoft,427.9532015,434.5153693,427.557897,432.291748,26009400
05-12-2024,Microsoft,432.7859365,439.4469086,431.0564531,437.4308167,21697800
06-12-2024,Microsoft,437.1145294,440.8699969,436.5907443,438.3696594,18821000
09-12-2024,Microsoft,437.4110062,443.0738089,435.3356204,440.7908936,19144400
10-12-2024,Microsoft,439.1800773,444.3487426,436.4227783,438.1324768,18469500
11-12-2024,Microsoft,438.8440181,445.070176,438.8440181,443.7261047,19200200
12-12-2024,Microsoft,443.8446619,450.8120264,443.8446619,444.2893982,20834800
13-12-2024,Microsoft,443.1825414,446.1374774,440.3560561,442.0262451,20177800
16-12-2024,Microsoft,442.0262636,446.8787031,440.0596037,446.2956238,23598800
17-12-2024,Microsoft,445.7224538,449.9522747,444.2993336,449.1319885,22733500
18-12-2024,Microsoft,446.0287949,447.3431889,431.896428,432.2621155,24444500
19-12-2024,Microsoft,436.442464,437.9841722,431.204613,431.9062805,22963700
20-12-2024,Microsoft,428.0323102,438.5376915,423.6048519,431.4814148,64263700
23-12-2024,Microsoft,431.6197387,432.5190736,427.7555751,430.1472168,19152500
24-12-2024,Microsoft,429.5542266,434.4462057,429.099628,434.1793518,7164500
26-12-2024,Microsoft,433.9322924,435.7705018,431.5110339,432.9736633,8194200
27-12-2024,Microsoft,429.5048044,430.1175308,421.3515265,425.4825134,18117700
30-12-2024,Microsoft,421.0649252,422.537447,416.9536929,419.8493347,13158700
31-12-2024,Microsoft,421.1044871,421.7271059,415.7282623,416.5584106,13246500
02-01-2025,Microsoft,420.5411696,421.0748472,409.986387,413.6726379,16896500
03-01-2025,Microsoft,416.1433126,419.0587393,414.621389,418.3867188,16662900
06-01-2025,Microsoft,422.9821892,429.2281017,420.4917442,422.8339539,20573600
07-01-2025,Microsoft,423.9704889,425.6011386,415.866612,417.4182129,18139100
08-01-2025,Microsoft,418.4954097,421.9642687,416.5979364,419.5825195,15054600
10-01-2025,Microsoft,419.6517317,419.7307805,410.1543817,414.0383301,20201100
13-01-2025,Microsoft,410.3717692,413.593559,407.4563727,412.2989197,17604800
14-01-2025,Microsoft,412.9116175,414.818983,405.9047439,410.7967224,16935900
15-01-2025,Microsoft,414.2161961,423.1304363,413.3662629,421.3120117,19637800
16-01-2025,Microsoft,423.6739874,424.4547038,419.4145197,419.6022644,15300000
17-01-2025,Microsoft,429.0007971,429.3862392,423.150219,424.0001221,26197500
21-01-2025,Microsoft,425.1563998,425.848175,420.6103236,423.4763184,26085700
22-01-2025,Microsoft,432.4301209,442.0262741,430.8884125,440.9688416,27803800
23-01-2025,Microsoft,436.818067,441.5123788,436.323929,441.4728394,18389300
24-01-2025,Microsoft,439.9410222,441.413544,436.2250941,438.8539124,15549500
27-01-2025,Microsoft,419.0389699,430.0977822,418.5349395,429.465271,35647800
28-01-2025,Microsoft,429.5048368,443.1232815,426.3225863,441.9571228,23491700
29-01-2025,Microsoft,441.4530954,441.6408703,435.2368297,437.1441956,23581400
30-01-2025,Microsoft,413.8603773,417.902423,408.3161628,410.1246948,54586300
31-01-2025,Microsoft,414.0679338,415.7578775,410.0456428,410.1938782,34161900
03-02-2025,Microsoft,406.7744681,410.5397978,403.8689338,406.1024475,25679100
04-02-2025,Microsoft,407.8516865,409.067277,404.9362598,407.5354309,20532100
05-02-2025,Microsoft,407.5156896,408.9783191,405.588539,408.4446716,16316700
06-02-2025,Microsoft,409.1463374,413.2971095,409.1463374,410.9450073,16309800
07-02-2025,Microsoft,411.5972456,413.7417878,403.3154869,404.9461365,22886800
10-02-2025,Microsoft,408.8596983,410.5891814,406.1024296,407.3871765,20817900
11-02-2025,Microsoft,404.8374784,407.6540415,404.501438,406.6163635,18140600
12-02-2025,Microsoft,402.4358837,405.9343894,399.6291834,404.2444458,19121700
13-02-2025,Microsoft,402.2283922,406.1814968,401.595881,405.7268982,23891700
14-02-2025,Microsoft,403.0091205,404.1159849,401.1215096,403.6416016,22758500
18-02-2025,Microsoft,403.2166456,405.7861695,401.7342315,404.8374329,21423100
19-02-2025,Microsoft,403.0980806,410.6188476,402.8707662,409.9072876,24114200
20-02-2025,Microsoft,411.2441454,415.2249706,408.5209366,412.0759583,23508700
21-02-2025,Microsoft,413.274151,413.9772255,403.9162338,404.2330933,27524800
24-02-2025,Microsoft,404.5301585,405.3817656,395.4296884,400.0640869,26443700
25-02-2025,Microsoft,397.1924273,398.004446,392.8352988,394.0235901,29387400
26-02-2025,Microsoft,394.1324794,399.6680164,390.4091008,395.8357239,19619000
27-02-2025,Microsoft,397.3606834,401.7871364,388.3493628,388.7058411,21127400
28-02-2025,Microsoft,388.8346033,393.7561855,382.8039374,393.122406,32845700
03-03-2025,Microsoft,394.9346104,394.9346104,382.3979434,384.7052307,23007700
04-03-2025,Microsoft,379.6648014,388.75536,377.2881889,384.8240356,29342900
05-03-2025,Microsoft,385.5469557,397.7568509,385.0221203,397.1131592,23433100
06-03-2025,Microsoft,390.4388489,398.232173,388.8544304,393.0234375,23304600
07-03-2025,Microsoft,388.497926,390.9537459,381.7839797,389.4782715,22034100
10-03-2025,Microsoft,382.0810472,382.6355891,373.5450302,376.4563904,32840100
11-03-2025,Microsoft,375.3077054,382.23951,373.2380702,376.7435913,30380200
12-03-2025,Microsoft,379.2192123,381.4670865,375.2581813,379.5360718,24253600
13-03-2025,Microsoft,379.4271717,381.5661321,373.7728082,375.0799255,20473000
14-03-2025,Microsoft,376.0801044,386.4283105,375.8127457,384.7745667,19952800
17-03-2025,Microsoft,382.9326925,388.8841211,381.8136963,384.913208,22474300
18-03-2025,Microsoft,383.2990942,383.5961595,377.3872539,379.7836609,19486900
19-03-2025,Microsoft,381.7741101,385.8836742,380.2590168,384.0418091,19185500
20-03-2025,Microsoft,381.98203,387.9731077,379.5460043,383.0713196,18470500
21-03-2025,Microsoft,379.4865916,387.9235771,379.07067,387.4482727,39675900
24-03-2025,Microsoft,391.5479548,391.5479548,386.012417,389.2505493,21004500
25-03-2025,Microsoft,390.0823318,392.4985328,388.8148031,391.3102417,15775000
26-03-2025,Microsoft,391.151802,391.4587795,384.7844521,386.1708069,16108400
27-03-2025,Microsoft,386.329274,388.4187034,383.6258593,386.7748718,13766800
28-03-2025,Microsoft,384.299241,385.3390298,373.2578724,375.1096497,21632000
31-03-2025,Microsoft,368.9106692,373.3965361,363.6622845,371.7329102,35184700
01-04-2025,Microsoft,371.0000618,379.1201875,369.5939127,378.4666138,19689500
02-04-2025,Microsoft,374.2877563,381.328475,372.9509022,378.4171448,16092600
03-04-2025,Microsoft,371.1387232,373.802519,365.7517184,369.4750671,30198000
04-04-2025,Microsoft,360.582534,370.9406209,355.9778418,356.3343201,49209900
07-04-2025,Microsoft,347.4616768,367.3856598,341.4310102,354.3736572,50425000
08-04-2025,Microsoft,364.6723484,370.0098223,346.8377957,351.1058044,35868900
09-04-2025,Microsoft,350.0957251,389.3990567,349.6600093,386.68573,50199700
10-04-2025,Microsoft,378.3379013,380.159972,364.216815,377.6348267,38024400
11-04-2025,Microsoft,376.9317086,386.2500071,375.1987576,384.6656189,23839200
14-04-2025,Microsoft,389.3891275,390.8051888,380.4668961,384.0318298,19251200
15-04-2025,Microsoft,384.7250528,388.0721289,380.4174255,381.9721375,17199900
16-04-2025,Microsoft,376.9614172,377.8922317,364.4148387,367.9896545,21967800
17-04-2025,Microsoft,370.1088309,370.6732851,363.3156773,364.196991,21120200
21-04-2025,Microsoft,359.2853343,360.9291658,352.2049972,355.6213684,20807300
22-04-2025,Microsoft,359.8398792,364.1870952,356.3541525,363.2463684,19485000
23-04-2025,Microsoft,372.3963283,376.6841613,369.3859362,370.7426147,20545500
24-04-2025,Microsoft,372.0397997,384.6655844,371.5347587,383.5267639,22232300
25-04-2025,Microsoft,383.2297753,388.3395092,380.8531626,388.0325317,18973200
28-04-2025,Microsoft,388.1414067,388.9138065,382.8732586,387.3492126,16579400
29-04-2025,Microsoft,387.4878451,391.2508427,386.5768249,390.2011719,14974000
30-04-2025,Microsoft,386.4976014,392.7956566,380.6947053,391.4093018,36461100
01-05-2025,Microsoft,426.9100091,432.7327296,420.7605169,421.2556458,58938100
02-05-2025,Microsoft,427.5338772,435.1588741,425.8009262,431.0393982,30757400
05-05-2025,Microsoft,428.6528468,435.2182602,427.9002413,431.9207153,20136100
06-05-2025,Microsoft,427.9894209,433.4655452,426.9694566,429.0885925,15104200
07-05-2025,Microsoft,429.613421,433.851723,426.9100064,429.1282043,23295300
08-05-2025,Microsoft,433.6635627,439.3476627,431.4156885,433.9012451,23491300
09-05-2025,Microsoft,435.7134271,436.4462082,431.6335698,434.4558105,15324200
12-05-2025,Microsoft,441.5955765,444.9921536,435.4955847,444.8832397,22821900
13-05-2025,Microsoft,443.417638,446.2794975,441.0212008,444.7644043,23618800
14-05-2025,Microsoft,443.7741187,449.4779827,443.7741187,448.5273438,19902800
15-05-2025,Microsoft,447.1979617,452.5750254,446.8606596,449.5392761,21992300
16-05-2025,Microsoft,448.4677874,450.7594797,445.1741192,450.6701965,23849800
19-05-2025,Microsoft,447.3070896,455.9480604,447.2277066,455.2337646,21336500
20-05-2025,Microsoft,451.9797649,454.7079731,450.7198397,454.5393372,15441800
21-05-2025,Microsoft,450.9678857,454.1524404,448.2297469,448.9837341,19216900
22-05-2025,Microsoft,451.3448677,456.6028569,450.30317,451.2555542,18025600
23-05-2025,Microsoft,446.4142434,450.0948358,445.3527151,446.6126404,16883500
27-05-2025,Microsoft,452.8627374,457.2973171,452.5055744,457.0393677,20974300
28-05-2025,Microsoft,457.5651764,458.8548628,453.309163,453.7357483,17086300
29-05-2025,Microsoft,457.8925713,458.0612375,451.702028,455.0453186,13974800
30-05-2025,Microsoft,456.0770624,458.0215223,451.930193,456.7119751,34770500
02-06-2025,Microsoft,453.5175221,458.4481095,453.2695031,458.3092346,16626500
03-06-2025,Microsoft,457.813156,460.4620114,457.2079741,459.3012695,15743800
04-06-2025,Microsoft,460.3231275,461.9997379,459.3508824,460.1941528,14162700
05-06-2025,Microsoft,461.2755517,465.9283895,460.3529284,463.973999,20131700
06-06-2025,Microsoft,466.3648775,469.5891236,465.0652607,466.6525879,15285600
09-06-2025,Microsoft,465.9779957,469.6784189,464.906537,469.0038147,16469900
10-06-2025,Microsoft,467.4562041,469.0534316,463.2597125,467.1883545,15375900
11-06-2025,Microsoft,466.2954443,471.7022694,465.9383116,468.8748474,16399200
12-06-2025,Microsoft,471.2558196,476.613053,469.767706,475.0753174,18950600
13-06-2025,Microsoft,472.634811,475.3828499,469.0137406,471.1962891,16814500
16-06-2025,Microsoft,471.4442896,476.8808754,471.2359622,475.3431702,15626100
17-06-2025,Microsoft,471.6327976,474.9463269,470.3232504,474.2518921,15414100
18-06-2025,Microsoft,474.2122083,477.1884355,470.7002516,476.4344482,17526500
20-06-2025,Microsoft,478.4086552,479.6288889,473.091114,473.6169128,37576200
23-06-2025,Microsoft,474.4205553,483.8849669,468.7657415,482.1488342,24864000
24-06-2025,Microsoft,485.0754456,487.9524592,482.9424585,486.2262268,22305600
25-06-2025,Microsoft,488.1409521,490.640972,485.5119574,488.3691101,17495100
26-06-2025,Microsoft,489.0735074,494.0934082,488.9048412,493.5080872,21578900
27-06-2025,Microsoft,493.6072677,495.3434002,489.1230963,492.0100403,34539200
30-06-2025,Microsoft,493.1013206,496.7918435,491.4048494,493.4683838,28369000
01-07-2025,Microsoft,492.5358056,494.1032718,487.0893199,488.1508179,19945400
02-07-2025,Microsoft,486.1071969,489.5893926,484.827441,487.1984863,16319600
03-07-2025,Microsoft,489.8969449,496.1668712,489.5298817,494.887085,13984800
07-07-2025,Microsoft,493.4386073,494.7977462,491.3056507,493.7759094,13981600
08-07-2025,Microsoft,493.2997134,494.2521279,490.1945116,492.6846313,11846600
09-07-2025,Microsoft,496.3354955,502.7641574,495.7799355,499.5200806,18659500
10-07-2025,Microsoft,499.0636699,500.4426696,493.8056808,497.506134,16492100
11-07-2025,Microsoft,494.5199698,501.0279839,493.8552658,499.331543,16459500
14-07-2025,Microsoft,497.5457915,499.976389,497.0596841,499.033905,12058800
15-07-2025,Microsoft,499.0339373,504.2720961,498.8057792,501.8117676,14927200
16-07-2025,Microsoft,501.1768265,502.7046317,497.9129191,501.6133423,15154400
17-07-2025,Microsoft,501.6728266,509.301891,501.6133045,507.6451416,17503100
18-07-2025,Microsoft,510.4030974,510.5618634,503.4089757,506.0082092,21209700
21-07-2025,Microsoft,502.6946981,508.0321008,501.5438866,506.018158,14066800
22-07-2025,Microsoft,506.9209264,507.1491147,501.2660828,501.2660828,13868600
23-07-2025,Microsoft,502.7343596,502.7740511,496.7323137,501.8613281,16396600
24-07-2025,Microsoft,504.7383695,509.5995346,503.2800169,506.831665,16107000
25-07-2025,Microsoft,508.4090574,514.1829458,506.315792,509.6392822,19125700
28-07-2025,Microsoft,510.0063089,510.9190016,506.0776672,508.4388123,14308000
29-07-2025,Microsoft,511.4448056,513.5182098,507.5062336,508.5082397,16469200
30-07-2025,Microsoft,511.087642,511.8614902,505.4030674,509.1729431,26380400
31-07-2025,Microsoft,550.8301861,551.0484742,527.685103,529.2723999,51617300
01-08-2025,Microsoft,530.7605062,531.5541546,516.732541,519.9567871,28977600
04-08-2025,Microsoft,524.0837935,533.9846885,523.9448883,531.3953857,25349000
05-08-2025,Microsoft,532.9232605,533.0423048,523.0620248,523.5679932,19171600
06-08-2025,Microsoft,526.6930053,527.4866537,519.8774502,520.7802124,21355700
07-08-2025,Microsoft,522.6254396,523.905256,513.4487399,516.7127075,16079100
08-08-2025,Microsoft,518.4588193,520.5024932,515.2940949,517.9032593,15531000
11-08-2025,Microsoft,518.1611446,523.409264,515.6015723,517.635376,20194400
12-08-2025,Microsoft,519.5995962,526.7722834,518.5579289,525.0460815,18667000
13-08-2025,Microsoft,527.893374,528.4787253,515.2543396,516.4547729,19619200
14-08-2025,Microsoft,518.4190437,521.7821946,516.0182376,518.3396606,20269100
15-08-2025,Microsoft,518.627468,521.9310367,514.966706,516.0480347,25213300
18-08-2025,Microsoft,517.4567901,518.6770238,509.9467698,513.0023193,23760600
19-08-2025,Microsoft,510.9190052,511.0777107,504.5201046,505.7304382,21481000
20-08-2025,Microsoft,505.8296633,506.9507137,500.4426992,501.7125549,27723000
21-08-2025,Microsoft,500.5200934,504.4352999,499.5561967,501.0666199,18443300
22-08-2025,Microsoft,501.0765547,507.5157844,499.2481382,504.0378113,24324200
25-08-2025,Microsoft,503.4415972,504.9917771,500.9473838,501.0865173,21638600
26-08-2025,Microsoft,501.1858695,501.8019931,495.3727099,498.8804932,30835700
27-08-2025,Microsoft,498.8407435,504.0974602,496.7539534,503.5509033,17277900
28-08-2025,Microsoft,503.8986777,507.8735041,502.3186878,506.4326477,18015600
29-08-2025,Microsoft,505.4587934,506.39288,501.3150236,503.5011902,20961600
02-09-2025,Microsoft,497.320341,502.8155372,493.6833712,501.9410706,18128000
03-09-2025,Microsoft,500.6194673,504.5942938,499.1587174,502.1696472,16345100
04-09-2025,Microsoft,501.1262461,504.9520228,499.9834896,504.7731628,15509500
05-09-2025,Microsoft,505.8662247,508.7479678,489.2713124,491.8847656,31994800
08-09-2025,Microsoft,494.975176,498.045756,491.914573,495.0646362,16771000
09-09-2025,Microsoft,498.2742985,499.0891452,494.5677922,495.2733154,14410500
10-09-2025,Microsoft,499.8145678,500.0629945,493.5939547,497.2209778,21611800
11-09-2025,Microsoft,499.0891812,500.0034047,494.7466879,497.8569946,18881600
12-09-2025,Microsoft,503.4614629,509.3243261,500.6790965,506.6910095,23624900
15-09-2025,Microsoft,505.5880086,512.2259314,503.8092652,512.1166382,17143800
16-09-2025,Microsoft,513.627082,513.9748551,505.3991924,505.8364258,19711900
17-09-2025,Microsoft,507.4064717,508.0722685,502.7459852,506.8102417,15816600
18-09-2025,Microsoft,508.2709989,509.8410724,504.4651159,505.2501526,18913700
19-09-2025,Microsoft,507.3468581,516.0318444,507.0984315,514.6704712,52474100
22-09-2025,Microsoft,512.3452425,514.4816754,509.3143887,511.2124023,20009300
23-09-2025,Microsoft,510.5664851,511.3515522,504.1173384,506.0252686,19799600
24-09-2025,Microsoft,507.167986,509.2547457,503.7297697,506.9394226,13533700
25-09-2025,Microsoft,505.1010467,506.8003068,501.8615839,503.8390503,15786500
26-09-2025,Microsoft,506.8499972,510.7055838,503.431644,508.2411804,16213100
29-09-2025,Microsoft,508.2808926,513.5971983,505.6773864,511.3613586,17617800
30-09-2025,Microsoft,510.0099885,514.8990082,506.4525321,514.6903687,19728200
01-10-2025,Microsoft,511.5601367,517.2342232,508.4697238,516.43927,22632300
02-10-2025,Microsoft,514.3823296,518.3173692,507.4661094,512.4942627,21222900
03-10-2025,Microsoft,513.8456285,517.2143083,511.7588691,514.0940552,15112300
06-10-2025,Microsoft,515.3461902,527.6880705,514.9387972,525.2435303,21388600
07-10-2025,Microsoft,524.9652461,526.4657528,518.1583801,520.682373,14615200
08-10-2025,Microsoft,519.986809,523.6336952,519.7980024,521.546875,13363400
09-10-2025,Microsoft,519.0527458,521.0302122,514.1438326,519.1123657,18343600
10-10-2025,Microsoft,516.3697202,520.2849267,506.4227073,507.7443237,24133800
13-10-2025,Microsoft,513.1599828,513.1599828,508.4597701,510.8148499,14284200
14-10-2025,Microsoft,507.0189446,512.0371813,502.8155547,510.3379211,14684300
15-10-2025,Microsoft,511.7191918,513.9351382,506.790385,510.1987915,14694700
16-10-2025,Microsoft,509.3541552,513.5972412,504.9321486,508.3902283,15559600
17-10-2025,Microsoft,505.8364333,512.2358761,504.1173099,510.3478699,19867800
20-10-2025,Microsoft,511.3713246,515.4356112,510.1987581,513.5375977,14665600
21-10-2025,Microsoft,514.2431943,515.4257076,509.8112407,514.4021606,15586200
22-10-2025,Microsoft,517.8703063,521.9245863,514.4519526,517.2640991,18962700
23-10-2025,Microsoft,519.1720025,520.6526157,515.3461954,517.2839355,14023500
24-10-2025,Microsoft,519.4998506,522.043737,517.4329845,520.3146973,15532400
27-10-2025,Microsoft,528.4333612,531.2157278,525.6807744,528.1749878,18734700
28-10-2025,Microsoft,546.5386558,550.2352154,537.3667628,538.6585693,29986700
29-10-2025,Microsoft,541.5105259,542.8321728,533.3521722,538.1418457,36023000
30-10-2025,Microsoft,527.1414993,531.6032326,518.834126,522.4512329,41023100
31-10-2025,Microsoft,525.5515478,525.9887811,511.8582418,514.5512085,34006400
03-11-2025,Microsoft,516.5386571,521.6562706,511.3515374,513.7761841,22374700
04-11-2025,Microsoft,508.5393367,512.3054632,504.6439932,511.0931702,20958700
05-11-2025,Microsoft,510.0696047,511.590005,503.3918949,503.9682617,23024300
06-11-2025,Microsoft,502.4776837,502.5174405,492.6896676,493.9715576,27406500
07-11-2025,Microsoft,493.8225156,496.2372154,490.145789,493.6933289,24019800
10-11-2025,Microsoft,496.8930688,503.6602085,495.6608519,502.8155518,26101500
11-11-2025,Microsoft,501.6230817,506.3928916,499.1885188,505.4786682,17980000
12-11-2025,Microsoft,506.1544213,508.4499116,495.9788746,507.9232483,26574900
13-11-2025,Microsoft,507.0983983,510.2683247,498.135176,500.1225891,25273100
14-11-2025,Microsoft,495.0944325,508.3802844,494.3093958,506.9692078,28505700
17-11-2025,Microsoft,505.2501533,508.8970397,501.7324233,504.2961731,19092800
18-11-2025,Microsoft,492.2524467,499.8145699,483.7165104,490.6824036,33815100
19-11-2025,Microsoft,487.0156084,492.0735713,479.791342,484.0543518,23245300
20-11-2025,Microsoft,490.5255252,491.3817282,473.3918356,476.3088379,26802500
21-11-2025,Microsoft,476.3785437,476.796695,466.1938881,470.026825,31769200
24-11-2025,Microsoft,472.894065,474.7856352,465.9450002,471.8984985,34421000
25-11-2025,Microsoft,471.9681767,477.0256407,462.8288843,474.8752136,28019800
26-11-2025,Microsoft,484.1539406,486.1450736,479.0666104,483.3475342,25709100
28-11-2025,Microsoft,485.4382225,490.4459207,484.4924222,489.8286743,14386700
01-12-2025,Microsoft,486.2744758,487.6881632,482.5012705,484.5820007,23964000
02-12-2025,Microsoft,484.5621188,491.3120584,484.1638983,487.8275757,19562700
03-12-2025,Microsoft,474.2082167,482.0930859,473.0931871,475.611969,34615100
04-12-2025,Microsoft,477.6329925,479.1860738,474.3774706,478.7081909,22318200
05-12-2025,Microsoft,480.3807062,481.2568095,476.7568602,481.0178833,22608700
08-12-2025,Microsoft,482.740251,490.117372,482.2325024,488.8430481,21965900
09-12-2025,Microsoft,486.9315555,489.9381553,486.3342096,489.8385925,14696100
10-12-2025,Microsoft,481.8840433,482.1030692,472.9737112,476.4382935,35756200
11-12-2025,Microsoft,474.5168368,483.8751552,473.7502312,481.3265076,24669200
12-12-2025,Microsoft,477.692706,480.3110506,474.2281238,476.4084167,21248100
15-12-2025,Microsoft,477.971464,478.5887103,470.4250532,472.7148743,23727700
16-12-2025,Microsoft,469.8177749,475.7712733,468.7923426,474.2779236,20705600
17-12-2025,Microsoft,474.7956002,477.8718969,472.8940647,474.0090942,24527200
18-12-2025,Microsoft,476.0699208,487.4293376,475.771263,481.834259,28573500
19-12-2025,Microsoft,485.1992432,485.6870914,480.3508396,483.7656555,70836100
22-12-2025,Microsoft,483.9647726,486.5632169,480.5499869,482.7701111,16963000
23-12-2025,Microsoft,482.8298239,485.667164,482.5908673,484.6915283,14683600
24-12-2025,Microsoft,483.5267014,486.9912836,482.6804639,485.8563232,5855900
26-12-2025,Microsoft,484.5521325,485.9558849,483.8054577,485.547699,8842200
29-12-2025,Microsoft,482.7103402,486.1848878,482.0333623,484.9404297,10893400
30-12-2025,Microsoft,483.7755794,487.5089535,483.3474932,485.3187256,13944500
31-12-2025,Microsoft,485.6771524,485.9758406,481.157272,481.4758606,15601600
02-01-2020,Google,66.8279159,67.83250427,66.73275902,67.83250427,27278000
03-01-2020,Google,66.80760018,68.08378239,66.77389484,67.4776535,23408000
06-01-2020,Google,66.9875034,69.30148793,66.95628607,69.2762146,46768000
07-01-2020,Google,69.40755334,69.5582178,68.96646486,69.14240265,34330000
08-01-2020,Google,69.12801133,69.97202855,69.01947668,69.63452148,35314000
09-01-2020,Google,70.47161667,70.80615184,69.89076858,70.36556244,33200000
10-01-2020,Google,70.84529585,71.1163905,70.35613364,70.82001495,26258000
13-01-2020,Google,71.13174702,71.44050967,70.64209329,71.36865234,30730000
14-01-2020,Google,71.36716436,71.4975088,70.7610355,70.90080261,26076000
15-01-2020,Google,71.02124764,71.40583792,70.95384452,71.32752991,21550000
16-01-2020,Google,71.63727803,71.89747539,71.36717401,71.87071228,26080000
17-01-2020,Google,72.48425361,73.37683618,72.18738653,73.32579041,52424000
21-01-2020,Google,73.30004278,73.8392678,72.86440668,73.46112061,48930000
22-01-2020,Google,73.8318287,74.36955634,73.48143531,73.54139709,28458000
23-01-2020,Google,73.72376442,74.01865016,73.36543824,73.58201599,26650000
24-01-2020,Google,73.9849542,74.05334797,72.51597775,72.66416931,29786000
27-01-2020,Google,70.94788317,71.19766715,70.35116944,70.95729828,34132000
28-01-2020,Google,71.4533966,72.100657,70.88939753,71.88755035,29724000
29-01-2020,Google,72.28205585,72.56356387,71.63430382,72.19483185,21566000
30-01-2020,Google,71.27300467,72.12296603,71.11936822,72.07341003,27110000
31-01-2020,Google,72.74792747,72.83763192,70.72585665,71.00934601,43822000
03-02-2020,Google,72.44016066,73.66183373,72.19037663,73.47845459,71636000
04-02-2020,Google,72.08529639,72.72214344,70.47656053,71.63528442,95880000
05-02-2020,Google,72.5372965,72.58537029,70.85571232,71.66701508,36376000
06-02-2020,Google,71.96089841,73.42690278,71.88656064,73.14985657,37822000
07-02-2020,Google,72.72463294,73.60978186,72.62650404,73.30548096,28360000
10-02-2020,Google,73.2123139,74.78090153,73.11170456,74.76999664,38302000
11-02-2020,Google,74.99846725,75.82167304,74.61090502,74.83937836,34852000
12-02-2020,Google,75.12683533,75.34688423,74.77049797,75.26412201,31042000
13-02-2020,Google,74.83639736,75.62688839,74.53903117,75.00440979,22914000
14-02-2020,Google,75.06092014,75.33449527,74.61586145,75.26907349,23198000
18-02-2020,Google,75.05149664,75.85536548,74.8864562,75.30425262,25642000
19-02-2020,Google,75.68886406,75.86431032,75.38060044,75.57338715,22746000
20-02-2020,Google,75.28294866,75.68240645,74.55192775,75.18283844,25962000
21-02-2020,Google,74.56780619,74.88351117,73.27477469,73.52108765,42520000
24-02-2020,Google,70.52710914,71.18775488,69.72125897,70.36901093,49560000
25-02-2020,Google,70.92113012,71.21105502,68.41435887,68.70676422,51580000
26-02-2020,Google,69.1359498,70.06223775,68.22254807,68.91242981,49776000
27-02-2020,Google,67.35971544,67.86820709,65.1344444,65.16963196,62290000
28-02-2020,Google,63.15548441,66.53253692,62.85316485,66.37394714,80198000
02-03-2020,Google,66.97561657,68.763754,65.6776245,68.70676422,55430000
03-03-2020,Google,69.26976928,69.79064794,65.8778417,66.29811859,56602000
04-03-2020,Google,67.35078505,68.53131891,66.26243609,68.47283936,47598000
05-03-2020,Google,66.68617597,67.086632,64.50997717,65.16020966,54380000
06-03-2020,Google,62.93940012,64.56498121,62.3079979,64.21756744,64640000
09-03-2020,Google,59.71846257,62.08596951,59.37550301,60.25520325,69252000
10-03-2020,Google,62.1682393,63.23180641,60.19176195,63.19810486,54872000
11-03-2020,Google,61.86493643,62.29412937,59.0335403,60.01285553,54732000
12-03-2020,Google,55.63765224,58.91509014,54.93637017,55.08901596,94326000
13-03-2020,Google,58.23313582,60.18631753,55.12568803,60.17987442,79400000
16-03-2020,Google,54.0016536,56.77010435,52.88505557,53.17845535,96520000
17-03-2020,Google,54.05269962,55.80515778,51.99395548,55.4116478,83194000
18-03-2020,Google,52.53119321,54.76389387,51.39427143,54.07995987,93044000
19-03-2020,Google,53.93276412,57.12396842,52.31362231,55.09495926,74064000
20-03-2020,Google,56.04800365,56.42367408,52.63824042,52.9410553,82878000
23-03-2020,Google,52.35425928,52.8766277,50.00013403,52.24324417,83672000
24-03-2020,Google,54.71384322,56.16844378,53.84405337,56.00390244,72468000
25-03-2020,Google,55.73479065,56.80480099,53.67456021,54.59688187,90324000
26-03-2020,Google,55.24611965,58.05917686,54.1215925,57.63493729,76562000
27-03-2020,Google,55.8780188,57.04665709,54.71483295,55.02508163,62794000
30-03-2020,Google,56.13424236,57.04417302,54.44174969,56.81173325,58736000
31-03-2020,Google,56.93167111,58.15432709,56.33644712,57.58686066,65228000
01-04-2020,Google,55.70603957,55.97465756,54.19394647,54.62066269,51970000
02-04-2020,Google,54.51659352,55.64508722,54.17611437,55.36061096,56410000
03-04-2020,Google,55.24562211,55.44782767,53.28153946,54.15479279,51374000
06-04-2020,Google,56.15208099,59.01419852,55.75559524,58.63952255,63320000
07-04-2020,Google,60.3156633,60.50250975,58.34513751,58.60830307,61620000
08-04-2020,Google,59.62628284,60.21109734,58.67719807,59.81956863,40334000
09-04-2020,Google,60.37365915,60.56248317,59.09697764,59.79825974,54028000
13-04-2020,Google,59.54698356,60.19226269,58.59690819,59.98856735,38702000
14-04-2020,Google,61.45357904,63.2268527,60.88709944,62.70547867,63358000
15-04-2020,Google,61.7777025,63.1951341,61.15770049,62.31246185,42236000
16-04-2020,Google,62.80013419,63.10840153,61.36585371,62.31890106,57896000
17-04-2020,Google,63.52173597,63.93308932,62.74363574,63.38792419,51050000
20-04-2020,Google,62.93642855,63.27988346,62.26983874,62.5032692,35292000
21-04-2020,Google,61.58937668,61.95067115,59.72044699,60.07530212,49648000
22-04-2020,Google,61.51008222,63.43154382,61.31630108,62.36748123,46296000
23-04-2020,Google,62.73074553,63.84139949,62.4725371,62.99985886,34202000
24-04-2020,Google,62.19847254,63.32399416,61.6533074,63.26898193,37402000
27-04-2020,Google,64.03221369,64.13629415,62.69705267,62.9845047,44186000
28-04-2020,Google,63.596079,63.67338877,60.97828904,61.08781815,80700000
29-04-2020,Google,66.65891696,67.40975874,65.75344808,66.51915741,108358000
30-04-2020,Google,65.98291478,66.90672237,65.49424409,66.74317169,55842000
01-05-2020,Google,65.62260463,66.97759397,64.90744953,65.28707886,48872000
04-05-2020,Google,64.83162512,65.6414456,64.23094865,65.56362915,30806000
05-05-2020,Google,66.28720533,67.94797758,66.16479379,66.85813904,39666000
06-05-2020,Google,67.30320698,67.83300921,66.66536163,66.68022919,31732000
07-05-2020,Google,67.46724766,68.19529655,67.03260233,67.86224365,30652000
08-05-2020,Google,68.48375056,69.21823512,67.99756026,68.60864258,33326000
11-05-2020,Google,68.23445663,70.15442845,68.17052462,69.56267548,32718000
12-05-2020,Google,69.79213587,70.09494697,68.12144923,68.15465546,33918000
13-05-2020,Google,68.20321597,68.65768971,65.8168753,66.82394409,40368000
14-05-2020,Google,66.08997649,67.2719927,65.58346618,67.24671936,36660000
15-05-2020,Google,66.82049186,68.12491951,66.36155626,68.04959106,41544000
18-05-2020,Google,67.48063206,69.02592758,67.11487206,68.65026093,47094000
19-05-2020,Google,68.66512886,69.01254263,68.08428087,68.11599731,31586000
20-05-2020,Google,68.84750403,69.98095459,68.76127071,69.8387146,38262000
21-05-2020,Google,69.92942638,70.20052109,69.1067196,69.71929169,30894000
22-05-2020,Google,69.57803347,70.22727526,69.18402813,70.0409317,28544000
26-05-2020,Google,71.46430182,71.6204187,70.34621789,70.44384766,44590000
27-05-2020,Google,70.37596228,70.64111297,69.11712797,70.38983917,31684000
28-05-2020,Google,69.38474775,71.58820868,69.33915442,70.28873444,35170000
29-05-2020,Google,70.39727026,71.2051094,70.17672981,71.04602051,37044000
01-06-2020,Google,70.65845645,71.44547645,70.48895422,71.11292267,25162000
02-06-2020,Google,71.11937002,71.51585583,70.4557522,71.48165894,23442000
03-06-2020,Google,71.50097863,71.81370395,70.95184712,71.3299942,27732000
04-06-2020,Google,71.20758144,71.43259123,69.68260585,70.09346008,26982000
05-06-2020,Google,70.15987641,71.6794072,69.76239994,71.36816406,42642000
08-06-2020,Google,70.68720552,71.81321493,70.59799262,71.76564026,33878000
09-06-2020,Google,71.62687671,72.74496087,71.48413757,71.96586609,33624000
10-06-2020,Google,72.433218,72.99126557,72.07886199,72.59131622,31762000
11-06-2020,Google,71.41821322,71.94207145,69.30594658,69.47891235,47144000
12-06-2020,Google,70.66638675,71.09508812,68.68099327,70.02507782,36676000
15-06-2020,Google,68.86386911,70.62376114,68.75037355,70.4126358,30468000
16-06-2020,Google,71.81321162,72.21812185,70.82150937,71.68782806,30648000
17-06-2020,Google,72.00849117,72.46741921,71.12581508,71.98866272,30610000
18-06-2020,Google,71.85535389,72.00998103,70.68522566,71.07576752,34862000
19-06-2020,Google,71.36716642,71.5901873,70.32639222,70.60591888,52784000
22-06-2020,Google,70.62426352,71.90986093,70.33582083,71.89548492,29442000
23-06-2020,Google,71.96189927,73.11170738,71.61497702,72.55563354,37752000
24-06-2020,Google,72.52094697,73.14094526,70.87157078,71.00538635,31592000
25-06-2020,Google,70.93202293,71.48214515,70.35315627,71.42168427,23958000
26-06-2020,Google,71.00190487,71.21947331,67.15452055,67.52820587,97640000
29-06-2020,Google,67.41917028,69.28562306,66.98848763,69.24448395,45074000
30-06-2020,Google,69.23012852,70.57420558,68.73699601,70.27931976,40286000
01-07-2020,Google,70.33483898,71.78745836,70.08752782,71.46630096,42182000
02-07-2020,Google,71.95396435,73.77184427,71.91579724,72.85050964,57218000
06-07-2020,Google,73.75351267,74.83640917,73.19991931,74.32345581,44712000
07-07-2020,Google,74.14899664,75.39742496,73.83031978,73.84122467,42364000
08-07-2020,Google,74.38044956,74.89439356,73.959182,74.51921844,31766000
09-07-2020,Google,74.83293809,75.78499858,74.12224472,75.26560211,41836000
10-07-2020,Google,74.99748087,76.38963919,74.37649194,76.27416229,35918000
13-07-2020,Google,76.81585573,78.1252442,74.66592104,74.94692993,42954000
14-07-2020,Google,73.98347376,75.47078135,73.64348619,75.37463379,38108000
15-07-2020,Google,75.49209775,76.14133959,74.2332634,75.17739105,31026000
16-07-2020,Google,74.41513841,75.12931042,73.75945351,75.08024597,26484000
17-07-2020,Google,75.17887532,75.50201403,74.2466432,75.17590332,34264000
20-07-2020,Google,75.0842151,77.76098025,74.4746226,77.50475311,30166000
21-07-2020,Google,78.55493318,78.6550434,76.9486701,77.11222076,27486000
22-07-2020,Google,77.10181793,77.66036461,76.48330193,77.55480194,24482000
23-07-2020,Google,77.608331,77.82738924,74.76652552,75.17094421,33910000
24-07-2020,Google,74.30065587,75.10551539,73.7257519,74.74768829,29902000
27-07-2020,Google,74.99797375,76.20229107,74.95188131,75.79936218,27124000
28-07-2020,Google,75.57982039,75.62987551,74.36657939,74.52170563,30910000
29-07-2020,Google,74.58860175,75.99264796,74.48997375,75.50596619,22676000
30-07-2020,Google,74.24018952,76.36733127,74.10142063,76.24243927,36042000
31-07-2020,Google,74.19459396,74.58958994,72.06100916,73.74359131,91468000
03-08-2020,Google,73.89476289,74.2282998,72.93923127,73.48638153,45482000
04-08-2020,Google,73.68214847,73.99933561,72.55811283,73.01753998,37212000
05-08-2020,Google,73.19198419,73.84518857,72.91443887,73.30448151,29134000
06-08-2020,Google,73.15878242,74.65154238,72.94814864,74.58612061,33306000
07-08-2020,Google,74.78882894,75.3364707,73.66033163,74.2600174,27718000
10-08-2020,Google,73.88484774,74.69515978,73.2251926,74.18320465,20546000
11-08-2020,Google,74.04343941,74.85822081,73.25989047,73.37635803,31098000
12-08-2020,Google,73.7024759,74.91918811,73.59740477,74.69963074,22512000
13-08-2020,Google,74.74769708,76.17306163,74.74769708,75.16598511,22388000
14-08-2020,Google,75.01531785,75.32160764,74.29123916,74.57026672,21942000
17-08-2020,Google,75.13228263,75.5193533,74.58860351,75.1456604,19990000
18-08-2020,Google,75.63531858,77.1840852,75.41477814,77.10528564,28378000
19-08-2020,Google,76.94223101,77.75354126,76.32322344,76.55169678,30472000
20-08-2020,Google,76.3217375,78.31407321,76.04866148,78.11979675,26382000
21-08-2020,Google,77.89923987,78.89442072,77.42891544,78.08609009,34838000
24-08-2020,Google,78.92365536,79.73199355,78.05981719,78.56087494,25638000
25-08-2020,Google,78.31060211,79.73695733,78.20057766,79.58679199,25150000
26-08-2020,Google,79.60908564,81.91315583,79.34542476,81.48395538,52188000
27-08-2020,Google,81.60687253,81.67526631,80.22909023,80.71032715,31350000
28-08-2020,Google,80.7574059,81.34617923,80.56610145,81.25102234,22418000
31-08-2020,Google,81.45620174,81.50229418,80.55222265,80.76037598,26422000
01-09-2020,Google,80.89072587,82.23183082,80.76038141,82.02664948,22652000
02-09-2020,Google,82.66745312,85.54642701,82.27989094,85.11475372,49522000
03-09-2020,Google,84.22911293,84.25290404,79.67896063,80.75938416,63726000
04-09-2020,Google,79.74289126,81.03096897,76.22260832,78.36560822,55850000
08-09-2020,Google,75.57982146,77.09389229,75.15855386,75.51043701,54032000
09-09-2020,Google,76.76431893,77.25100076,75.58824679,76.6815567,39242000
10-09-2020,Google,76.82775167,77.99142902,75.33201208,75.6318512,33024000
11-09-2020,Google,75.73594152,76.25880159,73.99487948,75.12188721,30706000
14-09-2020,Google,75.90938975,77.16575112,74.59405727,74.77841949,42660000
15-09-2020,Google,75.72304881,76.86789599,75.4360959,76.08136749,23042000
16-09-2020,Google,76.44614809,77.03542066,74.91522066,74.94000244,22128000
17-09-2020,Google,73.63754158,74.27439632,72.48030722,73.69850159,40008000
18-09-2020,Google,73.76094545,74.10291435,70.95185468,71.91679382,63056000
21-09-2020,Google,70.951849,71.37013698,69.51756862,70.87850189,56908000
22-09-2020,Google,71.87864838,72.55515254,70.84679747,72.34947205,33950000
23-09-2020,Google,71.96634966,72.0154141,69.51756672,69.85011292,37726000
24-09-2020,Google,69.51758855,71.26756675,69.49131698,70.51771545,34552000
25-09-2020,Google,70.62625113,71.6615655,69.76538477,71.32059479,30326000
28-09-2020,Google,72.95263051,73.00218652,71.6784293,72.29198456,30784000
29-09-2020,Google,72.55218151,72.95312161,72.06103028,72.65675354,31816000
30-09-2020,Google,72.40497149,73.65687119,72.14825279,72.63592529,40924000
01-10-2020,Google,73.53099231,74.0964813,73.1910047,73.74112701,32884000
02-10-2020,Google,72.34004109,73.30151666,71.7314393,72.14031219,31222000
05-10-2020,Google,72.48971109,73.58252172,72.36283776,73.48984528,21602000
06-10-2020,Google,73.12657101,73.57360347,71.61547229,71.91333008,26096000
07-10-2020,Google,72.32419746,72.80295401,71.03165762,72.31577301,36108000
08-10-2020,Google,72.62849926,73.74757419,72.62849926,73.51959991,26076000
09-10-2020,Google,73.98693254,74.92808805,73.69650855,74.85870361,32966000
12-10-2020,Google,76.22411049,78.72294899,75.79292865,77.54192352,55344000
13-10-2020,Google,78.1574511,78.56137061,77.24652985,77.66481781,39072000
14-10-2020,Google,78.03803383,78.4964628,76.61564112,77.48493195,33174000
15-10-2020,Google,76.54625609,77.87943589,76.37924184,77.0899353,31210000
16-10-2020,Google,77.40513703,78.19215713,77.19847345,77.69606018,34194000
19-10-2020,Google,78.10393899,78.5004248,75.47673744,75.82514191,29734000
20-10-2020,Google,75.48614594,78.00035082,75.35679216,76.8723526,41670000
21-10-2020,Google,77.80260234,80.0472023,77.66829523,78.60250854,60322000
22-10-2020,Google,78.55344133,79.96194925,78.18074668,79.62692261,30512000
23-10-2020,Google,80.04274592,80.98786419,79.88712058,80.93136597,30548000
26-10-2020,Google,80.04026846,80.76285741,77.70001981,78.51826477,35826000
27-10-2020,Google,78.74822336,79.39597538,78.15647046,79.24134827,25902000
28-10-2020,Google,76.81933958,77.0076645,74.76109032,74.87606812,45174000
29-10-2020,Google,75.18432605,78.73880642,75.16103405,77.15981293,55406000
30-10-2020,Google,82.6392315,83.32713207,79.37467583,80.09528351,99878000
02-11-2020,Google,80.46350808,82.18325915,80.0025912,80.50216675,44228000
03-11-2020,Google,80.82133683,82.22092126,79.89703017,81.55978394,31432000
04-11-2020,Google,84.52944679,87.72362653,84.4015828,86.5252533,71342000
05-11-2020,Google,87.74445398,88.80356698,86.28638228,87.35044861,39758000
06-11-2020,Google,86.79735015,87.64781064,86.070791,87.21316528,28622000
09-11-2020,Google,89.00974514,90.0460502,87.10513238,87.29692841,53440000
10-11-2020,Google,85.72833198,87.19581875,85.05182793,86.12233734,43022000
11-11-2020,Google,86.65164652,87.37027284,86.38699493,86.59366608,31838000
12-11-2020,Google,86.33445918,87.47336244,86.13473026,86.37509918,26474000
13-11-2020,Google,86.63180867,88.07550413,86.03609315,87.83414459,29744000
16-11-2020,Google,87.43172969,88.92846008,87.29246167,87.92188263,25468000
17-11-2020,Google,87.61609557,88.07602186,87.20127862,87.30882263,21314000
18-11-2020,Google,87.06001562,87.47434095,86.1644534,86.26704407,20108000
19-11-2020,Google,85.89980034,87.39950253,85.74071146,87.15566254,20106000
20-11-2020,Google,87.32566264,87.64086843,85.98752968,86.05592346,27694000
23-11-2020,Google,86.24624458,86.53220683,84.75744704,85.61880493,22530000
24-11-2020,Google,85.61581962,87.54768669,85.28029385,87.41982269,27984000
25-11-2020,Google,87.61360946,87.74097434,86.64965345,87.43122101,19600000
27-11-2020,Google,87.45154481,89.06078,87.45154481,88.5656662,14790000
30-11-2020,Google,88.00216651,88.23460252,86.62388511,86.94900513,32418000
01-12-2020,Google,87.5566114,90.28541271,87.3767034,88.97899628,37350000
02-12-2020,Google,88.9790007,90.83157678,88.47398023,90.44648743,29424000
03-12-2020,Google,90.22694309,91.38120543,90.05149684,90.29137421,24728000
04-12-2020,Google,90.21108178,90.67100047,89.88249064,90.38652802,20544000
07-12-2020,Google,89.97962384,90.66058963,89.35962562,90.05297852,22288000
08-12-2020,Google,89.63121686,90.0004404,88.77679376,89.77047729,19936000
09-12-2020,Google,89.72241179,90.61500209,87.32566494,88.11169434,31728000
10-12-2020,Google,87.35539924,87.96945351,85.91467559,87.60568237,28688000
11-12-2020,Google,87.22654342,88.08443769,86.86673495,87.96003723,18628000
14-12-2020,Google,87.75783287,88.70344266,86.68781506,86.84294128,33050000
15-12-2020,Google,87.21959137,87.42477269,86.31809276,87.28005981,21352000
16-12-2020,Google,87.67804256,87.67804256,86.6843589,87.08728027,24676000
17-12-2020,Google,87.42132553,87.55910377,85.7967311,86.26061249,34880000
18-12-2020,Google,86.54112895,86.64966363,84.99632477,85.55239105,85256000
21-12-2020,Google,84.70539705,86.08665047,83.95554589,85.96572113,33974000
22-12-2020,Google,85.70652202,85.86908203,84.5393735,85.25502777,20370000
23-12-2020,Google,85.43890137,86.43902813,85.30359602,85.65200806,22974000
24-12-2020,Google,85.69015678,86.35476521,85.45970212,85.94589233,9312000
28-12-2020,Google,86.4786632,88.56466573,86.32552588,87.918396,27650000
29-12-2020,Google,88.57607631,88.63752786,86.98418918,87.11552429,19726000
30-12-2020,Google,87.47434197,87.61112952,85.64060373,86.04947662,21026000
31-12-2020,Google,86.10003914,87.10264635,86.04155202,86.86178589,21070000
04-01-2021,Google,87.22653988,87.3499421,84.60677229,85.54792786,37324000
05-01-2021,Google,85.49638913,86.57383322,85.0904882,86.23781586,20360000
06-01-2021,Google,84.26579999,86.43209217,84.05962797,85.38685608,46588000
07-01-2021,Google,85.57915244,88.10971491,85.57915244,87.93724823,41936000
08-01-2021,Google,88.07701572,89.17726037,87.28701601,89.1014328,35484000
11-01-2021,Google,88.07004469,88.43481398,86.83698309,87.04265594,34796000
12-01-2021,Google,86.5009706,87.61806394,85.06470882,86.10795593,29528000
13-01-2021,Google,85.60690309,87.0476343,85.60690309,86.59465027,23432000
14-01-2021,Google,86.67491943,87.6007158,85.54493997,85.78530884,29212000
15-01-2021,Google,85.69114958,86.6129758,84.83326292,85.62176514,31444000
19-01-2021,Google,86.3840159,89.39927874,85.8799861,88.43929291,41660000
20-01-2021,Google,90.51587075,94.15113931,90.17589074,93.17727661,64152000
21-01-2021,Google,93.85030959,95.75491453,93.144562,93.37947845,58634000
22-01-2021,Google,93.74176302,94.38258034,93.00033636,93.79627991,32744000
25-01-2021,Google,94.79642239,95.24643442,92.14096797,93.88153076,50586000
26-01-2021,Google,93.47067208,94.94559256,92.98200896,94.559021,31462000
27-01-2021,Google,92.92154743,93.1971039,89.0741626,90.14764404,82512000
28-01-2021,Google,90.74534418,93.5697941,90.74534418,91.84558868,55278000
29-01-2021,Google,90.8949918,91.56505259,89.28626361,90.56491852,44530000
01-02-2021,Google,91.41885802,94.93517824,91.41885802,93.82155609,40252000
02-02-2021,Google,94.81574276,96.61181294,94.48070854,95.11260986,66332000
03-02-2021,Google,102.3727366,104.4052131,99.79261084,102.0391922,97882000
04-02-2021,Google,102.1254377,102.5556213,100.8606518,101.7790146,48596000
05-02-2021,Google,102.0728988,103.8759114,101.5991032,103.5235367,29866000
08-02-2021,Google,104.0771281,104.8205361,102.2607377,103.3099289,28828000
09-02-2021,Google,102.8281936,104.0032749,102.5903051,102.8574371,21892000
10-02-2021,Google,103.2415191,104.0216044,101.7101006,103.4070511,25102000
11-02-2021,Google,103.6310836,103.7797592,102.5338111,103.5195694,20480000
12-02-2021,Google,103.0745163,104.0523417,102.7672358,103.8308105,18990000
16-02-2021,Google,103.6682552,106.3142945,103.6682552,104.6074295,31004000
17-02-2021,Google,103.7787802,105.1892774,103.4997602,104.9999542,20294000
18-02-2021,Google,104.3249256,105.1669617,103.7465505,104.3650665,22546000
19-02-2021,Google,104.4632012,104.9979568,103.2559043,103.5225372,37938000
22-02-2021,Google,101.7775193,103.1022745,101.4999815,101.8102264,29466000
23-02-2021,Google,99.81442377,102.7142097,98.63686194,102.100647,34658000
24-02-2021,Google,100.6098651,103.4982545,100.4854722,103.2747345,22608000
25-02-2021,Google,101.892983,103.2345869,99.44271023,99.91155243,41548000
26-02-2021,Google,100.6054068,101.9222291,99.17112632,100.2069397,40042000
01-03-2021,Google,101.499982,102.899075,100.8269491,102.5734634,26060000
02-03-2021,Google,102.3345739,103.8164366,101.9296712,102.3167343,25564000
03-03-2021,Google,101.6957384,102.8871695,98.82369885,99.68655396,33892000
04-03-2021,Google,99.85803897,102.8177943,99.39018738,100.8026657,49216000
05-03-2021,Google,102.1516957,104.3843925,100.4978579,103.9319077,53100000
08-03-2021,Google,103.2871325,104.7580827,99.37828873,99.49277496,36868000
09-03-2021,Google,101.5867013,102.2889701,100.8854155,101.1213226,33920000
10-03-2021,Google,102.1640766,102.1640766,100.0790648,100.9146576,27100000
11-03-2021,Google,102.0064828,104.6356654,101.9187596,104.1038818,27702000
12-03-2021,Google,102.9079952,102.9674654,100.7278262,101.5990982,33818000
15-03-2021,Google,101.3502954,101.8463922,100.4983527,101.8191376,26168000
16-03-2021,Google,102.3915791,104.7551199,102.0595244,103.278717,31900000
17-03-2021,Google,102.5144732,104.0275531,101.3076754,103.1959305,26382000
18-03-2021,Google,101.508888,102.5283516,100.0716356,100.178688,31700000
19-03-2021,Google,100.5945087,100.95679,99.26628238,100.457222,46072000
22-03-2021,Google,100.4904347,101.516833,99.81492131,100.6420898,33536000
23-03-2021,Google,101.1010169,102.2983997,100.5087724,101.1694107,28510000
24-03-2021,Google,101.6863276,102.4713664,100.5583293,100.733284,25218000
25-03-2021,Google,100.5608019,101.3830094,98.92728406,100.729805,35616000
26-03-2021,Google,100.6966121,101.0732695,99.31188745,100.3467178,27978000
29-03-2021,Google,100.2193383,101.5599518,99.39117913,101.3904495,26492000
30-03-2021,Google,101.7467805,102.2270191,100.9126774,101.4241409,27312000
31-03-2021,Google,101.8171595,103.3961603,101.4504088,102.2195892,42570000
01-04-2021,Google,103.6930297,105.8489084,103.6523897,105.5530319,39880000
05-04-2021,Google,106.4138828,110.4699191,106.3177353,109.9728241,48510000
06-04-2021,Google,109.5743819,110.4208797,109.121897,109.4921112,35240000
07-04-2021,Google,109.6824234,111.238624,109.6824234,110.9675293,24134000
08-04-2021,Google,112.205058,112.591138,111.1647827,111.5325241,28664000
09-04-2021,Google,111.2852194,112.69918,110.87981,112.5356293,26146000
12-04-2021,Google,111.7153914,111.8526705,110.411947,111.2445679,25024000
13-04-2021,Google,111.5602657,112.1787817,111.1667519,111.730751,25682000
14-04-2021,Google,112.3750459,112.3750459,110.8183538,111.11026,21002000
15-04-2021,Google,112.1034554,113.790991,111.5691914,113.2582092,29174000
16-04-2021,Google,113.4559568,113.7037594,112.5480074,113.1343079,26282000
19-04-2021,Google,112.511336,114.1919294,112.511336,113.4817276,30290000
20-04-2021,Google,113.8648187,113.9396556,111.8640664,112.9489441,22288000
21-04-2021,Google,112.6040107,112.9980161,111.2544738,112.9162445,23204000
22-04-2021,Google,112.7700354,113.4381149,111.031454,111.6360931,24146000
23-04-2021,Google,112.3537279,114.2925373,112.0687564,113.9857559,29066000
26-04-2021,Google,114.2132463,115.2049562,113.8564099,114.481369,32038000
27-04-2021,Google,114.8629677,114.9036077,113.3032963,113.5421829,44386000
28-04-2021,Google,118.5735752,120.500489,116.6268405,116.9152832,81106000
29-04-2021,Google,118.4115092,119.151446,117.6492635,118.5864563,41234000
30-04-2021,Google,117.3603334,118.0457534,116.2967663,116.6407166,44856000
03-05-2021,Google,117.2062116,118.0308997,115.748639,116.1243057,28242000
04-05-2021,Google,114.6607736,115.2277447,111.8422677,114.3277283,44818000
05-05-2021,Google,115.4081393,115.7238366,114.3995807,114.7212296,26636000
06-05-2021,Google,114.3029465,115.8403168,113.6442896,115.8403168,25190000
07-05-2021,Google,117.1556632,117.520425,116.2769497,116.562912,28898000
10-05-2021,Google,115.3838568,115.5256052,113.2230172,113.5803528,30914000
11-05-2021,Google,111.1677525,113.0118966,110.7142694,112.5053864,34186000
12-05-2021,Google,110.3311677,111.4110921,108.7169792,109.0455627,46376000
13-05-2021,Google,110.3276993,110.987846,109.3662237,110.4724197,33204000
14-05-2021,Google,111.9344544,113.2319474,111.5112055,112.9177322,31996000
17-05-2021,Google,112.1837478,113.4827306,111.7842899,113.4401093,21598000
18-05-2021,Google,114.1057042,114.3698642,112.1153498,112.1292267,22204000
19-05-2021,Google,110.4421911,112.7497251,110.2940071,112.5767593,23684000
20-05-2021,Google,113.5431881,114.5839548,113.1724747,114.3336792,32352000
21-05-2021,Google,114.8520816,114.9254363,113.4589326,113.6983109,40632000
24-05-2021,Google,114.7271829,117.2379167,114.5819709,117.0144043,31832000
25-05-2021,Google,117.5575798,118.1523046,116.7150523,117.1050949,22440000
26-05-2021,Google,117.2859904,118.3996202,117.2830184,117.9694366,21572000
27-05-2021,Google,118.4026036,118.4026036,116.7775177,117.0956955,35224000
28-05-2021,Google,117.6775356,117.7593072,116.6085159,116.8067551,21482000
01-06-2021,Google,117.6785144,118.237061,116.6793708,118.0125504,23354000
02-06-2021,Google,118.4075541,118.6300834,116.5842215,117.4877167,21158000
03-06-2021,Google,116.2556348,116.8151721,115.4522574,116.3473206,18696000
04-06-2021,Google,117.4222773,118.8971976,117.0822898,118.6265945,24458000
07-06-2021,Google,118.4219265,119.1688057,118.0036385,119.0592728,24120000
08-06-2021,Google,119.5405147,119.9127103,118.6865831,118.8679733,24240000
09-06-2021,Google,119.5117567,119.583614,118.7916407,119.3387909,17942000
10-06-2021,Google,119.2882532,120.729476,119.1326354,120.6863556,25904000
11-06-2021,Google,120.9277001,121.0129427,119.8849445,120.442009,21958000
14-06-2021,Google,120.5441136,121.3697924,119.8373829,121.3693008,22098000
15-06-2021,Google,121.3737629,121.6964025,119.9920178,120.3523254,21562000
16-06-2021,Google,120.5034634,120.8147065,118.4199411,119.7109909,26472000
17-06-2021,Google,119.6366503,121.4456067,119.4408841,120.6734543,25842000
18-06-2021,Google,120.3002628,120.5341886,118.9601486,119.0553055,46116000
21-06-2021,Google,119.4413869,120.9277038,118.8446731,120.7418518,27414000
22-06-2021,Google,120.6799144,121.324203,119.9999468,121.2553101,22390000
23-06-2021,Google,121.0203903,122.0135824,120.7636716,121.0535965,19148000
24-06-2021,Google,121.6215408,121.9739154,121.2250626,121.4233017,21362000
25-06-2021,Google,120.9277024,121.555142,120.4965282,121.4317322,34594000
28-06-2021,Google,121.6002414,121.7058116,120.3384351,121.4589996,28526000
29-06-2021,Google,121.5923271,121.9397485,120.6214363,121.1978226,23108000
30-06-2021,Google,120.9222522,121.1824496,120.287878,121.0164185,24474000
01-07-2021,Google,120.6551276,121.5095508,120.4633316,121.368309,18110000
02-07-2021,Google,122.0675958,124.3017824,121.9778913,124.1565704,25982000
06-07-2021,Google,124.5441423,125.316794,123.4875098,125.0808868,26404000
07-07-2021,Google,126.0443298,126.1652515,125.0441956,125.3623734,24060000
08-07-2021,Google,122.9358961,124.4915974,122.9319334,123.9449463,23790000
09-07-2021,Google,123.926121,124.6293805,123.4567796,124.4152832,18632000
12-07-2021,Google,125.0689831,125.9526497,124.5069653,125.8594742,17668000
13-07-2021,Google,125.9219213,126.9319622,125.5611222,126.2222595,19240000
14-07-2021,Google,126.8333314,128.1898105,126.790211,127.1098785,23742000
15-07-2021,Google,127.5182729,127.5688196,125.4178941,125.8887177,24218000
16-07-2021,Google,126.5409443,126.6881376,125.044713,125.8540344,20424000
19-07-2021,Google,124.9812677,125.0957539,122.4194804,123.4830551,27968000
20-07-2021,Google,124.424192,125.9263747,123.2575427,125.1002045,26312000
21-07-2021,Google,125.0248847,126.474532,124.9158509,126.427948,20746000
22-07-2021,Google,126.7203543,127.353738,126.3783854,127.2927704,14302000
23-07-2021,Google,129.2840991,132.2265138,128.6596467,131.8458862,41506000
26-07-2021,Google,132.156646,133.057154,131.1386646,132.8569336,30572000
27-07-2021,Google,133.070527,133.2177204,128.9604725,130.7406769,54710000
28-07-2021,Google,135.1139287,137.0814828,134.0885209,134.8978424,95130000
29-07-2021,Google,134.95333,135.4598402,134.3516704,134.5841064,31716000
30-07-2021,Google,133.8481185,134.1152505,133.0749755,133.5423279,25576000
02-08-2021,Google,133.929425,134.1469935,132.6180552,133.6692352,21634000
03-08-2021,Google,133.9472524,134.5390053,132.1477186,134.437912,20762000
04-08-2021,Google,134.1598659,134.4572321,133.3049437,133.9378357,19676000
05-08-2021,Google,134.4879746,135.1516,133.660806,135.0539551,17870000
06-08-2021,Google,134.8462856,135.272998,134.0215976,134.5454407,20488000
09-08-2021,Google,134.7476505,135.9782393,134.1499385,135.70961,17760000
10-08-2021,Google,136.1348547,136.5615823,135.1659529,135.6045685,19414000
11-08-2021,Google,135.9757713,136.4723597,135.0737659,135.0812073,15352000
12-08-2021,Google,134.7803632,136.0932303,134.2352094,135.9881592,16506000
13-08-2021,Google,136.0436865,136.6448622,135.8285985,136.516983,15948000
16-08-2021,Google,136.3162519,137.1463999,134.1098188,137.0938568,22384000
17-08-2021,Google,136.5392916,137.0502637,134.8859527,135.4603577,21716000
18-08-2021,Google,135.3002565,135.8994507,134.1321174,134.2584991,19258000
19-08-2021,Google,133.2539342,135.1540777,133.0700635,134.4874878,21782000
20-08-2021,Google,134.8046482,136.3449904,134.0612402,136.2215881,31194000
23-08-2021,Google,136.7568286,139.6362942,136.3980109,138.8106232,28454000
24-08-2021,Google,139.3756319,140.8312307,139.1050363,140.019928,19268000
25-08-2021,Google,140.3802262,140.9397636,140.1334218,140.8302307,15848000
26-08-2021,Google,140.5041157,141.1657446,140.1145646,140.1973419,20610000
27-08-2021,Google,140.4074632,143.2423263,140.2533277,142.7382965,28780000
30-08-2021,Google,143.1308096,144.6875166,142.8958931,143.3196411,24434000
31-08-2021,Google,143.8712934,143.8955685,143.0129074,143.4257355,22448000
01-09-2021,Google,143.7255727,144.9685489,143.6100957,143.9391785,21936000
02-09-2021,Google,143.9396493,144.2404791,141.9264947,142.0276031,32342000
03-09-2021,Google,141.8229156,142.8879649,141.1488845,142.47612,19850000
07-09-2021,Google,142.5703262,143.294405,142.3567204,143.0124054,20124000
08-09-2021,Google,142.833487,143.1308382,141.7431491,142.4280701,18344000
09-09-2021,Google,142.5762556,143.0421259,141.9190884,142.2793884,15314000
10-09-2021,Google,142.9449791,143.4465436,139.5010298,139.6378174,36840000
13-09-2021,Google,140.7018527,141.6935625,140.0085074,141.0814972,22094000
14-09-2021,Google,141.738666,142.1029438,140.5041144,141.291626,19674000
15-09-2021,Google,141.5166478,143.1808915,140.1051676,143.16008,27408000
16-09-2021,Google,142.6852855,143.0317162,141.149904,142.3477783,26190000
17-09-2021,Google,141.7733487,142.1891562,139.2353529,139.5624542,53384000
20-09-2021,Google,136.9471347,137.7782657,135.1238101,137.5002289,46518000
21-09-2021,Google,138.5211989,138.7809047,137.0626357,137.8110046,25332000
22-09-2021,Google,138.0796083,139.6486873,137.3337198,139.0504913,25056000
23-09-2021,Google,139.7483157,140.4510837,139.1674677,139.9748077,20952000
24-09-2021,Google,139.3032637,141.0795206,139.0083779,140.9650269,22984000
27-09-2021,Google,139.5669264,140.6909619,138.8364046,139.832077,21882000
28-09-2021,Google,137.4363214,137.8739388,134.1702839,134.6361542,45772000
29-09-2021,Google,135.7760329,135.9455351,132.6884214,133.1726227,30848000
30-09-2021,Google,133.0814474,134.3511791,132.3821429,132.5010834,37996000
01-10-2021,Google,133.2657935,135.707158,132.8945886,135.3428802,35360000
04-10-2021,Google,134.7654967,134.7654967,129.8981645,132.484726,51202000
05-10-2021,Google,132.8628792,136.0184008,132.8628792,134.8274536,32404000
06-10-2021,Google,133.5656505,136.5392828,133.3674114,136.3559113,24364000
07-10-2021,Google,137.6712314,138.8111327,137.4323522,138.0013123,25110000
08-10-2021,Google,138.3501909,139.0975614,137.9938536,138.5568695,26526000
11-10-2021,Google,138.0677378,139.4752553,137.6385297,137.6930542,17954000
12-10-2021,Google,138.2540759,138.2808466,134.5667706,135.2497253,36332000
13-10-2021,Google,136.1948303,136.7870823,135.3190964,136.372757,19654000
14-10-2021,Google,138.2481077,140.0952236,137.60481,139.9103699,31894000
15-10-2021,Google,140.3698122,140.4724028,139.5178694,140.125473,30274000
18-10-2021,Google,139.8365642,141.5409489,139.829622,141.5231018,20396000
19-10-2021,Google,142.1272325,142.3998246,141.3466631,141.9780579,20164000
20-10-2021,Google,142.0781591,142.2843386,140.1338972,140.5229492,23288000
21-10-2021,Google,140.5229553,140.9065624,139.2651116,140.6389313,26292000
22-10-2021,Google,137.9269543,139.3473578,134.8601544,136.3573761,50588000
25-10-2021,Google,136.3410289,136.7870707,134.2337081,136.2389374,34412000
26-10-2021,Google,138.0394885,138.8517744,137.0889177,138.0840912,49236000
27-10-2021,Google,138.17972,147.3434576,138.17972,144.9323425,85782000
28-10-2021,Google,145.8413168,145.8646088,143.3558484,144.5671082,36206000
29-10-2021,Google,143.8028509,146.9390427,143.3781199,146.7447662,43320000
01-11-2021,Google,146.7447924,146.7447924,141.9666502,142.2357635,46924000
02-11-2021,Google,143.3087515,145.320409,143.0668928,144.1542511,33482000
03-11-2021,Google,144.6181302,145.3798844,143.3201457,145.3095093,27494000
04-11-2021,Google,145.8313659,148.4174431,145.0220446,146.964325,38412000
05-11-2021,Google,147.8584309,149.0062578,146.8944898,147.5437317,38354000
08-11-2021,Google,148.5081735,149.2912386,147.1259292,147.7211609,23052000
09-11-2021,Google,147.9213538,148.5175685,145.9508203,147.6096191,19530000
10-11-2021,Google,146.2035925,146.7685899,143.2671366,144.6112061,29970000
11-11-2021,Google,145.2019429,146.2387544,144.3207492,144.4852905,16518000
12-11-2021,Google,145.3268739,147.5417468,144.1329621,147.3712463,22360000
15-11-2021,Google,147.5917611,148.2350589,146.2779109,147.1472015,23508000
16-11-2021,Google,146.8474039,147.4550076,146.0177548,146.5763092,18904000
17-11-2021,Google,146.7264287,147.2537505,145.9458594,146.7457581,19594000
18-11-2021,Google,146.9385665,149.2570129,146.5847096,148.5215302,35608000
19-11-2021,Google,148.6573145,149.6396167,147.5902838,147.6175385,33682000
22-11-2021,Google,148.0199641,148.5125899,144.8629607,145.016098,30594000
23-11-2021,Google,144.8684433,145.370991,142.8483611,144.5007019,27218000
24-11-2021,Google,144.1949064,144.964087,143.1040845,144.8357239,18040000
26-11-2021,Google,143.0797674,143.28693,140.5957967,140.9333038,30470000
29-11-2021,Google,142.7343383,145.0116454,142.6287681,144.2513885,32596000
30-11-2021,Google,143.7339786,144.7167649,140.356926,140.6503296,42068000
01-12-2021,Google,142.7343698,144.6677271,139.673513,139.8117828,34020000
02-12-2021,Google,140.008506,142.6000282,138.9821002,141.7094269,29194000
03-12-2021,Google,142.4181454,143.1308201,139.0678484,140.7534027,41230000
06-12-2021,Google,141.7832635,142.588123,138.9181662,141.896759,30618000
07-12-2021,Google,144.3167981,146.2343043,143.9510381,145.9750977,32240000
08-12-2021,Google,146.2992377,147.0887458,145.1192105,146.8840485,24270000
09-12-2021,Google,146.2937982,147.789538,145.8219839,146.3408813,23270000
10-12-2021,Google,147.3930306,147.6680879,145.4145718,146.7006683,24458000
13-12-2021,Google,146.4826189,146.6694692,144.2385252,144.5448151,27070000
14-12-2021,Google,142.7026346,143.210128,139.9738254,142.6421661,38446000
15-12-2021,Google,142.1485363,145.4314227,140.4327477,145.1538849,36370000
16-12-2021,Google,145.8769538,146.3790022,142.344768,143.175415,33650000
17-12-2021,Google,141.2475372,142.5703111,140.0580872,140.4793549,50416000
20-12-2021,Google,138.7694955,140.5284044,138.0964626,140.3623657,27192000
21-12-2021,Google,140.8049676,142.6045168,139.2676046,142.2115021,28756000
22-12-2021,Google,141.8100613,145.2123876,141.8100613,145.1281281,26322000
23-12-2021,Google,145.2123705,146.9405461,145.1647883,145.6252136,26384000
27-12-2021,Google,145.9617111,147.0401457,145.8759693,146.6064911,15976000
28-12-2021,Google,146.9330863,146.9955361,144.7707722,145.3977051,18200000
29-12-2021,Google,145.3556068,146.1213238,144.3673756,145.3660126,17788000
30-12-2021,Google,145.4046744,146.0053509,144.711329,144.9155121,15688000
31-12-2021,Google,144.7663259,145.4091246,143.5788574,143.5788574,18136000
03-01-2022,Google,143.7800663,144.5690753,142.4498663,143.7171326,28646000
04-01-2022,Google,144.1180726,145.1975056,142.453345,143.1303406,28400000
05-01-2022,Google,143.1506401,143.2294397,136.4778154,136.5640411,54618000
06-01-2022,Google,135.7943792,138.7100232,135.3582441,136.5367889,37348000
07-01-2022,Google,136.9312738,137.2316196,134.573186,135.8126984,29760000
10-01-2022,Google,133.8907587,137.5993743,131.9940791,137.4506836,44408000
11-01-2022,Google,136.7940054,138.9835892,135.4910601,138.5077972,28730000
12-01-2022,Google,139.9093868,141.3545798,139.4579001,140.1874237,26108000
13-01-2022,Google,140.2959445,141.5944431,137.1924673,137.3689117,31436000
14-01-2022,Google,135.8741654,139.5049797,135.7943828,138.2545624,29662000
18-01-2022,Google,134.9781196,135.9262098,134.2480969,134.8026733,34872000
19-01-2022,Google,135.3235557,136.7469389,133.8288143,133.9289246,28648000
20-01-2022,Google,135.0524609,136.4163738,131.7958309,132.1358185,29908000
21-01-2022,Google,131.4281249,133.6801441,128.9431555,129.2058258,55652000
24-01-2022,Google,124.8707405,130.0498225,123.4057342,129.6543274,76622000
25-01-2022,Google,127.6084715,128.261676,125.3886532,125.8193283,46960000
26-01-2022,Google,129.9665779,131.8310423,126.0245274,128.0971527,49130000
27-01-2022,Google,130.1499367,131.4865799,127.7992747,127.8711472,31950000
28-01-2022,Google,128.5193736,132.1843846,127.3556964,132.1789246,34362000
31-01-2022,Google,132.9828264,134.2823084,131.0474879,134.1142883,39986000
01-02-2022,Google,136.3851244,136.5818813,133.1874811,136.4341888,68644000
02-02-2022,Google,149.9206231,150.2145107,144.2434703,146.6991882,123200000
03-02-2022,Google,144.424857,148.3594656,141.411568,141.8323364,71518000
04-02-2022,Google,142.1837117,143.6016347,139.2799559,142.0335388,57998000
07-02-2022,Google,142.9821426,142.9821426,137.6791593,137.9775238,54974000
08-02-2022,Google,137.8045892,138.7695286,135.8097803,138.1738129,54284000
09-02-2022,Google,139.7245334,141.2718179,138.9548538,140.3475037,40144000
10-02-2022,Google,138.47563,140.2409672,136.7444746,137.4016418,39330000
11-02-2022,Google,137.3818218,137.9334188,132.2275136,133.1022644,39958000
14-02-2022,Google,132.0852702,135.1020228,132.0852702,134.3348236,34302000
15-02-2022,Google,136.3613569,136.8946378,134.6277362,135.4078217,26680000
16-02-2022,Google,135.4454761,136.8723229,133.738112,136.5273895,25022000
17-02-2022,Google,135.0455082,135.9083558,131.3140999,131.3740692,38950000
18-02-2022,Google,132.2939162,132.8916283,129.052169,129.2568512,45620000
22-02-2022,Google,128.6968215,131.0187315,127.0965098,128.6725464,44990000
23-02-2022,Google,130.4914031,130.8903618,126.4066215,126.4665909,32786000
24-02-2022,Google,123.8552605,131.8310396,123.8552605,131.5247498,54456000
25-02-2022,Google,132.3782001,134.082585,130.5935184,133.2777252,36406000
28-02-2022,Google,131.8805857,134.5583338,131.4271026,133.8699493,38864000
01-03-2022,Google,133.6930145,135.0579106,132.0476161,132.883194,26496000
02-03-2022,Google,133.4447091,134.0736232,131.9018865,133.3887024,23520000
03-03-2022,Google,134.8145495,135.2402788,131.8562843,132.7226105,24604000
04-03-2022,Google,131.7591687,132.6750435,129.1919215,130.7471313,30430000
07-03-2022,Google,130.3323188,130.5771419,125.1849533,125.2677231,45112000
08-03-2022,Google,125.1403459,130.0963992,124.5699037,125.9873352,40428000
09-03-2022,Google,130.0963893,132.5600473,128.7587481,132.2473145,37026000
10-03-2022,Google,130.1122619,132.1006272,129.7618686,131.2655334,27102000
11-03-2022,Google,132.3152312,132.6195396,128.4921366,128.7290344,31526000
14-03-2022,Google,129.1051816,129.2627807,124.1739103,124.8439636,38812000
15-03-2022,Google,125.8599687,128.7131781,124.6155028,128.062439,30920000
16-03-2022,Google,129.5839448,132.1610834,127.6030057,132.1090546,35576000
17-03-2022,Google,131.9787057,132.9020216,131.0231742,132.6626434,28264000
18-03-2022,Google,132.2517977,135.0465201,131.0960456,134.9290619,44566000
21-03-2022,Google,134.966725,135.8454384,132.9139283,134.9052734,26832000
22-03-2022,Google,134.9052667,139.8102745,134.9052667,138.6386566,35496000
23-03-2022,Google,137.4834143,138.3616287,136.6235462,137.0601654,25154000
24-03-2022,Google,137.9765216,140.3742665,136.5397683,140.3276825,26396000
25-03-2022,Google,140.6686559,140.7866132,138.509306,140.4277954,24126000
28-03-2022,Google,139.662059,140.754378,138.5826262,140.2121887,35050000
29-03-2022,Google,141.3937255,142.5296491,140.7900696,141.2529602,34318000
30-03-2022,Google,141.2078798,141.4660882,140.355438,140.6909637,19884000
31-03-2022,Google,140.8044481,140.8589726,137.8025783,137.8451996,37524000
01-04-2022,Google,138.2738906,139.2363493,137.0918671,138.9186707,25942000
04-04-2022,Google,139.1248494,142.4488747,139.0772671,141.7148743,25942000
05-04-2022,Google,141.6132787,141.7337013,139.1486374,139.3553009,21418000
06-04-2022,Google,137.5304811,138.1356194,134.3258953,135.3478394,32468000
07-04-2022,Google,134.8145755,135.9589388,133.047741,134.6941528,26234000
08-04-2022,Google,134.3918071,134.4775489,131.7968213,132.1159973,25142000
11-04-2022,Google,130.664855,130.9314879,127.5375867,127.6912231,36884000
12-04-2022,Google,130.4433427,130.4433427,125.6746231,126.5919876,32710000
13-04-2022,Google,126.8749691,129.1884545,126.6182428,128.7523193,27928000
14-04-2022,Google,129.3326753,129.3326753,125.4882555,125.616127,31598000
18-04-2022,Google,125.8837612,127.0855981,125.07295,126.5543137,20808000
19-04-2022,Google,126.569197,129.1874753,125.8832778,128.866333,26490000
20-04-2022,Google,129.7415575,130.2441051,126.3793723,126.9146194,31696000
21-04-2022,Google,128.1139845,128.9550223,123.4319976,123.7174683,36446000
22-04-2022,Google,123.901336,124.2998032,117.8797341,118.5839844,56884000
25-04-2022,Google,118.0541841,122.193974,117.4693734,121.9922638,46128000
26-04-2022,Google,121.2196309,121.4332368,117.4693842,117.6071625,73054000
27-04-2022,Google,113.4633896,116.2115203,111.7456273,113.2899323,91820000
28-04-2022,Google,115.3918066,118.597875,113.1120187,117.4807816,48884000
29-04-2022,Google,115.708488,116.8835694,112.8141544,113.1065598,42676000
02-05-2022,Google,112.40825,115.7193893,111.6103251,115.5583191,35534000
03-05-2022,Google,115.4071568,117.4009823,115.0146413,116.3027191,24968000
04-05-2022,Google,116.002873,121.7746908,114.1042045,121.186409,49916000
05-05-2022,Google,119.1475009,119.975161,113.9946902,115.4815063,45840000
06-05-2022,Google,114.17213,116.5381514,113.0134058,114.729187,39710000
09-05-2022,Google,112.2546131,114.0655585,111.0160989,111.52211,40802000
10-05-2022,Google,114.4922665,115.2282408,111.9081781,113.3895416,39900000
11-05-2022,Google,112.2412387,115.3417443,112.2412387,112.6040192,37534000
12-05-2022,Google,110.3985782,113.2904313,108.8592265,111.8521881,53836000
13-05-2022,Google,113.5263307,116.8389596,112.6064933,115.0304947,35038000
16-05-2022,Google,113.9451286,115.1489545,112.8885036,113.4391174,25990000
17-05-2022,Google,115.81355,115.8725287,113.8603722,115.4492798,23054000
18-05-2022,Google,113.9892439,114.3857297,110.5750145,110.9159927,35126000
19-05-2022,Google,110.4520969,112.0167218,109.0331755,109.4138031,34144000
20-05-2022,Google,110.9670287,111.1974909,104.866627,107.9507751,48962000
23-05-2022,Google,108.6243164,111.1618137,107.7852523,110.50811,37184000
24-05-2022,Google,104.8423469,105.5228137,100.9890106,105.0386047,76780000
25-05-2022,Google,104.0627297,105.5639215,102.9436552,104.8750305,40258000
26-05-2022,Google,104.7481775,107.6945474,104.3001468,106.8450851,37948000
27-05-2022,Google,108.5207161,111.3307973,108.1792388,111.3293076,37914000
31-05-2022,Google,111.7555456,114.7177816,111.0934176,112.7621231,50012000
01-06-2022,Google,113.8455016,116.0722544,112.2546052,112.8909607,36606000
02-06-2022,Google,112.9980256,116.8632499,111.9537877,116.5886841,37992000
03-06-2022,Google,115.042398,115.2991243,112.5207592,113.5342712,26136000
06-06-2022,Google,115.6787463,118.2980224,115.1430001,115.7937317,33542000
07-06-2022,Google,114.4655055,116.6565794,114.0407744,116.1198349,31590000
08-06-2022,Google,115.7352467,117.5283526,115.5751671,116.1639481,26108000
09-06-2022,Google,115.3050549,117.2592309,113.7671932,113.8261719,25798000
10-06-2022,Google,111.4566908,112.2833602,109.3959613,110.1844711,41452000
13-06-2022,Google,105.8479241,107.8352989,105.1862951,105.4573898,47252000
14-06-2022,Google,105.59864,106.9759232,104.8700995,105.7775497,33706000
15-06-2022,Google,107.5909646,110.4441665,106.7231636,108.7997513,39698000
16-06-2022,Google,106.2786023,107.6935535,104.2139103,105.1015396,51684000
17-06-2022,Google,105.1015529,107.7441213,104.1227292,106.2017975,51376000
21-06-2022,Google,107.9720914,111.5008069,107.6454891,110.5636139,47416000
22-06-2022,Google,109.5847971,112.3502686,109.4123229,110.5076141,30774000
23-06-2022,Google,111.2450645,111.7515747,109.5292835,111.2554703,28362000
24-06-2022,Google,112.0018548,117.0411696,111.959725,116.9380798,41164000
27-06-2022,Google,117.233472,117.5372738,114.1671557,114.8154144,36420000
28-06-2022,Google,114.7846681,116.2784263,110.8649273,111.0230255,35792000
29-06-2022,Google,110.5715349,112.1658949,109.8980029,110.7197189,24716000
30-06-2022,Google,109.0331598,109.9133552,105.8117255,108.0052719,43170000
01-07-2022,Google,106.9843431,108.2897689,105.7924128,107.7817764,35476000
05-07-2022,Google,106.1591672,112.3804983,104.8021964,112.2675018,39342000
06-07-2022,Google,112.3061605,114.5735535,110.4962057,113.5649948,37432000
07-07-2022,Google,114.0685344,118.1419121,113.8242028,117.7389832,40936000
08-07-2022,Google,116.2194542,118.6330498,115.8740142,118.3044662,38238000
11-07-2022,Google,116.9608885,116.9608885,114.3168305,114.65979,31196000
12-07-2022,Google,115.1935492,115.9458808,112.6907482,113.0183411,29960000
13-07-2022,Google,110.7192129,113.1922861,110.2241067,110.3747711,43722000
14-07-2022,Google,109.2418355,110.1165787,107.4204842,109.3974533,37004000
15-07-2022,Google,111.0160987,112.1460783,109.9252693,110.7950516,46770000
18-07-2022,Google,111.6499565,112.6808164,107.4174908,108.0716858,43164600
19-07-2022,Google,109.8757021,113.0178381,108.5970394,112.8096848,36530900
20-07-2022,Google,112.1753157,114.385719,111.4913855,112.8989029,35600400
21-07-2022,Google,113.275567,113.5431982,110.1334306,113.3350372,32676200
22-07-2022,Google,110.024389,111.3526077,105.5639408,106.9516373,48901200
25-07-2022,Google,107.4571623,108.9043291,105.365707,106.5650711,34690900
26-07-2022,Google,105.6630537,106.2577786,103.155292,104.0969391,47991000
27-07-2022,Google,108.2996805,112.9088117,107.0606672,112.0662766,59858500
28-07-2022,Google,111.3823491,113.3350278,110.4803437,113.2160873,32816600
29-07-2022,Google,112.0861097,115.6842019,112.0662813,115.2976303,37223400
01-08-2022,Google,114.286599,115.6941164,113.3350301,113.8504639,26034300
02-08-2022,Google,112.9980148,115.3273583,112.720477,114.1180801,20236000
03-08-2022,Google,114.6929805,117.577407,114.4650063,117.0421524,28499000
04-08-2022,Google,116.447433,117.7360024,115.8626148,117.1511917,21602900
05-08-2022,Google,115.2084313,117.0719048,114.9804495,116.4375305,19159500
08-08-2022,Google,117.3494361,119.0939691,115.8527058,116.2690201,19138300
09-08-2022,Google,116.1104238,116.288842,114.6929921,115.6049042,19086500
10-08-2022,Google,117.7360067,119.857197,117.3692635,118.6479187,30930400
11-08-2022,Google,120.2140276,120.422181,117.5179334,117.7954712,24293700
12-08-2022,Google,119.203002,120.6105194,118.4100304,120.6105194,19096300
15-08-2022,Google,120.0653415,121.2250637,119.5499153,121.0069962,19494800
16-08-2022,Google,120.45193,121.3539354,119.5796672,120.6303482,19041200
17-08-2022,Google,119.0642268,120.2239415,118.3307255,118.4992371,22847000
18-08-2022,Google,118.380291,119.7580732,117.6765323,119.1137848,17987700
19-08-2022,Google,118.0135479,118.1027608,115.7337678,116.1798096,21809500
22-08-2022,Google,114.1874776,114.6136985,112.8493445,113.2359161,21456600
23-08-2022,Google,112.4825956,113.9991468,112.433032,112.8592529,15870400
24-08-2022,Google,112.5024177,113.7711662,111.8779576,112.6907501,17734600
25-08-2022,Google,113.2359115,115.6941174,113.1070568,115.624733,16956800
26-08-2022,Google,113.7116857,114.1081714,109.2215027,109.3701782,37245700
29-08-2022,Google,109.023257,109.9748183,107.8437215,108.4582672,21191200
30-08-2022,Google,109.2016908,109.5287922,106.8525261,107.9825058,27513300
31-08-2022,Google,109.6774718,109.8757109,107.1796164,107.2688293,28627000
01-09-2022,Google,107.3283001,109.4792257,106.416388,108.7754669,28360900
02-09-2022,Google,109.6179999,109.766683,106.3172736,106.9020844,24160700
06-09-2022,Google,106.3569222,107.0805018,104.8502775,105.8712234,25068300
07-09-2022,Google,106.1190211,109.0133623,105.9604313,108.4880142,23167000
08-09-2022,Google,107.0904059,108.6366922,106.2181432,107.4274139,24238300
09-09-2022,Google,108.1113601,110.014483,108.0617966,109.677475,23197700
12-09-2022,Google,110.0144824,110.6389501,108.9638014,109.8856277,22966800
13-09-2022,Google,106.8525235,107.3481289,103.1751249,103.4031067,38172900
14-09-2022,Google,103.650897,104.3546557,102.7488993,104.0771179,26395100
15-09-2022,Google,103.1156443,104.3447434,101.45041,102.0054932,34188300
16-09-2022,Google,101.1728895,102.2235706,100.052824,101.8964767,42797200
19-09-2022,Google,100.8556876,102.4218023,100.6574485,102.1640854,23036800
20-09-2022,Google,101.1828011,101.4702531,99.63650706,100.2510605,26517100
21-09-2022,Google,100.7763873,101.9757513,98.39748018,98.40739441,31487300
22-09-2022,Google,97.95144406,100.3501722,97.92170895,99.25984192,34298600
23-09-2022,Google,98.75431586,98.78405854,96.61330476,97.87213898,31625400
26-09-2022,Google,97.23776735,99.00212117,96.94040868,97.30715179,27072700
27-09-2022,Google,98.5560727,99.12106245,96.01857592,96.64303589,30072800
28-09-2022,Google,96.79173916,99.81492766,96.2564844,99.17064667,32466300
29-09-2022,Google,97.77302184,97.77302184,95.11657689,96.56374359,31047200
30-09-2022,Google,96.19699975,98.030738,94.72009039,94.80930328,32941500
03-10-2022,Google,95.90954458,98.41730632,95.67164858,97.77301788,27982000
04-10-2022,Google,99.55720093,100.9448898,99.49772315,100.7466507,28850800
05-10-2022,Google,98.95256238,101.0341033,97.9316166,100.5384979,22176900
06-10-2022,Google,99.79508597,102.0253099,99.70587308,100.5285797,22324000
07-10-2022,Google,98.97239022,99.64641382,97.43601812,97.81267548,27502800
10-10-2022,Google,98.12986522,98.22898478,96.15735793,96.99988556,18225100
11-10-2022,Google,96.5736541,98.37765719,95.46349545,96.32585144,26507100
12-10-2022,Google,96.44481292,97.88206554,95.88972973,96.70252228,21876400
13-10-2022,Google,94.31370109,98.90300398,93.5504646,98.18933105,34574500
14-10-2022,Google,99.11114885,99.80500083,95.5229712,95.71129608,25410700
17-10-2022,Google,97.99109458,100.0429005,97.96135947,99.09133911,28419200
18-10-2022,Google,102.2235659,102.5605815,99.09134377,99.88430786,24060700
19-10-2022,Google,99.13098314,100.1321005,98.05055956,98.75431824,23811100
20-10-2022,Google,99.12107422,101.4206828,98.51643507,99.09133911,25323200
21-10-2022,Google,96.98996478,100.4195529,96.86111011,100.2411346,32458700
24-10-2022,Google,100.905254,101.8469012,99.10125081,101.6189194,27176400
25-10-2022,Google,101.9955767,103.8986993,101.8171584,103.5616913,40611400
26-10-2022,Google,95.58245055,97.44592399,93.857746,94.09563446,88114100
27-10-2022,Google,93.68923448,94.59123987,90.99314766,91.40945435,60710900
28-10-2022,Google,91.45900854,95.70139671,91.32023964,95.44367981,43697300
31-10-2022,Google,94.58132676,95.18596591,93.15398844,93.67932892,31675000
01-11-2022,Google,94.61106036,95.1859644,89.57571565,89.67483521,47161400
02-11-2022,Google,90.14069669,90.37858512,86.11637641,86.20558929,57038300
03-11-2022,Google,85.56129909,85.75953819,82.60748816,82.69670105,61288000
04-11-2022,Google,84.64939422,85.87849335,82.97424574,85.81902313,51124900
07-11-2022,Google,86.51287043,88.11863452,86.08664952,87.7122345,34078900
08-11-2022,Google,88.11862946,89.52614678,86.82013834,88.11862946,30429000
09-11-2022,Google,87.67258616,88.65389022,86.51287142,86.55252075,31769100
10-11-2022,Google,91.43918563,93.56037589,90.8048114,93.11433411,51620100
11-11-2022,Google,93.85774604,96.07805595,93.09450955,95.5626297,33090500
14-11-2022,Google,94.25420952,95.93927203,93.67931314,94.85884857,30179500
15-11-2022,Google,97.3963651,99.25983848,95.85998549,97.57478333,41640800
16-11-2022,Google,97.03953868,98.76424335,96.78182175,97.98118591,29105200
17-11-2022,Google,96.11770115,98.40739541,95.93928293,97.4954834,26052600
18-11-2022,Google,97.90187282,98.03073504,95.5229733,96.57365417,28342300
21-11-2022,Google,96.4348835,97.53512791,94.52184667,94.75973511,21647400
22-11-2022,Google,95.10666081,96.3655026,93.22336658,96.1969986,23438500
23-11-2022,Google,96.23665064,97.89197838,96.23665064,97.59461212,18868100
25-11-2022,Google,97.37655207,97.77303792,96.54393858,96.60340881,9701400
28-11-2022,Google,96.18709181,96.72234652,94.76966014,95.20579529,26237500
29-11-2022,Google,94.88859478,95.27516632,93.28283088,94.35334015,20061700
30-11-2022,Google,93.98660272,100.1519348,93.59011691,100.1023712,43647500
01-12-2022,Google,100.1321063,101.3512989,99.36887738,100.1023712,28687100
02-12-2022,Google,98.17941541,99.88429133,98.0307323,99.55719757,21480700
05-12-2022,Google,98.52634555,100.4889385,98.12985976,98.60564423,24405100
06-12-2022,Google,98.42723321,98.90301015,95.57254133,96.12762451,24910700
07-12-2022,Google,95.56263371,96.02849642,93.88748509,94.10555267,31045400
08-12-2022,Google,94.54167257,94.73991925,92.62863564,92.88635254,32213300
09-12-2022,Google,92.9458167,93.43151535,91.9347852,92.01408386,28225400
12-12-2022,Google,91.89514326,92.73767084,90.804813,92.48986816,29420000
13-12-2022,Google,96.90076587,98.65520559,94.19475717,94.78948212,40593700
14-12-2022,Google,94.36326019,96.01858789,92.77732451,94.23440552,28733600
15-12-2022,Google,92.31146188,92.81698152,89.21888893,90.06141663,40107000
16-12-2022,Google,89.96229547,90.52728533,88.73318862,89.46669006,58011800
19-12-2022,Google,89.46667706,89.76403573,87.43469217,87.66267395,29493000
20-12-2022,Google,87.33558903,88.39618434,86.67147957,88.23758698,23453800
21-12-2022,Google,88.2970506,89.42703019,87.54372835,88.79265594,24745600
22-12-2022,Google,87.38513323,87.76179055,85.56130173,86.98864746,27658300
23-12-2022,Google,86.34435531,88.76291157,86.30470598,88.44572449,23003000
27-12-2022,Google,88.01951318,88.15828208,86.24524512,86.62190247,20097300
28-12-2022,Google,86.21551552,87.26619651,85.18465542,85.26394653,19523200
29-12-2022,Google,85.85867468,88.06907033,85.84876045,87.67258453,23333500
30-12-2022,Google,86.21550784,87.52390562,85.80910783,87.45452118,23986300
03-01-2023,Google,88.80257846,90.24975299,87.74198312,88.3367157,28131200
04-01-2023,Google,89.55587666,89.85324286,86.50294618,87.30583191,34854800
05-01-2023,Google,86.7012095,86.80032907,85.14500885,85.44236755,27194400
06-01-2023,Google,86.02718055,86.91927173,84.11414353,86.57234192,41381500
09-01-2023,Google,87.583384,89.25853262,87.08777862,87.24636841,29003900
10-01-2023,Google,85.22430369,87.89065547,85.07562057,87.64285278,30467800
11-01-2023,Google,88.39616967,90.79489773,88.22766567,90.71559906,26862000
12-01-2023,Google,90.67596271,91.0625343,88.96116479,90.3290329,30258100
13-01-2023,Google,90.05149142,91.3797177,89.3378185,91.31033325,26329200
17-01-2023,Google,91.25084633,91.43917877,89.25851845,90.48761749,32602400
18-01-2023,Google,91.33016162,91.98436437,89.84334544,90.31912994,29116700
19-01-2023,Google,89.92264707,92.78724575,89.83343417,92.2321701,37000400
20-01-2023,Google,94.2641367,97.4360155,94.18483803,97.15847015,63191100
23-01-2023,Google,97.08909393,99.16072842,96.6430521,98.91292572,40005100
24-01-2023,Google,97.23777151,98.73450184,96.34568034,96.84128571,33078500
25-01-2023,Google,94.7300094,95.31482767,92.9359204,94.38308716,42330000
26-01-2023,Google,95.65183309,96.71242825,94.54167438,96.66286469,30114000
27-01-2023,Google,96.45471331,99.43825971,96.45471331,98.49661255,33879800
30-01-2023,Google,96.6232216,97.42609984,95.55271224,96.08796692,27226200
31-01-2023,Google,96.01858138,98.01090941,95.96901782,97.97126007,29870700
01-02-2023,Google,97.84239594,100.3006015,96.7223307,99.54727936,35531100
02-02-2023,Google,104.8700938,106.9020712,104.6817614,106.7930374,69883800
03-02-2023,Google,102.0253313,106.8624374,101.678409,103.8590698,65309300
06-02-2023,Google,101.4999772,103.4427493,100.9845434,101.9955826,31999600
07-02-2023,Google,102.3127743,107.2291787,102.2136547,106.693924,49010200
08-02-2023,Google,101.1530576,102.2334737,97.17830047,98.49661255,94743500
09-02-2023,Google,99.12107386,99.15080897,92.80705873,94.17493439,119455000
10-02-2023,Google,94.61105508,95.89963197,93.42160531,93.73879242,54980700
13-02-2023,Google,93.90730469,94.36326073,93.0152135,93.77845001,50076100
14-02-2023,Google,93.60002144,94.01632809,91.44909615,93.8478241,54726100
15-02-2023,Google,93.65949619,96.26638515,93.32248818,96.08796692,50169000
16-02-2023,Google,94.53177096,96.82146535,93.90730335,94.67053986,42462600
17-02-2023,Google,94.01633442,94.72009312,92.39074946,93.52072906,34284100
21-02-2023,Google,92.18258689,92.28170644,90.91383852,90.98322296,33629300
22-02-2023,Google,90.8940079,91.30040787,89.81359199,90.8444519,30884000
23-02-2023,Google,91.11209428,91.13192273,88.9710829,90.09114838,41206400
24-02-2023,Google,88.6538915,89.09993331,87.80144965,88.34661102,36585100
27-02-2023,Google,89.08010864,89.36756065,88.55476062,89.08010864,27502300
28-02-2023,Google,88.54485305,90.42815488,88.53493882,89.26843262,30142000
01-03-2023,Google,89.18914617,90.22991291,88.88186569,89.56580353,31111200
02-03-2023,Google,88.87196885,91.46893645,88.80257683,91.19139862,32204400
03-03-2023,Google,91.66717427,92.90618771,91.63743159,92.82688904,35160100
06-03-2023,Google,93.19363964,95.12650531,93.17381875,94.29388428,32639300
07-03-2023,Google,94.14519285,94.82912307,92.70793284,93.03503418,27835500
08-03-2023,Google,93.29276092,95.11658512,93.17381291,93.4216156,34103300
09-03-2023,Google,93.22335781,94.69034523,91.09225355,91.50856018,28813500
10-03-2023,Google,91.35989289,91.97444628,89.60545319,89.83342743,35941000
13-03-2023,Google,89.29816499,91.75637076,88.63405566,90.3092041,37335600
14-03-2023,Google,91.74646273,93.53064507,91.62752228,93.14407349,36050200
15-03-2023,Google,92.40066054,96.07805124,91.82575653,95.26525879,50622100
16-03-2023,Google,95.35446458,100.3006113,94.66062013,99.43825531,65492000
17-03-2023,Google,99.37878243,101.9361002,99.2201851,100.7268295,61028500
20-03-2023,Google,99.24002248,100.8556933,98.99221979,100.3303528,32960400
21-03-2023,Google,100.3600841,104.1762439,100.330349,103.9978256,42110300
22-03-2023,Google,103.3535399,105.6531485,102.421807,102.4614563,43427400
23-03-2023,Google,104.1365898,105.3656965,103.5418649,104.6718445,40797800
24-03-2023,Google,104.0672029,104.5628083,102.9273092,104.5132523,30393300
27-03-2023,Google,103.7004748,103.8392437,101.0341154,101.5594559,31120900
28-03-2023,Google,101.539632,101.5495386,98.8633584,100.1420212,32057900
29-03-2023,Google,101.3810402,101.5891936,99.76536934,100.4988632,28779600
30-03-2023,Google,100.0230786,100.2708813,98.9030056,100.0032501,33086200
31-03-2023,Google,100.4096558,102.9768881,100.1519389,102.8182983,36863400
03-04-2023,Google,101.4900553,103.6112454,101.0340993,103.4427414,25035400
04-04-2023,Google,103.4130119,104.6520252,103.1255599,103.7995834,24420100
05-04-2023,Google,104.8502643,105.1674514,102.7489025,103.5517807,28290500
06-04-2023,Google,104.3348346,108.2104643,103.4130084,107.4670563,48711500
10-04-2023,Google,106.0397332,106.6443648,104.1960805,105.5044785,27067400
11-04-2023,Google,105.6134991,105.7919173,103.7599324,104.4240417,26311800
12-04-2023,Google,105.6432346,105.8117386,103.4229173,103.7202835,24370300
13-04-2023,Google,104.9097271,106.5452261,104.9097271,106.4857559,24843600
14-04-2023,Google,105.9505159,107.9825009,105.9009523,107.9131165,26578000
17-04-2023,Google,103.7401211,105.2269372,103.6013446,105.0386047,37571200
18-04-2023,Google,105.5540195,105.6035831,103.1552916,103.5815125,26596400
19-04-2023,Google,102.6696107,104.0573073,102.1640911,103.2643356,20905700
20-04-2023,Google,102.9967026,105.3161319,102.9570533,104.3645706,27820800
21-04-2023,Google,104.5429907,105.0683312,103.8590529,104.4835205,25800100
24-04-2023,Google,104.5628202,105.6927999,103.7797628,105.0386047,23542800
25-04-2023,Google,104.8998413,105.7522832,102.9273264,102.9372406,46664100
26-04-2023,Google,103.997826,105.4152576,101.7279525,102.7984619,53347600
27-04-2023,Google,103.5319622,107.4175142,102.6299643,106.6443634,50089200
28-04-2023,Google,106.0991792,106.406452,104.166314,106.3965378,36139800
01-05-2023,Google,105.9009379,107.0408316,105.881117,106.2577744,26681700
02-05-2023,Google,106.1983209,106.2577911,102.7984677,104.3943176,30997200
03-05-2023,Google,104.6024609,106.545233,104.0374712,104.4835205,21795400
04-05-2023,Google,104.5628157,104.6718495,103.0561788,103.7698517,23419500
05-05-2023,Google,103.8987047,104.9493856,103.194946,104.6421127,26639300
08-05-2023,Google,104.2555446,107.0111093,104.2357238,106.8227768,26511400
09-05-2023,Google,107.4373313,109.1818643,106.2478815,106.4064713,36360100
10-05-2023,Google,107.0210314,111.9473503,106.981382,110.767807,63153400
11-05-2023,Google,114.3857183,116.883566,113.4044218,115.545433,78900000
12-05-2023,Google,115.6544737,116.9926068,115.0894839,116.4771805,41102300
15-05-2023,Google,115.0894761,117.4386482,114.9903566,115.4859619,36266800
16-05-2023,Google,115.4661341,119.6886939,115.4066639,118.4595947,45035600
17-05-2023,Google,118.5587082,120.6005997,117.8450353,119.7778931,33323600
18-05-2023,Google,119.8869385,122.2261965,119.7679981,121.7504196,35234200
19-05-2023,Google,122.4640877,124.8628158,121.0763911,121.6810303,41353400
22-05-2023,Google,121.8594496,125.3187729,121.6612029,123.9509048,35253000
23-05-2023,Google,123.0687236,123.5345863,121.1358582,121.4827805,34046300
24-05-2023,Google,120.055447,120.8385044,118.8065194,119.8373795,34182600
25-05-2023,Google,123.4255516,124.2185231,120.8880546,122.3946991,42317000
26-05-2023,Google,122.0874246,124.159059,121.3737517,123.5147705,35635900
30-05-2023,Google,124.5357093,124.5555378,120.927703,122.5830231,35076700
31-05-2023,Google,121.6710987,122.9695821,121.4232961,121.7900467,37325800
01-06-2023,Google,121.7405001,123.3264357,121.542261,122.6325912,30772700
02-06-2023,Google,122.900218,125.0412369,122.6722438,123.5742416,26980100
05-06-2023,Google,122.9200369,126.3099755,122.7515253,124.9024582,32305500
06-06-2023,Google,124.902463,127.1624147,124.2581746,126.1910324,26638300
07-06-2023,Google,125.8540144,127.9058125,121.0466444,121.4233017,52539000
08-06-2023,Google,121.1556802,122.1468908,120.1743762,121.0664673,29389200
09-06-2023,Google,121.1755063,122.6722366,120.8384983,121.1556854,23778300
12-06-2023,Google,121.7107713,122.959699,120.5907059,122.553299,28306400
13-06-2023,Google,123.8815167,124.059935,122.0973345,122.7416229,22278300
14-06-2023,Google,122.0180333,122.959688,120.3825342,122.5830231,30592300
15-06-2023,Google,122.0576968,124.3573055,121.3242029,123.9905548,35246300
16-06-2023,Google,124.8231669,125.0015851,122.196457,122.4442596,45535600
20-06-2023,Google,121.8495243,123.4751091,121.066467,122.0180283,26097500
21-06-2023,Google,121.3241785,121.5818953,119.0443911,119.4904404,30306300
22-06-2023,Google,118.9452887,122.1568094,117.785574,122.0676041,26952200
23-06-2023,Google,120.3131557,121.7107665,119.9959686,121.2647171,34913600
26-06-2023,Google,119.698609,120.9277082,117.2304889,117.2998734,33969900
27-06-2023,Google,116.050957,118.0333785,115.0795671,117.2899704,39535900
28-06-2023,Google,116.060858,119.3318563,115.8229695,119.123703,27091400
29-06-2023,Google,118.1919687,119.0047612,117.2602357,118.0531998,24090900
30-06-2023,Google,119.1137889,120.0157943,118.638012,118.6479187,29532200
03-07-2023,Google,118.1919734,119.1336282,117.7756667,118.8461761,14467900
05-07-2023,Google,118.1919527,121.5323352,118.182046,120.6798935,27584800
06-07-2023,Google,118.7470408,119.2426461,117.3593443,119.0543137,24745200
07-07-2023,Google,119.0444011,119.9860558,118.3505567,118.4298553,21709500
10-07-2023,Google,117.2602368,117.2701434,115.1192179,115.4264908,35315200
11-07-2023,Google,115.2678926,116.67541,114.3361522,116.1104202,23078800
12-07-2023,Google,117.7558423,119.2723935,117.3692707,117.884697,30404400
13-07-2023,Google,119.8671025,123.7328255,119.3913181,123.4453735,44297900
14-07-2023,Google,123.703104,125.6656971,122.4046128,124.3176498,33283100
17-07-2023,Google,124.8330832,125.9828838,123.1083711,123.5544205,25716200
18-07-2023,Google,123.50487,123.5841686,121.8792848,122.6722565,26193600
19-07-2023,Google,123.5048623,124.0797664,120.7294766,120.9574509,37224000
20-07-2023,Google,120.3528022,122.999333,117.180931,118.1523132,37906800
21-07-2023,Google,119.5598433,119.9265864,117.6864556,118.9651108,72937900
24-07-2023,Google,120.5906847,121.9189033,119.9166612,120.4618225,29686100
25-07-2023,Google,120.2933366,122.0676048,119.9563211,121.1358643,52509600
26-07-2023,Google,128.9267912,129.8287815,127.1921724,128.1338196,61682100
27-07-2023,Google,130.5127174,132.0689256,127.6580256,128.2626648,44952100
28-07-2023,Google,129.6305213,132.5645113,129.4223755,131.4147034,36591200
31-07-2023,Google,131.563404,132.3563756,130.6217568,131.5534973,28055500
01-08-2023,Google,129.630547,131.464293,129.5314199,130.3937836,23166800
02-08-2023,Google,128.3122356,128.94661,126.4388478,127.2516479,26273300
03-08-2023,Google,126.8452299,128.2527472,126.300061,127.3210068,20089500
04-08-2023,Google,128.1437158,130.3541114,126.785762,126.9840012,26147200
07-08-2023,Google,128.0247676,130.4532305,127.8859987,130.3739319,22746300
08-08-2023,Google,129.4719435,130.3541205,128.4014341,130.2450867,23535200
09-08-2023,Google,130.5028227,130.8794725,127.8661982,128.520401,24912900
10-08-2023,Google,130.1658035,130.8893831,128.3122291,128.5501251,20857800
11-08-2023,Google,127.5291659,128.7879925,127.0434672,128.4212494,19591100
14-08-2023,Google,128.2527387,130.2153315,127.8265254,130.1756897,24695600
15-08-2023,Google,129.9477488,130.2649285,128.1437378,128.6393433,19770700
16-08-2023,Google,127.5688171,129.1349319,126.746118,127.5688171,25216100
17-08-2023,Google,128.6591662,130.8299203,128.153639,128.7781067,33446300
18-08-2023,Google,127.3804884,128.1139898,125.2692123,126.3397217,30504800
21-08-2023,Google,126.0621713,127.5985433,125.447618,127.2417068,25248700
22-08-2023,Google,127.3804906,129.1349379,127.1921732,127.945488,22054900
23-08-2023,Google,129.0358043,132.2374258,128.7285314,131.2065582,27819700
24-08-2023,Google,132.7726907,133.070057,128.4311975,128.6393433,28500700
25-08-2023,Google,128.401426,129.6107042,126.1315601,128.7384491,26762900
28-08-2023,Google,130.1558562,131.3750409,128.9961416,129.85849,20543300
29-08-2023,Google,131.0776997,135.3696436,131.0776997,133.3872223,43075600
30-08-2023,Google,133.5953769,135.082193,132.8916258,134.6857147,28315800
31-08-2023,Google,134.8145777,136.7870927,134.5965101,134.973175,30053800
01-09-2023,Google,136.2518337,136.2518337,133.6647731,134.4676514,21543700
05-09-2023,Google,134.2495741,135.2209563,133.3971323,134.5766754,19403100
06-09-2023,Google,134.8245,135.330012,132.4951485,133.2782135,18684500
07-09-2023,Google,132.4158166,134.3883311,131.7814425,134.0711365,18844300
08-09-2023,Google,133.7242393,135.458858,133.664769,135.1813202,23558300
11-09-2023,Google,135.3399335,136.2716742,134.5965253,135.7165985,20763400
12-09-2023,Google,135.062333,135.6669719,134.0017456,134.1504211,18405500
13-09-2023,Google,133.9026361,135.6967249,132.9708958,135.5084076,20749500
14-09-2023,Google,136.3905946,137.4809173,135.0425475,136.8862,24751000
15-09-2023,Google,136.7672564,137.3025186,135.2804402,136.1923523,38919600
18-09-2023,Google,135.409281,137.936871,135.409281,136.995224,21861300
19-09-2023,Google,136.2121754,137.1934794,135.4192038,136.8267212,20353700
20-09-2023,Google,136.8663961,136.8663961,132.4455891,132.5645447,29927500
21-09-2023,Google,130.2847441,131.0677939,128.9267902,129.2935333,31503900
22-09-2023,Google,129.6107061,130.8695479,128.4609132,129.1051941,26397300
25-09-2023,Google,128.6889082,130.0171271,127.8265596,129.9576569,20094600
26-09-2023,Google,128.6293987,129.2142093,126.1018087,127.439949,25718700
27-09-2023,Google,127.439983,129.7494909,127.439983,129.3926544,22746500
28-09-2023,Google,128.6987879,132.1283835,128.6492244,131.1470795,22513100
29-09-2023,Google,132.1085671,132.8718036,129.2142335,129.7098389,30859800
02-10-2023,Google,130.0567776,133.2385559,130.0171207,132.9907532,22288000
03-10-2023,Google,132.7627595,133.0799391,130.6812111,131.2660217,22989400
04-10-2023,Google,131.6228674,134.3784472,131.3651581,134.0513458,26752300
05-10-2023,Google,133.8828583,134.299165,132.2770864,133.8828583,19832600
06-10-2023,Google,132.8321289,136.945662,132.8321289,136.3707581,27597600
09-10-2023,Google,135.7364119,137.7188335,134.4180997,137.2033997,19278100
10-10-2023,Google,137.2826928,138.4919711,136.122978,136.8465576,27786600
11-10-2023,Google,137.3619955,139.8697576,137.3619955,139.314682,25884300
12-10-2023,Google,139.8103014,139.9788055,137.0448145,137.7485809,24765500
13-10-2023,Google,138.154929,138.7694746,135.4191782,136.1526794,23420500
16-10-2023,Google,136.9555619,138.402736,136.7771513,137.8773956,28501900
17-10-2023,Google,137.4115426,138.6703693,135.974275,138.4919586,23515800
18-10-2023,Google,138.2243154,139.4831571,136.1725173,136.7474213,23375000
19-10-2023,Google,137.2826995,138.4325077,136.1725482,136.5392914,26066000
20-10-2023,Google,136.1229783,136.6582254,133.892754,134.4081879,26335700
23-10-2023,Google,133.8530882,136.4500705,132.7726721,135.3002625,26317900
24-10-2023,Google,136.6185986,138.1351501,136.2121985,137.5899811,44814300
25-10-2023,Google,127.0335641,127.1822396,123.9707191,124.5059738,84366200
26-10-2023,Google,122.1865425,123.237231,120.204121,121.205246,57061100
27-10-2023,Google,121.799973,122.2261939,119.1534422,121.0962143,44566500
30-10-2023,Google,122.1270603,124.297814,121.6711043,123.3660736,28940100
31-10-2023,Google,123.9608079,124.2680884,121.6116434,122.9894257,26292300
01-11-2023,Google,122.9795212,125.3782495,122.632599,125.3386002,30082400
02-11-2023,Google,127.2912797,127.8463553,125.8143778,126.3694534,27124600
03-11-2023,Google,126.8947998,128.3915225,126.7362024,127.9653091,26393100
06-11-2023,Google,127.9157443,129.1943994,127.5390794,129.1051941,19052700
07-11-2023,Google,129.5611536,130.7506034,128.7384469,129.8188629,29757300
08-11-2023,Google,129.8188649,131.0479716,129.6305325,130.6812134,26425800
09-11-2023,Google,130.8001593,131.38497,128.9267719,129.0952759,23747800
10-11-2023,Google,128.9565166,131.6327825,128.2725789,131.4246216,26913300
13-11-2023,Google,130.621728,131.4246061,130.0963876,130.9290009,18324800
14-11-2023,Google,133.0105693,134.507292,132.1482208,132.4455719,32395200
15-11-2023,Google,133.6846008,133.8431982,132.3960388,133.4367981,23861500
16-11-2023,Google,134.0017891,136.0139458,133.1394406,135.7264862,28013200
17-11-2023,Google,134.8046807,134.864151,132.4753291,134.1207428,37240600
20-11-2023,Google,132.5149777,135.458875,132.4455857,135.052475,27815500
21-11-2023,Google,135.0921278,135.9743049,134.7650415,135.7661591,22635300
22-11-2023,Google,136.2617422,138.1946001,136.2617422,137.2727814,17813900
24-11-2023,Google,136.8168359,136.915963,134.7947724,135.4886169,12514300
27-11-2023,Google,134.8343947,137.2033877,134.8046595,135.2110596,23436500
28-11-2023,Google,134.8839589,136.0436737,134.2297562,135.9941101,18730000
29-11-2023,Google,136.3608686,137.0745264,133.6548524,133.8035431,23967200
30-11-2023,Google,133.8629978,134.3586031,130.1261295,131.3651428,38988300
01-12-2023,Google,130.7010193,130.9488219,129.5214764,130.7010193,31442300
04-12-2023,Google,128.7384588,128.8871343,126.7758581,128.1338196,36669900
05-12-2023,Google,127.816636,130.978601,127.1227914,129.8387146,27384800
06-12-2023,Google,130.2847298,130.681208,128.7384436,128.8772125,23576200
07-12-2023,Google,133.8530984,137.3421646,133.5160904,135.7264862,56767100
08-12-2023,Google,133.0204781,135.2011387,132.8519741,133.8035431,32260100
11-12-2023,Google,131.216479,132.1680328,130.2054398,132.1184692,31138000
12-12-2023,Google,130.651504,131.8310474,130.106335,131.3552704,29032800
13-12-2023,Google,132.207694,132.3266344,130.4136049,131.4048157,30104800
14-12-2023,Google,132.2076648,132.5446727,128.5500955,130.7803192,38722400
15-12-2023,Google,130.4631727,132.3365607,130.0270375,131.4345703,50847100
18-12-2023,Google,131.4642936,135.9445556,131.2660394,134.6064301,32258000
19-12-2023,Google,135.6372766,136.2617442,134.8839618,135.4489441,25476800
20-12-2023,Google,137.7485521,140.454553,136.8564685,137.1240845,49107200
21-12-2023,Google,138.2639876,139.4534374,137.9566995,139.1858063,27488300
22-12-2023,Google,139.5327412,140.7420196,139.473271,140.2464142,26532200
26-12-2023,Google,140.3455152,141.4259312,139.949037,140.2761383,16780300
27-12-2023,Google,140.345524,140.8312227,138.6604688,139.1362457,19628600
28-12-2023,Google,139.5426359,139.8994724,138.5216902,138.997467,16045700
29-12-2023,Google,138.402749,139.1263286,137.5602139,138.4622192,18733000
02-01-2024,Google,137.3322466,138.2243302,135.2804331,136.9555817,23711200
03-01-2024,Google,136.0436698,138.4027561,135.8751658,137.6989899,24212100
04-01-2024,Google,137.2033796,137.9368809,135.1515814,135.1912231,27137700
05-01-2024,Google,135.5480723,135.9544723,133.962129,134.5370331,22513900
08-01-2024,Google,135.0920847,137.7881787,135.0623495,137.6196747,21404000
09-01-2024,Google,137.2826878,140.2464134,136.935758,139.7111511,24759600
10-01-2024,Google,139.7607162,141.7431377,139.6715108,141.0294647,21320200
11-01-2024,Google,142.2288487,143.9436392,139.4038918,140.8312378,24008700
12-01-2024,Google,141.4160382,141.9413787,140.5735181,141.3962097,18785500
16-01-2024,Google,140.751896,143.0812468,140.2067272,141.2375946,22670500
17-01-2024,Google,140.1076526,140.5933362,137.679174,140.226593,20968600
18-01-2024,Google,140.8014635,142.9424819,140.7419933,142.2188873,25746400
19-01-2024,Google,143.4678295,145.1627912,143.1109931,145.0934143,34271900
22-01-2024,Google,145.8070926,147.0857477,144.5581575,144.7068481,32200400
23-01-2024,Google,144.6077333,145.8863885,144.2211618,145.7476196,21636100
24-01-2024,Google,147.2344538,148.5329527,146.7983337,147.3930511,25233500
25-01-2024,Google,148.7510043,151.7048081,148.2256487,150.5351715,29149100
26-01-2024,Google,149.7719399,151.1992706,149.6827195,150.852356,26115500
29-01-2024,Google,150.7235139,152.4283978,150.0990463,152.1607666,27784300
30-01-2024,Google,151.4569875,152.2697724,149.8611378,150.1287689,36331800
31-01-2024,Google,142.3576882,142.7343531,138.6406477,138.8686371,71910000
01-02-2024,Google,140.87085,141.8025904,139.552538,139.9192963,40466500
02-02-2024,Google,138.0359981,141.3664667,135.300262,141.1285858,62499600
05-02-2024,Google,141.5647333,144.1914358,141.5250764,142.41716,38505400
06-02-2024,Google,143.378604,144.0823702,141.9314451,142.8334503,29128200
07-02-2024,Google,143.4876601,144.3401019,142.6649533,144.2608032,25208900
08-02-2024,Google,144.5482496,145.0438549,143.82467,144.6275482,22563800
09-02-2024,Google,145.390768,148.126519,144.8951627,147.6903839,26829500
12-02-2024,Google,147.1154684,148.0273803,146.0746943,146.2332916,21564100
13-02-2024,Google,143.6462513,145.38087,142.4270664,143.8643188,27837700
14-02-2024,Google,144.7960565,145.2321916,142.8235418,144.6572876,22704200
15-02-2024,Google,141.8818951,142.25856,139.2254577,141.515152,37590700
16-02-2024,Google,141.7332189,141.931458,138.9082625,139.2849274,31468900
20-02-2024,Google,138.4324947,140.8312229,138.2639907,139.8796539,25144700
21-02-2024,Google,140.2067508,141.4358575,139.4435143,141.2970886,23223300
22-02-2024,Google,143.6561454,143.7255374,141.5448771,142.8235321,27191900
23-02-2024,Google,142.4072273,143.4083446,142.1693313,142.6946869,19493800
26-02-2024,Google,140.8907114,141.1880777,136.1824598,136.3608856,53641800
27-02-2024,Google,136.8069057,138.0260907,135.8850719,137.6593475,33099200
28-02-2024,Google,136.6879496,136.7969833,134.2198446,135.1813202,37328600
29-02-2024,Google,136.0734206,137.6395355,135.2011503,137.2430573,42133000
01-03-2024,Google,137.2133019,137.649437,135.716579,135.9346466,31151100
04-03-2024,Google,134.4676577,134.4676577,130.7506173,132.1779633,55999400
05-03-2024,Google,130.7208869,132.0689342,129.5215151,131.5039368,40194800
06-03-2024,Google,131.9499704,132.405934,129.6999329,130.2450867,35318600
07-03-2024,Google,131.6228467,133.7539586,130.4532255,133.1988831,37738200
08-03-2024,Google,133.0303988,136.8762861,132.8222379,134.2198486,39370400
11-03-2024,Google,134.9335033,137.8774,134.9335033,136.4599609,32437800
12-03-2024,Google,135.8256185,138.15497,135.8256185,137.2826996,27563400
13-03-2024,Google,137.7783057,139.8499327,137.768399,138.5613556,23347200
14-03-2024,Google,139.9490386,142.3279382,139.225459,141.8422546,42753400
15-03-2024,Google,141.2475382,141.9215543,138.7992463,139.9391327,49475400
18-03-2024,Google,147.3038377,150.8127173,145.8764917,146.3820038,69273700
19-03-2024,Google,146.8577897,147.4822422,144.7960695,145.7377167,24070400
20-03-2024,Google,146.6991921,147.5516339,145.450272,147.4326935,21311500
21-03-2024,Google,148.1562785,149.0483621,145.6088595,146.3027191,24755600
22-03-2024,Google,147.809363,150.2477484,147.670594,149.44487,29211800
25-03-2024,Google,148.6221296,149.0582647,146.5207678,148.7509918,19229300
26-03-2024,Google,148.8996614,150.9217244,148.6617654,149.3457031,22149100
27-03-2024,Google,149.8512182,150.3071817,147.5912591,149.5439453,22879200
28-03-2024,Google,149.5241405,150.0990294,148.8501094,149.6034241,24485400
01-04-2024,Google,149.3655378,154.3711547,149.2862392,154.1233521,31730800
02-04-2024,Google,152.1508419,153.3402917,150.8127014,153.2015228,24586000
03-04-2024,Google,152.2499443,153.7169317,151.3875809,153.5583344,24705000
04-04-2024,Google,152.1508677,153.4097097,149.1276715,149.2069702,34724700
05-04-2024,Google,148.7113457,152.0715495,148.2851324,151.1596375,23459200
08-04-2024,Google,151.4371547,153.9052745,151.2686507,153.4889679,20702000
09-04-2024,Google,154.7180904,157.1663823,153.8260067,155.2236176,31079500
10-04-2024,Google,154.8370159,155.2334941,153.3204498,154.7676239,22838600
11-04-2024,Google,155.5308842,158.2765271,155.0848424,158.0089111,27166400
12-04-2024,Google,156.5716325,158.811763,155.7588326,156.3436432,25353700
15-04-2024,Google,157.4637288,157.8403937,153.231255,153.4988861,27136500
16-04-2024,Google,152.8347772,154.2819363,152.0814474,153.042923,20779500
17-04-2024,Google,154.2522064,155.6993807,153.221354,154.1035309,21763100
18-04-2024,Google,153.9746693,155.5606125,153.2609964,154.6387787,19883000
19-04-2024,Google,154.827112,154.9857093,150.9613962,152.7356567,32615600
22-04-2024,Google,152.9537164,156.2544497,152.7059137,154.9064026,26446200
23-04-2024,Google,155.5804112,157.5727389,154.9063802,156.8689728,21151600
24-04-2024,Google,156.1057991,158.1675195,155.7886044,157.7313843,22779100
25-04-2024,Google,149.9999382,155.1145897,149.5439745,154.628891,57109700
26-04-2024,Google,172.837403,173.1744261,168.1588873,170.4386749,64665300
29-04-2024,Google,167.5740783,168.0597769,163.7579261,164.6896515,45610000
30-04-2024,Google,164.1543862,166.622506,161.1708478,161.3492584,33562900
01-05-2024,Google,162.855935,165.6511415,161.6565633,162.4197998,33493200
02-05-2024,Google,163.3416002,165.2645514,162.4495167,165.1555176,24294500
03-05-2024,Google,166.0872754,166.4837688,161.6169202,165.7700958,34662400
06-05-2024,Google,165.9881538,166.6621699,164.5707146,166.6225281,21871300
07-05-2024,Google,167.0190129,170.2503546,166.9099792,169.7448425,28039700
08-05-2024,Google,167.5146162,168.6545025,167.2569069,167.8912811,19569100
09-05-2024,Google,167.9011891,169.1897661,166.7018175,168.4661865,15346700
10-05-2024,Google,166.553133,168.3571438,164.729309,167.1676788,29799900
13-05-2024,Google,162.8162682,167.7921502,162.5585588,167.6533813,31327600
14-05-2024,Google,168.277837,169.7448245,167.3163615,168.8428192,25127100
15-05-2024,Google,169.1302933,171.1325281,169.0113377,170.9937592,26948400
16-05-2024,Google,171.7668862,173.5808035,171.1721689,172.6490631,27867900
17-05-2024,Google,172.649077,174.7207189,172.1633934,174.512558,24479300
20-05-2024,Google,174.6414107,177.198736,174.5323769,175.3649902,22554400
21-05-2024,Google,175.3451572,176.5841706,174.2647413,176.2868195,16989400
22-05-2024,Google,175.087467,175.5929791,173.6700429,174.8297577,17880000
23-05-2024,Google,175.5136937,176.6833152,171.4298952,172.0246277,21024900
24-05-2024,Google,173.442013,174.2250778,172.1237012,173.4519348,16579400
28-05-2024,Google,172.9167208,175.7119425,172.8374221,174.8495789,20572200
29-05-2024,Google,173.8881183,175.2857293,173.1843671,174.3539886,23388700
30-05-2024,Google,173.6601122,173.6799407,170.2800801,170.5972748,22931500
31-05-2024,Google,170.3494819,171.5389318,167.9507537,170.9838562,37638900
03-06-2024,Google,171.0234817,172.9959963,169.6556212,171.6479492,27459100
04-06-2024,Google,171.7569697,172.321967,170.3791876,172.2624817,26879600
05-06-2024,Google,173.6601252,175.0973778,172.4012833,173.8682861,22068500
06-06-2024,Google,174.3539444,175.5929577,174.2052688,175.176651,23251000
07-06-2024,Google,175.493837,176.3066218,172.7680079,172.9266052,19661400
10-06-2024,Google,173.6311807,175.7051849,171.4380843,173.6708679,23726700
11-06-2024,Google,174.8716214,175.4868725,172.4403711,175.2685547,21540600
12-06-2024,Google,176.8860981,179.0295742,174.7624732,176.4296112,27864700
13-06-2024,Google,174.7624605,175.3876448,173.5418764,173.8197327,20913300
14-06-2024,Google,172.8869285,175.7051942,172.8174569,175.4372559,18063600
17-06-2024,Google,174.1174408,176.9952448,173.4724053,175.8838196,19618500
18-06-2024,Google,175.7845919,176.032679,172.7678595,173.7502747,21869900
20-06-2024,Google,174.0281274,175.9334345,173.6510454,174.9510193,20160100
21-06-2024,Google,175.645688,179.4662359,175.2586727,178.2555695,57759000
24-06-2024,Google,178.7814885,179.5058986,177.3028839,177.8486786,18298000
25-06-2024,Google,178.2456119,182.8798771,178.0471453,182.6218719,23130200
26-06-2024,Google,181.2325567,183.098161,181.0836954,182.4729919,19839000
27-06-2024,Google,182.7707032,184.6264048,182.611939,183.9913025,18848900
28-06-2024,Google,182.9096346,183.7134342,180.5676921,180.7562256,29156600
01-07-2024,Google,181.629531,182.4730332,179.9127725,181.5898438,16006100
02-07-2024,Google,180.6570079,184.1500781,180.1707518,183.8226013,17372500
03-07-2024,Google,183.435599,184.6661013,182.5920968,184.3981781,10242100
05-07-2024,Google,184.4378649,189.3996067,184.3783265,189.1416016,20967500
08-07-2024,Google,188.4469411,188.7148794,186.3431675,187.5836029,21035900
09-07-2024,Google,188.8538218,189.8957906,187.2759914,187.5339966,15121400
10-07-2024,Google,187.7026517,190.282763,187.5835748,189.7171173,15952500
11-07-2024,Google,188.3973351,189.3996014,183.6638293,184.1500854,25625800
12-07-2024,Google,183.6638182,185.6782839,183.0783363,183.6539001,22898400
15-07-2024,Google,183.5050711,186.7996752,183.5050711,185.1027527,16474000
16-07-2024,Google,185.9263603,187.2362521,181.9668855,182.5126801,18290700
17-07-2024,Google,181.5699638,182.1455276,178.5234473,179.6348877,20734100
18-07-2024,Google,180.5379151,181.1035608,175.1197019,176.330368,25315700
19-07-2024,Google,177.5112643,178.9104638,175.7746548,176.3005981,18881900
22-07-2024,Google,179.2081693,181.3020247,178.8509233,180.2799072,24100300
23-07-2024,Google,180.6570223,182.2050834,180.150915,180.3990021,36352700
24-07-2024,Google,172.271661,174.8418394,170.5052824,171.309082,49585200
25-07-2024,Google,171.1999571,172.0930646,165.9107381,166.0000458,44852000
26-07-2024,Google,165.8710142,166.803824,162.8046615,165.722168,41336900
29-07-2024,Google,167.538193,169.1259414,166.7046239,168.2328339,20293800
30-07-2024,Google,168.937379,169.9197941,167.151149,168.9869843,18959700
31-07-2024,Google,171.914452,172.9167185,168.7091556,170.2274475,25729100
01-08-2024,Google,168.9473074,172.7182342,167.587795,169.4533997,24531400
02-08-2024,Google,165.166463,167.2206163,163.4100022,165.3847809,29130100
05-08-2024,Google,154.3101725,163.1718362,153.7445266,158.0314789,53630700
06-08-2024,Google,158.1108778,159.3413953,155.2132221,157.0788269,49004600
07-08-2024,Google,160.0161687,161.732927,157.2574415,157.7238464,25138600
08-08-2024,Google,159.281818,162.4374934,158.9841256,160.7901917,25578800
09-08-2024,Google,158.7856647,162.5367405,157.8429368,162.4176636,28602300
12-08-2024,Google,163.0924373,163.6382167,160.6016336,161.0481873,15895300
13-08-2024,Google,162.1596237,163.4695155,161.7229881,162.9038849,18551700
14-08-2024,Google,161.1573645,161.9710974,156.5032635,159.1428986,40591100
15-08-2024,Google,159.2719294,160.403206,158.3887398,160.0658112,31524300
16-08-2024,Google,160.2344845,163.7970114,159.8970897,161.713089,24208600
19-08-2024,Google,164.0153355,165.4145503,163.0031359,165.3946991,22416200
20-08-2024,Google,165.622931,167.3496226,165.5435565,165.9007874,18341500
21-08-2024,Google,163.8863376,165.5733421,163.4100146,164.5809937,22902000
22-08-2024,Google,165.9801626,166.3076393,162.06039,162.5466461,22493300
23-08-2024,Google,163.4596147,164.9084348,162.5764254,164.3527222,13955700
26-08-2024,Google,165.1069287,166.2679745,163.2016216,164.8886108,14190400
27-08-2024,Google,164.5710496,165.1664647,163.2016192,163.4199219,11821900
28-08-2024,Google,163.7771577,164.3328855,160.2940206,161.6039276,16407400
29-08-2024,Google,163.0527699,164.7000719,159.0238376,160.5421295,19699800
30-08-2024,Google,161.3756884,162.4077391,160.4528116,162.1298828,22123800
03-09-2024,Google,160.4825845,160.6115946,155.2826734,156.1559448,38945300
04-09-2024,Google,155.461299,157.7833905,154.7666582,155.2528992,19353800
05-09-2024,Google,155.1040553,158.2299467,154.7864966,156.0368652,18688700
06-09-2024,Google,156.0964163,156.6223598,149.3980642,149.7652283,37912100
09-09-2024,Google,151.543844,152.4282052,146.2873628,147.7679291,39260500
10-09-2024,Google,149.4969156,150.3117283,147.4002816,147.7182617,31118800
11-09-2024,Google,148.9702729,150.5402656,146.5854827,150.2024231,29607700
12-09-2024,Google,152.8256912,153.8392338,151.6829673,153.7100525,29621500
13-09-2024,Google,154.4453551,157.3766792,154.2267627,156.4625092,29591200
16-09-2024,Google,156.3134669,157.2475146,155.6079731,157.0587158,18379800
17-09-2024,Google,158.0126427,159.5329492,157.3766975,158.3107452,20715600
18-09-2024,Google,158.8472937,159.4832387,157.5952812,158.7976074,23677300
19-09-2024,Google,162.6729,162.7523799,160.3179037,161.1128387,26587700
20-09-2024,Google,162.4642542,162.6927929,161.0333739,162.5536804,40896400
23-09-2024,Google,163.3088699,164.4416475,160.6458394,160.824707,24150900
24-09-2024,Google,161.9972042,162.1860029,159.6720317,161.2618866,23332100
25-09-2024,Google,160.4471024,161.77861,160.2781812,160.46698,18869200
26-09-2024,Google,162.6033508,163.0405658,161.2519657,161.6991119,20319300
27-09-2024,Google,161.7786146,164.6503062,161.5997621,162.9113922,21101300
30-09-2024,Google,162.2854057,165.0974649,162.2257731,164.7993774,20413900
01-10-2024,Google,166.6277067,168.0883957,163.5374076,165.9321442,28338100
02-10-2024,Google,165.3657304,166.458768,163.6864341,164.8092804,17760200
03-10-2024,Google,163.3684692,165.5843379,162.8815678,164.8092804,15073100
04-10-2024,Google,166.9953435,167.1642647,164.4316859,166.0016785,19047400
07-10-2024,Google,166.6575185,167.4126986,161.7190015,161.9475403,22463100
08-10-2024,Google,162.901469,163.6864578,161.83824,163.3386841,23072700
09-10-2024,Google,162.4145644,163.7957584,158.7280753,160.8346405,31181800
10-10-2024,Google,159.8509116,162.0369872,159.3838878,161.0532532,14144100
11-10-2024,Google,161.1029483,162.8617249,160.2185869,162.2059174,15344300
14-10-2024,Google,162.6033633,165.1769524,162.3648782,163.9150085,19016100
15-10-2024,Google,164.7397309,166.6177573,163.5870909,164.4118347,20247200
16-10-2024,Google,163.4877099,164.7496688,162.7027212,164.1137238,16406000
17-10-2024,Google,164.6801232,165.3160683,161.7289364,161.8978577,21453400
18-10-2024,Google,162.1562116,163.6665868,162.0469079,162.3847504,19757700
21-10-2024,Google,161.9177093,163.4578931,161.589798,163.0306244,20946500
22-10-2024,Google,161.9475365,164.7198707,161.9475365,164.0938568,16568100
23-10-2024,Google,163.7162471,164.7695448,160.9041732,161.7487946,18280500
24-10-2024,Google,161.7984975,162.2953301,159.9900197,161.6891937,22412500
25-10-2024,Google,162.6331675,164.5410027,162.3847512,164.2230377,19828900
28-10-2024,Google,167.6809878,167.6809878,162.9113923,165.6638489,32138600
29-10-2024,Google,166.6674584,169.3006803,166.0315133,168.6051025,42169000
30-10-2024,Google,179.5354111,180.866934,172.9573527,173.3548279,68890800
31-10-2024,Google,172.0332546,175.6998815,169.916743,170.0260468,44769000
01-11-2024,Google,168.9926375,171.2283841,167.8101736,170.204895,31796500
04-11-2024,Google,168.8534933,169.6484284,166.9456583,168.1678772,21492700
05-11-2024,Google,168.3566849,169.4497227,167.7704261,168.6647339,18242100
06-11-2024,Google,172.6990064,175.8191143,172.4009038,175.3918304,33695500
07-11-2024,Google,176.2861424,179.9328918,176.0675349,179.6049805,25352900
08-11-2024,Google,179.5055866,179.7540028,176.9518753,177.2201691,22006200
11-11-2024,Google,177.4487279,179.4062495,177.3394242,179.2075195,17450400
12-11-2024,Google,178.6808819,181.3339662,178.253598,180.4694672,25134900
13-11-2024,Google,179.3168189,179.8136515,177.4089685,177.7468262,23184000
14-11-2024,Google,177.1506205,177.6872082,173.215715,174.4677277,31007500
15-11-2024,Google,172.6294434,173.0368498,170.1353494,171.3973083,32504600
18-11-2024,Google,172.3213885,174.3285961,171.8046785,174.1894836,20135300
19-11-2024,Google,172.6195174,177.7368871,172.4605274,176.9916382,23434900
20-11-2024,Google,176.2165738,176.5544163,172.6791283,174.8651886,18997100
21-11-2024,Google,172.7983698,173.0269237,162.6629879,166.5681,59734400
22-11-2024,Google,164.7993693,165.4055057,162.8617102,163.7162628,38604600
25-11-2024,Google,165.0378214,167.561739,164.5608664,166.5879364,33135300
26-11-2024,Google,166.5680785,168.7442074,166.5183922,168.0486298,20486700
27-11-2024,Google,167.9293898,168.4063447,166.9556023,168.1579285,19266500
29-11-2024,Google,167.4325383,168.3566394,166.1010309,167.8796844,14257200
02-12-2024,Google,167.7008403,170.9898689,167.5021104,170.4036102,23789100
03-12-2024,Google,170.4036212,171.5860699,169.7676762,170.2545624,22248700
04-12-2024,Google,170.065763,173.8019532,169.9763368,173.2653656,31615100
05-12-2024,Google,174.2491112,174.9446737,171.2383072,171.5463409,21356200
06-12-2024,Google,170.9402105,173.9708922,170.7712893,173.603241,21462400
09-12-2024,Google,173.0560935,175.3441304,172.7476916,174.4587555,25389600
10-12-2024,Google,181.8999028,185.3916591,180.1092527,184.20784,54813000
11-12-2024,Google,184.3471065,194.5935896,183.8895052,194.3846741,67894100
12-12-2024,Google,193.986752,194.1658094,190.713854,190.9625549,34817500
13-12-2024,Google,190.0174984,191.7285624,188.6546219,188.8336945,25143500
16-12-2024,Google,191.8678076,197.9659599,191.6191066,195.6381226,44934900
17-12-2024,Google,196.2250798,200.3734105,193.9668706,194.4045868,43504000
18-12-2024,Google,194.2056368,195.9763867,186.7645072,187.4210663,34166100
19-12-2024,Google,190.6342857,192.0270052,187.4011729,187.5304871,32265200
20-12-2024,Google,184.8146845,191.8877414,184.2575967,190.4154358,63462900
23-12-2024,Google,191.6191325,194.0862572,189.1619655,193.6186981,25675000
24-12-2024,Google,193.8275982,195.0910034,192.7731084,195.0910034,10403300
26-12-2024,Google,194.1359748,195.7276671,193.3699867,194.5836487,12046600
27-12-2024,Google,193.9370307,194.3051185,189.6593706,191.7584076,18891400
30-12-2024,Google,188.8137873,191.5494981,188.1373127,190.2463074,14264700
31-12-2024,Google,190.0871408,190.9625731,187.5304874,188.316391,17466900
02-01-2025,Google,189.6593559,191.0023473,186.5257297,188.445694,20370800
03-01-2025,Google,190.3756107,192.2060614,188.9928339,190.7934265,18596200
06-01-2025,Google,192.9720631,197.1900373,192.8427489,195.8470459,29563600
07-01-2025,Google,196.08579,199.9555765,193.5888378,194.4742126,26487200
08-01-2025,Google,191.5693959,195.2700525,191.3803807,192.942215,24864800
10-01-2025,Google,193.2904114,195.4988774,189.3211382,191.0421448,26665200
13-01-2025,Google,189.0823685,190.1865861,186.3864435,190.0174713,21823700
14-01-2025,Google,190.2463068,190.982452,187.3315234,188.6745148,17174900
15-01-2025,Google,192.0866808,195.3396938,190.8630762,194.533905,21776000
16-01-2025,Google,193.1312278,194.4642614,191.8081368,191.9076233,17815400
17-01-2025,Google,195.5088275,196.2051873,192.7432737,194.9815826,27735100
21-01-2025,Google,198.0356241,201.2388787,196.8418472,197.0209198,29971300
22-01-2025,Google,198.0256658,199.4382855,196.503617,197.3392487,26200600
23-01-2025,Google,197.110451,199.2592311,194.185725,196.9512787,26951400
24-01-2025,Google,197.0706713,199.8561102,196.9711848,199.1697083,23877500
27-01-2025,Google,191.4102124,195.8569868,189.738934,190.813324,41728900
28-01-2025,Google,191.7484641,194.4642747,189.6892126,194.2852173,24157900
29-01-2025,Google,194.5438526,195.7674572,192.4249154,194.3946381,18218300
30-01-2025,Google,196.971181,200.3535083,196.6428938,199.8262634,24354700
31-01-2025,Google,200.9504068,204.4123205,200.7514491,202.9599152,32001100
03-02-2025,Google,199.647215,202.6913128,199.0602843,200.1844025,27838300
04-02-2025,Google,202.3331784,205.9741645,201.7561903,205.3076477,43856400
05-02-2025,Google,190.0771871,191.7484504,187.0529748,190.3358307,70373900
06-02-2025,Google,188.5153369,191.1018331,187.7393911,190.6044312,29297400
07-02-2025,Google,190.0572901,190.1866043,182.287874,184.3769531,49315000
10-02-2025,Google,186.376531,187.2221053,184.8942676,185.5010986,23105600
11-02-2025,Google,184.0685693,185.9686484,183.3224663,184.3570709,21239500
12-02-2025,Google,182.2679871,184.1481661,180.8852102,182.6559601,22072600
13-02-2025,Google,183.3622705,185.3120777,182.1883939,185.1728058,21402500
14-02-2025,Google,184.0984327,185.4314665,183.3622875,184.2675476,20448400
18-02-2025,Google,184.6356175,184.9937476,180.7956737,182.8151245,29916700
19-02-2025,Google,183.1135656,184.4963424,182.6360488,184.3073273,19549400
20-02-2025,Google,183.8397716,184.3471161,181.7705776,183.6010132,20441500
21-02-2025,Google,184.1879346,184.3769498,178.1494829,178.7264709,35199200
24-02-2025,Google,181.0443872,182.1685054,177.9604887,178.3186188,29854200
25-02-2025,Google,177.114896,177.8112709,173.7823117,174.5085144,41913400
26-02-2025,Google,174.1603264,175.1650729,170.6884553,171.8324738,35431300
27-02-2025,Google,173.0859293,173.6529597,167.0673629,167.6244507,39991000
28-02-2025,Google,167.8034952,169.7234744,165.9034316,169.3951874,48130600
03-03-2025,Google,171.0366301,172.4691502,165.0678066,166.1421967,40770500
04-03-2025,Google,165.3762156,172.3895714,164.9384995,170.0318909,45388000
05-03-2025,Google,169.633977,172.8770325,168.1815565,172.1209869,30954900
06-03-2025,Google,169.6439022,173.9016615,169.6140593,171.4544525,28302000
07-03-2025,Google,170.3701078,174.0608369,169.3852617,172.956604,27385800
10-03-2025,Google,167.578485,167.7776871,163.0270029,165.1981659,43604000
11-03-2025,Google,164.2420511,166.0745947,160.716381,163.3755646,39587400
12-03-2025,Google,165.9052839,166.9609881,162.8676346,166.433136,28372400
13-03-2025,Google,165.3674673,165.4571143,161.4533926,162.1007538,31756200
14-03-2025,Google,162.6087079,165.8156671,161.7920219,164.8197174,31995900
17-03-2025,Google,164.361581,165.6264414,163.0070888,163.6245728,31184300
18-03-2025,Google,163.0170135,163.584712,156.0852132,160.0192108,42074800
19-03-2025,Google,161.1048035,165.198157,160.3478873,163.226181,34275600
20-03-2025,Google,160.9155808,164.2221255,160.3080509,162.1405945,28138500
21-03-2025,Google,160.5570516,163.5747778,160.2383404,163.3257904,36625800
24-03-2025,Google,166.3933245,167.6382616,164.4711337,167.0008392,30879100
25-03-2025,Google,168.295584,169.9389102,167.6382687,169.8691864,24174400
26-03-2025,Google,168.3154931,168.923023,164.1723388,164.391449,28901600
27-03-2025,Google,163.9631894,164.749983,161.3438371,161.5828705,24508300
28-03-2025,Google,159.8399637,161.1645786,153.0077486,153.7049103,48669300
31-03-2025,Google,152.4898548,154.9100052,150.0497812,154.0136566,54603500
01-04-2025,Google,152.9977841,157.4596496,152.9977841,156.4338226,30672900
02-04-2025,Google,154.5215562,157.7683613,154.073382,156.4039001,25041700
03-04-2025,Google,150.4979626,152.1611968,149.7808776,150.1095428,46883400
04-04-2025,Google,147.4105117,150.4581306,144.7911743,145.0102844,62259500
07-04-2025,Google,140.9766888,152.2309239,139.9608158,146.1556244,76794100
08-04-2025,Google,150.6075026,151.6233755,142.4506728,144.1139069,52200200
09-04-2025,Google,143.8350408,158.9037632,143.3271119,158.0671692,70406200
10-04-2025,Google,155.9059377,157.0811661,149.3227105,152.2010193,48022000
11-04-2025,Google,152.2807077,157.0313922,152.2010451,156.50354,33636200
14-04-2025,Google,159.3519461,161.0649807,156.9218265,158.4257202,30333000
15-04-2025,Google,158.4854651,159.0033479,154.5813444,155.6768799,27551500
16-04-2025,Google,152.4799049,155.2585979,150.8963334,152.7089691,28187400
17-04-2025,Google,153.6650567,154.0534764,147.8985152,150.5477448,33046600
21-04-2025,Google,148.2769745,148.3466831,145.508236,147.0718689,26049100
22-04-2025,Google,148.2869392,151.573576,147.9383508,150.8564911,26971800
23-04-2025,Google,154.9797208,156.8919423,153.1870085,154.7207794,31128800
24-04-2025,Google,155.5175449,158.9436144,155.1590024,158.6348724,45894000
25-04-2025,Google,164.4014202,165.4272472,160.387729,161.3040161,56034000
28-04-2025,Google,161.7721085,162.4891936,157.9576344,159.9594879,29745800
29-04-2025,Google,159.6706471,160.0889441,156.8819852,159.5112915,26809000
30-04-2025,Google,157.3401285,158.6249121,154.7705765,158.1568146,34981100
01-05-2025,Google,159.8001195,161.2940439,158.2663637,160.6466827,30203200
02-05-2025,Google,162.7481471,164.3018263,161.2143761,163.3656311,25715000
05-05-2025,Google,162.3397856,164.7201046,162.060921,163.5448914,21341800
06-05-2025,Google,161.5131435,164.1324958,160.5371172,162.5688477,21277200
07-05-2025,Google,163.4154183,164.3316902,147.2411907,150.766861,127490100
08-05-2025,Google,154.3721905,155.2984164,152.2806903,153.6551056,57498700
09-05-2025,Google,153.5455485,154.421989,151.5835266,152.1313019,32435300
12-05-2025,Google,156.8521191,158.4555987,155.6171361,157.8181915,44138800
13-05-2025,Google,158.1468419,159.9196463,155.5275046,158.8838501,42382100
14-05-2025,Google,159.3121338,166.3236136,158.9635453,164.7002106,48755900
15-05-2025,Google,165.1682887,165.5368004,161.7123422,163.2959137,33146700
16-05-2025,Google,167.050632,168.6640808,164.9491776,165.5168762,42846900
19-05-2025,Google,163.8436714,165.965049,163.5548527,165.865448,30426100
20-05-2025,Google,165.7559001,167.8175233,162.2401989,163.3158264,46607700
21-05-2025,Google,163.0269887,172.4387092,162.8975104,167.8772583,73416000
22-05-2025,Google,171.1539591,176.0540297,170.0185771,170.1779175,74864400
23-05-2025,Google,168.3752348,169.2715985,167.2099756,167.7876282,35211400
27-05-2025,Google,169.4707844,172.4685872,169.3114288,172.1996765,37995700
28-05-2025,Google,172.4586279,174.5600821,171.213691,171.6618652,34784000
29-05-2025,Google,173.295257,173.7135541,169.9389112,171.1639252,29317300
30-05-2025,Google,170.6559833,171.5125006,166.7618164,171.0444031,52639900
02-06-2025,Google,167.1601849,169.1819615,166.7120106,168.3453674,38612300
03-06-2025,Google,166.8116037,167.7975841,164.6105484,165.506897,45084900
04-06-2025,Google,166.0646474,167.5386486,165.6861817,167.369339,26900800
05-06-2025,Google,169.6500488,170.2376554,166.9111874,167.5286865,36379100
06-06-2025,Google,170.1380695,173.7932027,170.1380695,172.9765167,35731800
09-06-2025,Google,174.043487,175.9680047,173.8739724,175.5890808,28935900
10-06-2025,Google,175.6987675,180.5948039,174.4124438,178.0919495,61766100
11-06-2025,Google,179.2586188,179.8569029,176.2472055,176.8455048,31646800
12-06-2025,Google,175.6788256,176.217298,174.2529008,175.2001953,20941900
13-06-2025,Google,171.949474,176.6261351,171.8996132,174.1731262,27663100
16-06-2025,Google,174.2329455,176.4366655,174.1531712,176.2671509,27389200
17-06-2025,Google,175.2001893,176.8554708,174.0833802,175.4494781,24973000
18-06-2025,Google,175.5093003,176.0577388,172.7072963,172.8269653,28707500
20-06-2025,Google,173.4551732,173.8440631,164.9893338,166.1659698,75659900
23-06-2025,Google,165.7970377,166.8639861,161.5391798,164.720108,57671000
24-06-2025,Google,166.4451605,167.7414654,165.6574145,166.2955933,40524300
25-06-2025,Google,167.1531615,171.8697022,167.0733873,170.1944733,35479000
26-06-2025,Google,171.9394827,173.1959081,169.4565757,173.0463257,31796700
27-06-2025,Google,173.0463299,178.1717077,171.2414812,178.0221405,108140200
30-06-2025,Google,180.2657434,180.7144602,174.0833832,175.7286835,63378900
01-07-2025,Google,175.2400916,175.5890868,173.0363715,175.339798,35904500
02-07-2025,Google,175.0406332,178.3511961,174.5719842,178.1318207,29128900
03-07-2025,Google,177.9922336,179.1589035,176.5463613,179.0193024,21689700
07-07-2025,Google,178.5506411,178.7899639,175.180251,176.2870941,34175600
08-07-2025,Google,177.3440914,177.4437979,172.3184198,173.8640137,40442500
09-07-2025,Google,174.7514559,178.9295388,172.2785152,176.1175537,43025600
10-07-2025,Google,175.1303863,177.9224089,173.8839422,177.1147156,29252400
11-07-2025,Google,176.2870918,180.9138921,175.9779761,179.6774292,34282900
14-07-2025,Google,180.4950796,183.1475164,179.1688612,181.0435181,32536600
15-07-2025,Google,182.2899627,183.6959553,181.0834132,181.4822693,33448300
16-07-2025,Google,182.7187601,183.8056559,181.5121954,182.4495239,33104200
17-07-2025,Google,181.6218789,183.5364154,179.9665973,183.057785,31992600
18-07-2025,Google,184.8725985,185.8897012,183.1874187,184.5335693,34014500
21-07-2025,Google,185.7201805,189.7486814,185.6204589,189.5592346,45803100
22-07-2025,Google,190.9552486,191.1048158,186.9267477,190.7957001,44660200
23-07-2025,Google,190.9552342,191.9823029,188.6418267,189.6888428,58681900
24-07-2025,Google,196.4695279,197.3869091,190.4566821,191.6233521,74881700
25-07-2025,Google,191.4338793,193.7772004,190.7159262,192.6304626,39785900
28-07-2025,Google,193.0991291,193.4980004,190.297125,192.0321808,38139500
29-07-2025,Google,191.8825829,195.3626603,191.5335877,195.1931458,41389200
30-07-2025,Google,195.0436001,197.0379108,194.136185,195.9709473,32445400
31-07-2025,Google,195.1532699,195.4324722,190.5464021,191.3540955,51329200
01-08-2025,Google,188.4922584,190.2871409,187.285709,188.59198,34832200
04-08-2025,Google,189.7486955,194.7145404,189.5791809,194.4851837,31547400
05-08-2025,Google,194.1561209,197.2971541,193.3384463,194.1162262,31602300
06-08-2025,Google,193.9467075,196.0706532,193.1190668,195.5321808,21562900
07-08-2025,Google,196.4994405,196.9780708,193.7772105,195.9609833,26321800
08-08-2025,Google,196.6589812,202.033648,196.6091204,200.8470306,39161800
11-08-2025,Google,200.3683958,200.906853,198.5037202,200.4282227,25832400
12-08-2025,Google,200.7971538,203.9182547,200.0193739,202.7615509,30397900
13-08-2025,Google,203.5493233,203.9481793,196.9481446,201.385498,28342900
14-08-2025,Google,200.9268105,203.8584498,200.6575743,202.3627167,25230400
15-08-2025,Google,203.2701312,205.85276,200.7074346,203.3199768,34931400
18-08-2025,Google,203.6191178,204.6860813,201.9139906,202.9211121,18526600
19-08-2025,Google,202.4524508,202.8612882,199.3911918,200.9966125,24240200
20-08-2025,Google,200.1589834,200.7074219,196.0407423,198.753006,28955500
21-08-2025,Google,199.1817932,201.9040232,198.8626962,199.1817932,19774600
22-08-2025,Google,202.1533109,207.9467814,200.727386,205.5037537,42827000
25-08-2025,Google,205.8427741,209.921151,204.6960515,207.8969269,29928900
26-08-2025,Google,206.9196933,207.2587377,205.1148446,206.5507507,28464100
27-08-2025,Google,205.1148505,208.3157258,205.0649897,206.8897858,23022900
28-08-2025,Google,206.6604374,211.6163005,206.311427,211.0379486,32339300
29-08-2025,Google,209.9111698,214.0393924,209.6020541,212.3043518,39728400
02-09-2025,Google,207.8470688,211.0778424,205.6134352,210.7487946,47523000
03-09-2025,Google,225.5665221,230.6520054,224.1505481,230.0038605,103336100
04-09-2025,Google,228.9967199,231.7089836,225.4667966,231.6391907,51684200
05-09-2025,Google,231.5394894,235.0893604,231.2403398,234.3315277,46588900
08-09-2025,Google,235.0101775,237.6649867,233.2136894,233.582962,32474700
09-09-2025,Google,233.7127041,240.0004043,232.7745373,239.1620483,38061000
10-09-2025,Google,238.4334497,241.1880694,237.3855124,238.7029266,35141100
11-09-2025,Google,239.4115556,241.7769225,235.7886396,239.900589,30599300
12-09-2025,Google,239.9006047,241.6072722,237.5352377,240.3297729,26771600
15-09-2025,Google,244.1822275,251.9170931,244.1822275,251.1186523,58383800
16-09-2025,Google,251.5877267,252.5458434,248.982823,250.6695251,34109700
17-09-2025,Google,250.7294115,251.1086743,245.799056,249.0427094,34108000
18-09-2025,Google,251.1885039,253.4940057,249.3121856,251.5378265,31239500
19-09-2025,Google,252.7554494,255.5000791,251.318259,254.22258,55571400
22-09-2025,Google,253.9331489,255.2805187,249.8112242,252.0368652,32290500
23-09-2025,Google,252.5458586,253.8632883,249.9908602,251.1685638,26628000
24-09-2025,Google,251.1685567,251.8572117,245.9587492,246.6573792,28201000
25-09-2025,Google,243.9227127,246.0086427,240.2698717,245.3099976,31020400
26-09-2025,Google,246.587527,248.9329288,245.489669,246.058548,18503200
29-09-2025,Google,247.3660077,250.6595514,242.2959261,243.5734253,32505800
30-09-2025,Google,242.3358324,242.8148908,238.7827869,242.6252747,34724300
01-10-2025,Google,240.2798481,245.8190128,238.1440279,244.4217377,31658200
02-10-2025,Google,244.6712511,246.328013,241.8268259,245.2102051,25483300
03-10-2025,Google,244.0125742,245.8190372,241.1880986,244.8708954,30249600
06-10-2025,Google,244.3020029,250.8292404,244.1023965,249.9409637,28894700
07-10-2025,Google,247.7851833,249.9509439,245.0405535,245.2800751,23181300
08-10-2025,Google,244.4816358,245.5295731,243.3438627,244.1422882,21307100
09-10-2025,Google,243.9925955,244.2820225,238.6829772,241.0583344,27892100
10-10-2025,Google,240.958527,243.6133362,235.3794468,236.1080322,33180300
13-10-2025,Google,239.7409246,244.0225404,239.241901,243.6732178,24995000
14-10-2025,Google,240.7589274,246.6374249,240.0403321,244.9706879,22111600
15-10-2025,Google,246.7671626,251.6176724,245.5096286,250.5397797,27007700
16-10-2025,Google,251.2783406,256.4581926,249.6116036,250.9689484,27997200
17-10-2025,Google,250.2703105,253.7235605,247.3260743,252.8053589,29671600
20-10-2025,Google,254.192658,256.8274869,253.7335495,256.0490112,22350200
21-10-2025,Google,254.2425422,254.3822682,243.673211,249.9709015,47312100
22-10-2025,Google,253.8732762,255.8593805,248.8031943,251.1985168,35029400
23-10-2025,Google,252.4859741,254.5419489,251.3581911,252.5857849,19901400
24-10-2025,Google,256.0789406,261.1689875,254.8214218,259.4124451,28655100
27-10-2025,Google,264.3028792,269.6124978,263.7639251,268.7441711,35235200
28-10-2025,Google,269.1633282,270.2013057,265.9795554,266.9476624,29738600
29-10-2025,Google,267.2271246,274.8022988,267.1472942,274.0338135,43580300
30-10-2025,Google,291.0206023,291.0206023,279.5131183,280.9303589,74876000
31-10-2025,Google,282.6569441,285.4415043,276.4890196,280.6408997,39267900
03-11-2025,Google,281.6289534,284.9724176,279.2535961,283.1659546,29786000
04-11-2025,Google,276.2095506,280.7207128,275.7205172,276.9980164,30078400
05-11-2025,Google,278.3254122,285.8606866,276.7984012,283.7547913,31010300
06-11-2025,Google,284.7727932,287.7869152,280.5910034,284.1939392,37173600
07-11-2025,Google,282.6569436,283.2258378,274.6526159,278.2854919,34479600
10-11-2025,Google,283.8645774,290.2320925,282.3075959,289.5334778,29557300
11-11-2025,Google,287.1880739,291.349944,286.7589209,290.7411194,19842100
12-11-2025,Google,291.110412,291.4397846,283.1360243,286.150116,24829900
13-11-2025,Google,281.7886587,282.2876823,276.6986116,278.0260315,29494000
14-11-2025,Google,270.8799731,278.016004,270.1713682,275.8702087,31647200
17-11-2025,Google,285.2219351,293.3759943,283.0162592,284.4634094,52670200
18-11-2025,Google,287.3577599,288.2360158,277.65674,283.7248535,49158700
19-11-2025,Google,286.5992293,303.2167086,286.0702655,292.2381897,68198900
20-11-2025,Google,303.9452938,305.8216273,288.1062901,288.8847656,62025200
21-11-2025,Google,295.8411659,303.3265199,293.2761773,299.0748291,74137700
24-11-2025,Google,310.5224221,318.856122,308.9954111,317.9578552,85165100
25-11-2025,Google,325.5729598,328.1878386,317.0296785,322.8083801,88632100
26-11-2025,Google,320.0537808,323.8663286,316.1713929,319.3252258,51373400
28-11-2025,Google,322.7385216,326.2117368,316.1713843,319.5547485,26018600
01-12-2025,Google,317.0796263,319.2254218,313.2770687,314.275116,41183000
02-12-2025,Google,316.121475,317.7582871,313.2970147,315.1932983,35854700
03-12-2025,Google,315.2731421,320.9520026,313.4866291,319.0058289,41838300
04-12-2025,Google,321.6007385,321.730459,314.0854448,316.9997253,31240900
05-12-2025,Google,318.8660859,322.5289324,318.5467339,320.6426086,28851700
08-12-2025,Google,319.6339219,320.0234295,310.8154143,313.3121643,33909400
09-12-2025,Google,311.9639171,317.5766063,311.4945269,316.6677856,30194000
10-12-2025,Google,315.4194206,320.8923078,314.2709217,319.7937317,33428900
11-12-2025,Google,319.6639144,320.702571,308.1988568,312.0238647,42353700
12-12-2025,Google,313.2922102,314.4606722,305.1627774,308.8879395,35940200
15-12-2025,Google,310.9153122,311.0151883,304.4836814,307.8193359,29151900
16-12-2025,Google,304.5535891,310.3660001,302.1966411,306.1714783,30585000
17-12-2025,Google,307.6095903,307.6894729,295.735033,296.334259,43930400
18-12-2025,Google,301.3277747,303.564853,298.8410214,302.066803,33518000
19-12-2025,Google,301.3377777,306.850591,300.5787559,306.7607117,59943200
22-12-2025,Google,309.4771954,309.7268705,304.9031319,309.3773193,26429900
23-12-2025,Google,309.2274801,314.5305745,308.9178855,313.9413452,25478700
24-12-2025,Google,314.3607798,314.6703744,311.5145093,313.6816711,10097400
26-12-2025,Google,314.0712183,314.6804108,311.8740659,313.102478,10899000
29-12-2025,Google,310.9652491,313.6117983,310.216224,313.1524048,19621800
30-12-2025,Google,312.0937654,316.5379929,312.0538089,313.4420166,17380900
31-12-2025,Google,312.4433102,314.1710418,311.0351395,312.5931091,16377700
02-01-2020,Amazon,93.75,94.90049744,93.20749664,94.90049744,80580000
03-01-2020,Amazon,93.22499847,94.30999756,93.22499847,93.74849701,75288000
06-01-2020,Amazon,93,95.18450165,93,95.14399719,81236000
07-01-2020,Amazon,95.22499847,95.69450378,94.60199738,95.34300232,80898000
08-01-2020,Amazon,94.90200043,95.55000305,94.3219986,94.59850311,70160000
09-01-2020,Amazon,95.49449921,95.89099884,94.79000092,95.05249786,63346000
10-01-2020,Amazon,95.26850128,95.34700012,94,94.15799713,57074000
13-01-2020,Amazon,94.56549835,94.90000153,94.04000092,94.56500244,55616000
14-01-2020,Amazon,94.29399872,94.35549927,92.92749786,93.47200012,68818000
15-01-2020,Amazon,93.61250305,93.94300079,92.75450134,93.10099792,57932000
16-01-2020,Amazon,94.14949799,94.27950287,93.3010025,93.89700317,53190000
17-01-2020,Amazon,94.29450226,94.33200073,92.86250305,93.23600006,79946000
21-01-2020,Amazon,93.25,94.71350098,93,94.59999847,74156000
22-01-2020,Amazon,94.80449677,95.125,94.16699982,94.3730011,64326000
23-01-2020,Amazon,94.25550079,94.49900055,93.63800049,94.22899628,49692000
24-01-2020,Amazon,94.5684967,94.74949646,92.37200165,93.08200073,75324000
27-01-2020,Amazon,91,92.05000305,90.76699829,91.41699982,70570000
28-01-2020,Amazon,92.02500153,92.90550232,91.50099945,92.66249847,56160000
29-01-2020,Amazon,93.19999695,93.73750305,92.75099945,92.90000153,41760000
30-01-2020,Amazon,92.90000153,93.64350128,92.53050232,93.53399658,126548000
31-01-2020,Amazon,102.5735016,102.7860031,100.1135025,100.435997,311346000
03-02-2020,Amazon,100.5299988,102.4250031,100.0124969,100.2099991,117834000
04-02-2020,Amazon,101.4940033,102.9899979,100.7685013,102.4834976,105786000
05-02-2020,Amazon,103.5510025,103.5510025,101.5999985,101.9934998,87524000
06-02-2020,Amazon,102.0510025,102.8150024,101.2399979,102.5114975,63660000
07-02-2020,Amazon,102.0995026,104.9264984,101.9049988,103.9639969,101906000
10-02-2020,Amazon,104.2505035,106.7799988,104.2480011,106.6955032,101124000
11-02-2020,Amazon,107.5449982,109.2975006,106.8000031,107.5400009,114920000
12-02-2020,Amazon,108.1600037,109.0124969,107.7645035,108,66686000
13-02-2020,Amazon,107.2494965,108.5139999,107.0999985,107.4934998,60636000
14-02-2020,Amazon,107.7839966,107.9520035,106.2945023,106.7434998,52124000
18-02-2020,Amazon,106.2509995,108.3034973,106.2054977,107.7835007,58912000
19-02-2020,Amazon,108.3899994,109.2549973,108.0559998,108.5110016,51224000
20-02-2020,Amazon,108.6535034,108.8395004,106.3724976,107.6549988,62626000
21-02-2020,Amazon,107.1074982,107.2275009,104.4000015,104.7985001,92926000
24-02-2020,Amazon,100.1589966,101.9649963,99.39849854,100.4645004,130940000
25-02-2020,Amazon,101.3209991,101.7300034,97.92099762,98.63700104,124382000
26-02-2020,Amazon,98.51399994,100.7334976,98.02249908,98.97949982,104492000
27-02-2020,Amazon,96.71900177,98.75,94.13800049,94.21499634,162880000
28-02-2020,Amazon,90.73149872,94.48799896,90.5565033,94.1875,189620000
02-03-2020,Amazon,95.32450104,97.72550201,93.5,97.69750214,135234000
03-03-2020,Amazon,98.76850128,99.8164978,94.40450287,95.44950104,150690000
04-03-2020,Amazon,97.32849884,98.90000153,96.09999847,98.79149628,95458000
05-03-2020,Amazon,96.65000153,98.03600311,95.5,96.20149994,94964000
06-03-2020,Amazon,93.75,95.54350281,93.47499847,95.05449677,105472000
09-03-2020,Amazon,88.69300079,93.1384964,88.0644989,90.03050232,156264000
10-03-2020,Amazon,93.54399872,94.71350098,90.90850067,94.59100342,142666000
11-03-2020,Amazon,92.89250183,93.56600189,90.07499695,91.04299927,112496000
12-03-2020,Amazon,86.09899902,88.25,83.75,83.83049774,226924000
13-03-2020,Amazon,87.75,89.31549835,84.03099823,89.25,176194000
16-03-2020,Amazon,82.07550049,87.97250366,81.30149841,84.45749664,178346000
17-03-2020,Amazon,88.77349854,92.88899994,84.46199799,90.39199829,218342000
18-03-2020,Amazon,87.5,92.08300018,87.25,91.5,192904000
19-03-2020,Amazon,93,97.25,91.63249969,94.04650116,207998000
20-03-2020,Amazon,96.31549835,97.84999847,91.03649902,92.30449677,196358000
23-03-2020,Amazon,91.38749695,95.97000122,90.59999847,95.14150238,156170000
24-03-2020,Amazon,97.57499695,97.75,95.01699829,97.00499725,142942000
25-03-2020,Amazon,96.03450012,97.51300049,94.28900146,94.29199982,129582000
26-03-2020,Amazon,95.09999847,97.82450104,94.46450043,97.77449799,124426000
27-03-2020,Amazon,96.54299927,96.98950195,94.9960022,95.00499725,107758000
30-03-2020,Amazon,96.14150238,98.6815033,95.61699677,98.19750214,122522000
31-03-2020,Amazon,98.21749878,99.65100098,97.20050049,97.48600006,102472000
01-04-2020,Amazon,96.64849854,97.2480011,94.65000153,95.38500214,82438000
02-04-2020,Amazon,95.08200073,96.37650299,94.5,95.9414978,86720000
03-04-2020,Amazon,95.55750275,96.3164978,94.45749664,95.32949829,72198000
06-04-2020,Amazon,96.80000305,99.9260025,96.50099945,99.87950134,115464000
07-04-2020,Amazon,100.8554993,101.7860031,99.8809967,100.5800018,102280000
08-04-2020,Amazon,101.0500031,102.1999969,100.5575027,102.1500015,79546000
09-04-2020,Amazon,102.2149963,102.6500015,100.8830032,102.1380005,92930000
13-04-2020,Amazon,102,109,101.9000015,108.4434967,134334000
14-04-2020,Amazon,110.0234985,114.5999985,109.3105011,114.1660004,161744000
15-04-2020,Amazon,112.8840027,116.6685028,112.25,115.3840027,137332000
16-04-2020,Amazon,117.3000031,123.0500031,116.75,120.4095001,240764000
17-04-2020,Amazon,118.6165009,120,115.8010025,118.75,158600000
20-04-2020,Amazon,119.4974976,122.2490005,119.3024979,119.6804962,115414000
21-04-2020,Amazon,120.8304977,121.4154968,113.9830017,116.4059982,149534000
22-04-2020,Amazon,118.4499969,119.6999969,117.5500031,118.1744995,84244000
23-04-2020,Amazon,119.9990005,121.2109985,119.1039963,119.9725037,101332000
24-04-2020,Amazon,120.8499985,121.0214996,119.0999985,120.5110016,76498000
27-04-2020,Amazon,122.1600037,122.2440033,118.1500015,118.8000031,112912000
28-04-2020,Amazon,118.6050034,118.6750031,115.3000031,115.7040024,105388000
29-04-2020,Amazon,116.5005035,119.5944977,115.5,118.635498,91832000
30-04-2020,Amazon,120.9919968,123.75,119.800499,123.6999969,190692000
01-05-2020,Amazon,116.8399963,118.1220016,112.9095001,114.302002,195452000
04-05-2020,Amazon,112.8190002,116.348999,112.8190002,115.7994995,97318000
05-05-2020,Amazon,117,117.5500031,115.3564987,115.8899994,64850000
06-05-2020,Amazon,116.4720001,117.8724976,116,117.5630035,62356000
07-05-2020,Amazon,118.7389984,118.8000031,117.1555023,118.3805008,67928000
08-05-2020,Amazon,118.6070023,119.3619995,117.8499985,118.9804993,64132000
11-05-2020,Amazon,118.7350006,120.9834976,118.6054993,120.4499969,65184000
12-05-2020,Amazon,120.5924988,120.9499969,117.75,117.8475037,61498000
13-05-2020,Amazon,118.3399963,120.3850021,116.8899994,118.3960037,95658000
14-05-2020,Amazon,118.050499,119.5684967,117.6604996,119.4424973,72962000
15-05-2020,Amazon,118.4260025,120.5500031,117.8184967,120.4889984,84700000
18-05-2020,Amazon,120.2174988,121.6500015,119.2005005,121.3130035,87144000
19-05-2020,Amazon,121.4915009,124.25,121.4485016,122.4664993,86410000
20-05-2020,Amazon,123.8935013,125.0005035,123.3635025,124.8970032,79962000
21-05-2020,Amazon,125,126.2724991,122.1269989,122.336998,102288000
22-05-2020,Amazon,122.7505035,123.4925003,121.5065002,121.8440018,57342000
26-05-2020,Amazon,122.9000015,123.0999985,120.7030029,121.0930023,71364000
27-05-2020,Amazon,120.2494965,120.6790009,116.5,120.5195007,101138000
28-05-2020,Amazon,119.2164993,121.8485031,118.911499,120.0550003,63804000
29-05-2020,Amazon,120.7969971,122.1184998,119.9100037,122.1184998,70198000
01-06-2020,Amazon,122.4000015,123.8464966,122.2085037,123.552002,58578000
02-06-2020,Amazon,123.3499985,123.6764984,122.2655029,123.6204987,50598000
03-06-2020,Amazon,123.4004974,124.4000015,123.0585022,123.9199982,53420000
04-06-2020,Amazon,123.8714981,125.3769989,122.5005035,123.0299988,58974000
05-06-2020,Amazon,122.225502,124.4325027,121.8564987,124.1500015,66128000
08-06-2020,Amazon,125.0100021,126.5,124.3669968,126.2030029,79414000
09-06-2020,Amazon,126.4720001,131.3215027,126.25,130.0429993,103520000
10-06-2020,Amazon,132.25,136.1174927,131.3130035,132.3724976,98920000
11-06-2020,Amazon,130.1750031,133.5690002,126.8115005,127.8980026,116002000
12-06-2020,Amazon,130.0605011,131.0740051,125.1675034,127.2509995,108722000
15-06-2020,Amazon,126.3300018,129.1999969,125.4000015,128.6340027,77302000
16-06-2020,Amazon,131,131,128.8000031,130.763504,71712000
17-06-2020,Amazon,132.375,132.75,131.5910034,132.048996,59186000
18-06-2020,Amazon,132.3504944,132.9819946,131.8054962,132.6990051,49756000
19-06-2020,Amazon,133.904007,134.8715057,132.9499969,133.7505035,115540000
22-06-2020,Amazon,134.2250061,135.75,133.4499969,135.6909943,64176000
23-06-2020,Amazon,136.3009949,139.1555023,135.9019928,138.2205048,84634000
24-06-2020,Amazon,139,139.8000031,136.0500031,136.7200012,90532000
25-06-2020,Amazon,136.9774933,137.8114929,135.6069946,137.7290039,59374000
26-06-2020,Amazon,138.753006,139.1284943,134.3999939,134.6434937,130016000
29-06-2020,Amazon,134.5005035,134.8399963,131.5039978,134.0189972,84468000
30-06-2020,Amazon,134.2534943,138.4815063,133.7514954,137.9409943,75394000
01-07-2020,Amazon,137.8995056,144.75,137.6999969,143.9349976,127268000
02-07-2020,Amazon,145.6004944,147.7779999,143.5549927,144.5149994,131868000
06-07-2020,Amazon,146.7485046,152.9940033,146.5,152.852005,137612000
07-07-2020,Amazon,152.9275055,153.4774933,149.5,150.0059967,105150000
08-07-2020,Amazon,151.1304932,154.1985016,150.6215057,154.0554962,100752000
09-07-2020,Amazon,155.7994995,159.6940002,153.6999969,159.1315002,127774000
10-07-2020,Amazon,159.5879974,160.75,156.7850037,160,109720000
13-07-2020,Amazon,162.5529938,167.2144928,153.4194946,155.1999969,154408000
14-07-2020,Amazon,154.4499969,156.3690033,147.5,154.1999969,144638000
15-07-2020,Amazon,154.0115051,154.9174957,148.6589966,150.4434967,115778000
16-07-2020,Amazon,148.5529938,151.6000061,145.911499,149.9949951,127884000
17-07-2020,Amazon,150.4499969,151.1999969,147.4225006,148.0984955,95226000
20-07-2020,Amazon,150.0099945,160.0679932,149.701004,159.8419952,151964000
21-07-2020,Amazon,161.6244965,162.029007,155.2859955,156.914505,122426000
22-07-2020,Amazon,156.25,157.5,153.2630005,154.9954987,82084000
23-07-2020,Amazon,154.9134979,154.9134979,148.5,149.3274994,113138000
24-07-2020,Amazon,146.5,151.5789948,144.3999939,150.4454956,112648000
27-07-2020,Amazon,153.1000061,154.8999939,150.7884979,152.760498,83410000
28-07-2020,Amazon,152.713501,153.8545074,149.7879944,150.0164948,62534000
29-07-2020,Amazon,151.5494995,151.9579926,149.838501,151.6764984,59482000
30-07-2020,Amazon,150.6999969,154.6000061,150.25,152.5939941,122566000
31-07-2020,Amazon,162.1999969,162.3410034,157.5500031,158.2339935,161710000
03-08-2020,Amazon,159.0254974,159.1999969,155.1999969,155.5944977,101494000
04-08-2020,Amazon,155.0605011,158.3619995,155.0605011,156.9414978,93886000
05-08-2020,Amazon,157.1885071,160.6795044,156.3650055,160.2514954,78330000
06-08-2020,Amazon,159.7180023,162.3735046,158.2714996,161.25,78812000
07-08-2020,Amazon,161.2005005,162.0404968,157.033493,158.3730011,78722000
10-08-2020,Amazon,158.5155029,158.6255035,155.076004,157.4080048,63346000
11-08-2020,Amazon,155.6600037,157.9609985,153.6499939,154.033493,74362000
12-08-2020,Amazon,155.3999939,158.7194977,155.0709991,158.1119995,70442000
13-08-2020,Amazon,159.1495056,160.8760071,157.75,158.0509949,62980000
14-08-2020,Amazon,158.9089966,158.9120026,156,157.401001,55034000
17-08-2020,Amazon,158.6560059,159.7485046,157.7089996,159.1204987,53824000
18-08-2020,Amazon,160.6000061,166,160.2910004,165.6244965,106920000
19-08-2020,Amazon,165.1504974,165.7949982,162.8000031,163.0240021,83702000
20-08-2020,Amazon,162.6000061,165.6309967,161.8999939,164.8684998,66650000
21-08-2020,Amazon,164.75,165.7200012,163.7695007,164.2359924,71518000
24-08-2020,Amazon,165.5075073,169.0160065,162.878006,165.3730011,93326000
25-08-2020,Amazon,164.7494965,167.8699951,163.3500061,167.3244934,79856000
26-08-2020,Amazon,167.5554962,172.5870056,167.2285004,172.0924988,130174000
27-08-2020,Amazon,172.5025024,172.6499939,168.8999939,170,85296000
28-08-2020,Amazon,171.1499939,171.6685028,169.3249969,170.0899963,57940000
31-08-2020,Amazon,170.4494934,174.75,170.25,172.5480042,83718000
01-09-2020,Amazon,174.4790039,175.6934967,173.3500061,174.9559937,68644000
02-09-2020,Amazon,177.3500061,177.6125031,174.3345032,176.5724945,78630000
03-09-2020,Amazon,174.25,174.4205017,165.1499939,168.3999939,163222000
04-09-2020,Amazon,165.8999939,169.0749969,155.5565033,164.7310028,175636000
08-09-2020,Amazon,157.1999969,162.5424957,156.5,157.4920044,121884000
09-09-2020,Amazon,160.1495056,165.1589966,159.25,163.4304962,103774000
10-09-2020,Amazon,165.3609924,167.4945068,158.5274963,158.7554932,106614000
11-09-2020,Amazon,160.434494,160.8670044,154.1990051,155.8110046,101880000
14-09-2020,Amazon,158.6470032,159.3695068,154.8000031,155.1484985,90592000
15-09-2020,Amazon,156.8079987,158.7510071,155.4459991,157.8065033,80430000
16-09-2020,Amazon,158.9994965,159.3619995,153.7075043,153.9049988,90244000
17-09-2020,Amazon,150.4624939,151.4714966,148.6275024,150.4364929,128982000
18-09-2020,Amazon,151.5870056,151.8899994,145.2769928,147.7454987,177852000
21-09-2020,Amazon,145.3249969,148.1000061,143.5500031,148.0234985,122358000
22-09-2020,Amazon,151.6920013,156.6994934,150.0099945,156.4494934,138976000
23-09-2020,Amazon,156.0214996,156.3500061,149.6190033,149.9929962,113054000
24-09-2020,Amazon,148.8894958,153.4649963,148.25,150.989502,110588000
25-09-2020,Amazon,152.7429962,155.0769958,149.9499969,154.7565002,92304000
28-09-2020,Amazon,157.4425049,158.7519989,155.8585052,158.7024994,84484000
29-09-2020,Amazon,158.7695007,159.4129944,156.6269989,157.2440033,69916000
30-09-2020,Amazon,157.0570068,160.6439972,156.6994934,157.4364929,97922000
01-10-2020,Amazon,160.3999939,161.1999969,158.6000061,161.0630035,99438000
02-10-2020,Amazon,157.6815033,159.7899933,156.1499939,156.25,112262000
05-10-2020,Amazon,157.2920074,160.1264954,157.0424957,159.9600067,75506000
06-10-2020,Amazon,158.25,159.1000061,154.5,154.9980011,101738000
07-10-2020,Amazon,156.75,160,156.6195068,159.7845001,86188000
08-10-2020,Amazon,161.2494965,161.664505,158.7494965,159.5274963,63482000
09-10-2020,Amazon,160.5,164.4494934,159.8914948,164.3325043,98158000
12-10-2020,Amazon,167.496994,174.8119965,166.9774933,172.1464996,167284000
13-10-2020,Amazon,173.3995056,174.6190033,171.2109985,172.1815033,114894000
14-10-2020,Amazon,172.3500061,173.2440033,167,168.1855011,116254000
15-10-2020,Amazon,164.6004944,167.7940063,164,166.9324951,104468000
16-10-2020,Amazon,168.161499,169.9830017,158,163.635498,129488000
19-10-2020,Amazon,164.9804993,166.4499969,159.6369934,160.3605042,104472000
20-10-2020,Amazon,161.1139984,163.3000031,159.6004944,160.8504944,90194000
21-10-2020,Amazon,160.625,161.6940002,158,159.246994,91854000
22-10-2020,Amazon,159.4934998,159.9375,156.0970001,158.8200073,84240000
23-10-2020,Amazon,159.5500031,160.2664948,157,160.2200012,69334000
26-10-2020,Amazon,159.9369965,164.1490021,157.6649933,160.352005,118024000
27-10-2020,Amazon,161.246994,164.5829926,160.5650024,164.3164978,85820000
28-10-2020,Amazon,162.4649963,163.201004,158.1235046,158.1390076,111766000
29-10-2020,Amazon,160.0635071,162.8625031,158.1999969,160.5505066,131930000
30-10-2020,Amazon,157.8874969,158.3500061,150.9499969,151.8074951,167728000
02-11-2020,Amazon,153.0870056,153.9855042,147.5059967,150.223999,145148000
03-11-2020,Amazon,150.9264984,153.7449951,149.048996,152.4205017,97958000
04-11-2020,Amazon,157.9994965,162.2424927,156.986496,162.0579987,136780000
05-11-2020,Amazon,165.9985046,168.3399963,164.4440002,166.1000061,115786000
06-11-2020,Amazon,165.2319946,166.1000061,161.6000061,165.5684967,92946000
09-11-2020,Amazon,161.5514984,164.4499969,155.6054993,157.1869965,143808000
10-11-2020,Amazon,154.7510071,155.6999969,150.973999,151.7510071,131820000
11-11-2020,Amazon,153.0890045,156.9575043,152.5,156.8695068,87338000
12-11-2020,Amazon,157.9974976,158.7940063,154.3025055,155.5140076,87240000
13-11-2020,Amazon,156.1000061,157.0859985,154.2695007,156.440506,75124000
16-11-2020,Amazon,154.6600037,157.1349945,153.6345062,156.5529938,76174000
17-11-2020,Amazon,159.177002,159.4624939,156.7630005,156.7830048,68894000
18-11-2020,Amazon,156.6999969,157,155.2550049,155.272995,58336000
19-11-2020,Amazon,155.2655029,156.25,154.0460052,155.8509979,60206000
20-11-2020,Amazon,155.8509979,156.6445007,154.9024963,154.9700012,67488000
23-11-2020,Amazon,155.8350067,156.9875031,153.272995,154.9194946,94178000
24-11-2020,Amazon,155.0249939,156.7124939,154.3130035,155.9029999,72042000
25-11-2020,Amazon,157.0935059,159.8999939,157.0130005,159.2534943,75808000
27-11-2020,Amazon,160.5630035,160.809494,159.5025024,159.7669983,47858000
30-11-2020,Amazon,160.423996,161.4194946,156.2774963,158.4019928,81278000
01-12-2020,Amazon,159.4250031,162.4474945,157.8589935,161.0039978,90740000
02-12-2020,Amazon,161.0825043,161.6000061,158.6629944,160.1764984,62586000
03-12-2020,Amazon,160.272995,161.4320068,159.065506,159.3365021,57840000
04-12-2020,Amazon,159.9105072,159.9105072,157.9380035,158.1289978,58272000
07-12-2020,Amazon,157.8240051,159.0379944,157.0845032,157.8999939,55026000
08-12-2020,Amazon,157.9450073,159.2064972,156.0010071,158.864502,65726000
09-12-2020,Amazon,158.3945007,158.7214966,154.3999939,155.2100067,82016000
10-12-2020,Amazon,154.4494934,157.1049957,153.8000031,155.0744934,60604000
11-12-2020,Amazon,154.8329926,155.9335022,153.6410065,155.8209991,61294000
14-12-2020,Amazon,157.1499939,159.5234985,156.3000031,157.8484955,83116000
15-12-2020,Amazon,159.0505066,159.4250031,156.5245056,158.2559967,66390000
16-12-2020,Amazon,158.8005066,162.3500061,158.1840057,162.0480042,88552000
17-12-2020,Amazon,162.5,163.1755066,161.0500031,161.8040009,69486000
18-12-2020,Amazon,162.1994934,162.470993,158.5800018,160.0825043,119914000
21-12-2020,Amazon,160.0005035,161.3484955,158.3000031,160.3090057,76736000
22-12-2020,Amazon,160.1419983,161.1000061,159.0039978,160.326004,47388000
23-12-2020,Amazon,160.25,160.5065002,159.2084961,159.263504,41876000
24-12-2020,Amazon,159.6950073,160.1000061,158.4499969,158.6345062,29038000
28-12-2020,Amazon,159.6999969,165.1999969,158.6345062,164.197998,113736000
29-12-2020,Amazon,165.496994,167.5325012,164.0610046,166.1000061,97458000
30-12-2020,Amazon,167.0500031,167.1049957,164.1235046,164.2924957,64186000
31-12-2020,Amazon,163.75,164.1459961,162.0599976,162.8464966,59144000
04-01-2021,Amazon,163.5,163.6000061,157.201004,159.3314972,88228000
05-01-2021,Amazon,158.3005066,161.1690063,158.253006,160.9255066,53110000
06-01-2021,Amazon,157.3240051,159.8755035,156.5579987,156.9190063,87896000
07-01-2021,Amazon,157.8500061,160.427002,157.75,158.1080017,70290000
08-01-2021,Amazon,159,159.5319977,157.1100006,159.1349945,70754000
11-01-2021,Amazon,157.4004974,157.8190002,155.5,155.710495,73668000
12-01-2021,Amazon,156,157.1069946,154.3000031,156.0415039,70292000
13-01-2021,Amazon,156.4219971,159.4974976,156.1040039,158.2944946,66424000
14-01-2021,Amazon,158.3760071,158.8999939,156.0294952,156.3735046,61418000
15-01-2021,Amazon,156.151001,157.1275024,154.7584991,155.2124939,84880000
19-01-2021,Amazon,155.3500061,157.25,154.8000031,156.0379944,66102000
20-01-2021,Amazon,159.0995026,163.9900055,158.75,163.1690063,106196000
21-01-2021,Amazon,164.6499939,167.4275055,164.4785004,165.3495026,98722000
22-01-2021,Amazon,165.2154999,166.0955048,164.1580048,164.611496,56438000
25-01-2021,Amazon,166.4250031,168.1945038,162.1575012,164.6999969,74996000
26-01-2021,Amazon,164.8179932,166.8999939,164.1434937,166.3065033,59104000
27-01-2021,Amazon,167.0744934,167.326004,160.3540039,161.6289978,93204000
28-01-2021,Amazon,161.7519989,165.0839996,161.434494,161.8809967,62984000
29-01-2021,Amazon,161.5,161.8495026,159.2274933,160.3099976,85872000
01-02-2021,Amazon,162.1179962,167.5130005,161.7514954,167.1439972,83204000
02-02-2021,Amazon,169,171.3869934,168.0565033,169,141972000
03-02-2021,Amazon,171.2505035,171.6999969,165.4309998,165.6264954,141776000
04-02-2021,Amazon,166.5,167.3500061,163.8874969,166.5500031,73414000
05-02-2021,Amazon,165.9499969,168.8500061,165.135498,167.6074982,72416000
08-02-2021,Amazon,167.9250031,168.25,165.1999969,166.1470032,65148000
09-02-2021,Amazon,165.6244965,166.8999939,164.8919983,165.25,44070000
10-02-2021,Amazon,165.6999969,165.8975067,162.6999969,164.3289948,63032000
11-02-2021,Amazon,164.6000061,164.6000061,162.4029999,163.1065063,46028000
12-02-2021,Amazon,162.5,164.0124969,161.6654968,163.885498,46706000
16-02-2021,Amazon,162.7024994,165.4149933,162.6795044,163.4474945,51494000
17-02-2021,Amazon,163.1799927,166.0455017,162.9750061,165.4320068,65950000
18-02-2021,Amazon,164.1210022,166.8999939,163.6970062,166.411499,60548000
19-02-2021,Amazon,166.411499,166.6750031,162.2875061,162.4949951,86104000
22-02-2021,Amazon,160.4064941,161.6159973,158.6130066,159.0370026,70314000
23-02-2021,Amazon,156.3515015,160.236496,154.6799927,159.7250061,93544000
24-02-2021,Amazon,158.3374939,158.5614929,156.2689972,157.9765015,60226000
25-02-2021,Amazon,156.8370056,158.9129944,152.3880005,152.8580017,90676000
26-02-2021,Amazon,154.7599945,156.121994,151.8350067,154.6464996,85518000
01-03-2021,Amazon,156.3945007,157.4779968,154.8995056,157.3070068,54582000
02-03-2021,Amazon,157.1734924,158.1759949,154.3560028,154.7265015,51916000
03-03-2021,Amazon,154.0590057,155.3890076,149.75,150.25,79774000
04-03-2021,Amazon,150.6000061,152.9064941,147.2714996,148.8784943,109632000
05-03-2021,Amazon,150.25,150.4499969,144.0500031,150.022995,107772000
08-03-2021,Amazon,150.75,153.2295074,147.565506,147.5975037,83700000
09-03-2021,Amazon,150.8995056,154.5480042,150.2575073,153.1425018,80600000
10-03-2021,Amazon,154.9225006,155.822998,151.5025024,152.8820038,60250000
11-03-2021,Amazon,155.2005005,156.5890045,154.1464996,155.6795044,55528000
12-03-2021,Amazon,153.75,154.9490051,152.2749939,154.4745026,48438000
15-03-2021,Amazon,153.7285004,154.1119995,151.6045074,154.0839996,58272000
16-03-2021,Amazon,155.2485046,156.4454956,153.7929993,154.5930023,50776000
17-03-2021,Amazon,153.6609955,158.6524963,153.5110016,156.786499,62372000
18-03-2021,Amazon,155.0500031,155.8314972,151.25,151.3995056,72992000
19-03-2021,Amazon,151.4615021,153.864502,150.8314972,153.7480011,92508000
22-03-2021,Amazon,153.3925018,156.3289948,153.0025024,155.5435028,58044000
23-03-2021,Amazon,156.3500061,159.1000061,156.0424957,156.875,76346000
24-03-2021,Amazon,157.552002,158.0155029,154.2575073,154.3535004,59180000
25-03-2021,Amazon,153.6495056,155.4889984,151.8569946,152.3130035,71270000
26-03-2021,Amazon,152.2030029,152.8329926,149.8000031,152.6015015,66258000
29-03-2021,Amazon,152.7720032,154.5625,151.4225006,153.786499,54920000
30-03-2021,Amazon,153.5005035,153.6499939,151.6999969,152.7644958,46752000
31-03-2021,Amazon,153.2030029,155.966507,153.125,154.7039948,61878000
01-04-2021,Amazon,155.8970032,158.121994,155.7774963,158.0500031,58806000
05-04-2021,Amazon,158.6499939,161.7980042,158.0619965,161.3365021,66698000
06-04-2021,Amazon,161.1875,162.3654938,160.852005,161.1909943,50756000
07-04-2021,Amazon,161.6900024,165.1804962,161.1824951,163.9694977,66924000
08-04-2021,Amazon,165.5449982,166.2250061,164.6000061,164.9649963,56242000
09-04-2021,Amazon,165.2350006,168.6100006,164.4450073,168.6100006,86830000
12-04-2021,Amazon,167.760498,169.7519989,167.5574951,168.9694977,65636000
13-04-2021,Amazon,170.0424957,171.6000061,169.7814941,170,66316000
14-04-2021,Amazon,170.2019958,170.2064972,166.3000031,166.6499939,62904000
15-04-2021,Amazon,168.5500031,169.8500061,167.6000061,168.9544983,64672000
16-04-2021,Amazon,169,170.3399963,167.7794952,169.9720001,63720000
19-04-2021,Amazon,169.5164948,171.7964935,168.0079956,168.6004944,54508000
20-04-2021,Amazon,168.6799927,169.1495056,165.8000031,166.7344971,52460000
21-04-2021,Amazon,165.8000031,168.1430054,165.190506,168.1009979,44224000
22-04-2021,Amazon,168.5839996,168.6434937,165.0724945,165.4519958,51612000
23-04-2021,Amazon,165.9550018,168.75,165.4250031,167.0440063,63856000
26-04-2021,Amazon,167.3999939,171.4225006,166.5469971,170.4499969,97614000
27-04-2021,Amazon,172.1734924,173,169.9004974,170.8715057,76542000
28-04-2021,Amazon,171.7400055,174.4940033,171.25,172.9250031,92638000
29-04-2021,Amazon,175.2550049,175.7225037,171.75,173.565506,153648000
30-04-2021,Amazon,176.2559967,177.6999969,173.125,173.3710022,140186000
03-05-2021,Amazon,174.236496,174.3325043,168.6349945,169.3244934,117510000
04-05-2021,Amazon,167.809494,168.3990021,163.6065063,165.5935059,108788000
05-05-2021,Amazon,166.9429932,167.7350006,163.2180023,163.5269928,74226000
06-05-2021,Amazon,163.5,165.7200012,162.3600006,165.3184967,88954000
07-05-2021,Amazon,165.9544983,166.5444946,164.4535065,164.5805054,94206000
10-05-2021,Amazon,164.1159973,164.1499939,159.5,159.5245056,116772000
11-05-2021,Amazon,156.8139954,161.8999939,156.3684998,161.1954956,92396000
12-05-2021,Amazon,159.25,160.3970032,156.6549988,157.5970001,98728000
13-05-2021,Amazon,159.2734985,160.1920013,156.6499939,158.0735016,67018000
14-05-2021,Amazon,159.2779999,161.4429932,159.1499939,161.1450043,66500000
17-05-2021,Amazon,162.2964935,164.6374969,161.7295074,163.5195007,74478000
18-05-2021,Amazon,164.6289978,165.6000061,161.5184937,161.6139984,56568000
19-05-2021,Amazon,159.75,161.7375031,159.1999969,161.5899963,53594000
20-05-2021,Amazon,162.2200012,162.9839935,161.8090057,162.3840027,52664000
21-05-2021,Amazon,162.5,162.8345032,159.8504944,160.154007,82098000
24-05-2021,Amazon,160.7749939,162.8975067,160.5249939,162.2494965,48456000
25-05-2021,Amazon,163.3334961,163.9909973,160.6880035,162.9524994,65222000
26-05-2021,Amazon,163.7295074,164.786499,162.9255066,163.2579956,47680000
27-05-2021,Amazon,162.8000031,163.0180054,161.5019989,161.5054932,51224000
28-05-2021,Amazon,162.1000061,162.3995056,160.9850006,161.1535034,46596000
01-06-2021,Amazon,162.1750031,162.548996,160.4530029,160.9324951,48600000
02-06-2021,Amazon,161.1549988,161.75,160.3999939,161.6994934,40290000
03-06-2021,Amazon,160.2115021,160.7220001,159.2015076,159.3504944,47966000
04-06-2021,Amazon,160.6000061,161.0500031,159.940506,160.3110046,44994000
07-06-2021,Amazon,159.8665009,160.3999939,158.6100006,159.9004974,44316000
08-06-2021,Amazon,161.1304932,163.9765015,160.9004974,163.2055054,68334000
09-06-2021,Amazon,163.6434937,164.8789978,163.5350037,164.0574951,49110000
10-06-2021,Amazon,164.1004944,167.5500031,164.0574951,167.4824982,69530000
11-06-2021,Amazon,167.4824982,168.3289948,166.6725006,167.341507,56348000
14-06-2021,Amazon,167.341507,169.25,166.7749939,169.1934967,51394000
15-06-2021,Amazon,169.1999969,169.8495026,168.1555023,169.1564941,48524000
16-06-2021,Amazon,169.6000061,171.3175049,168.0265045,170.7624969,84056000
17-06-2021,Amazon,170.1589966,174.8600006,170.0500031,174.4620056,102730000
18-06-2021,Amazon,173.9994965,175.3500061,173.6855011,174.3450012,104954000
21-06-2021,Amazon,173.8209991,174.1000061,171.6999969,172.697998,65542000
22-06-2021,Amazon,172.9029999,176.1889954,172.8045044,175.2720032,66902000
23-06-2021,Amazon,175.25,176.0500031,174.1600037,175.1909943,56266000
24-06-2021,Amazon,175.3820038,176.2429962,171.5424957,172.4539948,76640000
25-06-2021,Amazon,173.1999969,173.2409973,169.7089996,170.072998,78820000
28-06-2021,Amazon,170.8000031,172.3999939,170.6755066,172.1945038,44856000
29-06-2021,Amazon,171.9409943,172.8014984,171.1515045,172.4069977,41968000
30-06-2021,Amazon,172.0529938,173.5800018,171.75,172.0079956,48080000
01-07-2021,Amazon,171.7304993,172.8500061,170.470993,171.6484985,40742000
02-07-2021,Amazon,172.5820007,175.5859985,171.845993,175.548996,63388000
06-07-2021,Amazon,176.5054932,184.2740021,176.4499969,183.7870026,134896000
07-07-2021,Amazon,185.8690033,186.7100067,183.9454956,184.8289948,106562000
08-07-2021,Amazon,182.1779938,187.9994965,181.0559998,186.5704956,103612000
09-07-2021,Amazon,186.1260071,187.3999939,184.6699982,185.9669952,74964000
12-07-2021,Amazon,187.1999969,187.864502,184.8394928,185.9275055,51432000
13-07-2021,Amazon,185.1049957,188.654007,183.5659943,183.8679962,76918000
14-07-2021,Amazon,185.4425049,185.8829956,183.0415039,184.0839996,65932000
15-07-2021,Amazon,184.7100067,184.7700043,181.0460052,181.5599976,63706000
16-07-2021,Amazon,181.6654968,182.3029938,178.522995,178.6815033,80874000
19-07-2021,Amazon,176.6289978,177.510498,174.9579926,177.4795074,75692000
20-07-2021,Amazon,178.3659973,179.6000061,175.8999939,178.6595001,65114000
21-07-2021,Amazon,178.8190002,179.3224945,177.1820068,179.2599945,46380000
22-07-2021,Amazon,179.361496,182.0010071,179.1134949,181.9015045,65308000
23-07-2021,Amazon,182,183.3054962,181.102005,182.8320007,48726000
26-07-2021,Amazon,183.658493,185.6040039,182.3625031,184.9909973,58002000
27-07-2021,Amazon,184.9250031,184.9250031,179.3074951,181.3195038,82638000
28-07-2021,Amazon,181.6889954,182.9210052,180.0500031,181.5160065,59988000
29-07-2021,Amazon,181.3874969,181.8975067,179.0005035,179.9960022,110400000
30-07-2021,Amazon,167.3975067,168.4069977,165.348999,166.3795013,199312000
02-08-2021,Amazon,167.6549988,167.9459991,165.8500061,166.5740051,67078000
03-08-2021,Amazon,167.0359955,169.5500031,164.9884949,168.3119965,83146000
04-08-2021,Amazon,168.9674988,169.4440002,167.2779999,167.7359924,43678000
05-08-2021,Amazon,167.8110046,169.4499969,167.0460052,168.7994995,48670000
06-08-2021,Amazon,168.75,168.75,166.4519958,167.246994,52752000
09-08-2021,Amazon,167.1804962,167.7440033,166.4259949,167.0935059,42964000
10-08-2021,Amazon,167.2505035,167.8999939,165.75,166.0339966,48252000
11-08-2021,Amazon,166.5724945,166.8849945,163.8894958,164.6054993,58944000
12-08-2021,Amazon,164.5,165.7254944,163.4835052,165.1750031,46282000
13-08-2021,Amazon,165.283493,165.3034973,164.1499939,164.6985016,41134000
16-08-2021,Amazon,164.1499939,165,160.5565033,164.9494934,66394000
17-08-2021,Amazon,163.875,164.0245056,161.2839966,162.0980072,67758000
18-08-2021,Amazon,162.0995026,162.7050018,160,160.0610046,56086000
19-08-2021,Amazon,159.701004,161.6499939,159.1230011,159.3874969,75658000
20-08-2021,Amazon,160.1934967,160.3905029,158.7879944,159.9974976,67168000
23-08-2021,Amazon,160.5950012,164.0449982,160.5005035,163.2935028,65362000
24-08-2021,Amazon,164,165.7745056,163.7290039,165.2890015,51036000
25-08-2021,Amazon,165.4934998,166.0500031,164.3074951,164.9589996,33606000
26-08-2021,Amazon,164.9499969,166.6000061,164.8000031,165.8000031,41976000
27-08-2021,Amazon,166.661499,167.6159973,165.6875,167.4815063,48048000
30-08-2021,Amazon,167.8715057,172.25,167.7610016,171.0785065,63844000
31-08-2021,Amazon,171.2400055,173.6289978,169.7794952,173.539505,87128000
01-09-2021,Amazon,174.8200073,176.3500061,173.7619934,173.9499969,72598000
02-09-2021,Amazon,174.7380066,175.5980072,172.75,173.1560059,58474000
03-09-2021,Amazon,172.6000061,174.1334991,171.8220062,173.9024963,51514000
07-09-2021,Amazon,173.8999939,176.4044952,173.8470001,175.4644928,54758000
08-09-2021,Amazon,175.5825043,177.2814941,174.783493,176.2749939,61068000
09-09-2021,Amazon,176.3009949,177.4994965,174.0184937,174.2079926,54384000
10-09-2021,Amazon,175.091507,175.4225006,173.1454926,173.4575043,47946000
13-09-2021,Amazon,174.1399994,174.897995,171.8999939,172.8585052,51380000
14-09-2021,Amazon,173.7774963,174.3404999,171.885498,172.5,38738000
15-09-2021,Amazon,172.1260071,174.2709961,170.1004944,173.789505,59150000
16-09-2021,Amazon,172.9980011,174.6275024,172.3070068,174.4120026,51672000
17-09-2021,Amazon,174.4205017,174.8704987,172.6065063,173.1260071,92332000
20-09-2021,Amazon,169.8000031,170.9499969,165.2505035,167.786499,93382000
21-09-2021,Amazon,168.75,168.9850006,166.6195068,167.1815033,55618000
22-09-2021,Amazon,167.5500031,169.4499969,167.0525055,169.0025024,48228000
23-09-2021,Amazon,169.0025024,171.447998,169.0025024,170.8000031,47588000
24-09-2021,Amazon,170.1004944,171.4629974,169.6699982,171.276001,42324000
27-09-2021,Amazon,168.5749969,170.7785034,166.9804993,170.2899933,72690000
28-09-2021,Amazon,167.885498,168.4595032,164.5050049,165.7980042,88616000
29-09-2021,Amazon,166.1054993,167.5650024,164.8934937,165.0559998,51246000
30-09-2021,Amazon,165.8000031,166.3925018,163.6994934,164.2519989,56848000
01-10-2021,Amazon,164.4505005,165.4584961,162.7969971,164.1629944,56712000
04-10-2021,Amazon,163.9694977,163.9994965,158.8125,159.4889984,90462000
05-10-2021,Amazon,160.2250061,163.036499,160.1230011,161.0500031,65384000
06-10-2021,Amazon,160.6764984,163.2169952,159.9309998,163.1004944,50660000
07-10-2021,Amazon,164.5769958,166.2875061,164.1529999,165.1215057,48182000
08-10-2021,Amazon,165.8500061,166.0715027,164.4100037,164.4309998,39964000
11-10-2021,Amazon,163.75,164.6295013,161.9049988,162.3150024,40684000
12-10-2021,Amazon,162.8500061,163.3764954,161.8139954,162.3665009,36392000
13-10-2021,Amazon,163.4855042,164.4190063,163.0545044,164.2140045,48402000
14-10-2021,Amazon,165.1224976,165.6300049,164.5390015,164.9929962,42190000
15-10-2021,Amazon,165.5709991,170.5209961,165.1999969,170.451004,103598000
18-10-2021,Amazon,169.4179993,172.4584961,169.2550049,172.3370056,63482000
19-10-2021,Amazon,171.7144928,172.7344971,171.1000061,172.2075043,47722000
20-10-2021,Amazon,172.6329956,173.1430054,170.0184937,170.753006,42796000
21-10-2021,Amazon,170.7124939,172.0140076,170.1499939,171.7505035,37628000
22-10-2021,Amazon,171.0500031,171.4920044,166.5650024,166.7774963,62782000
25-10-2021,Amazon,166.75,167.3899994,164.8849945,166.0184937,44520000
26-10-2021,Amazon,167.4754944,170.8059998,167.1990051,168.8034973,53966000
27-10-2021,Amazon,169.3999939,171.8500061,168.5724945,169.6244965,54044000
28-10-2021,Amazon,170.1049957,173.9499969,169.3000031,172.3285065,114174000
29-10-2021,Amazon,165.0010071,168.7409973,163.6660004,168.6215057,129722000
01-11-2021,Amazon,168.0899963,168.7929993,164.6009979,165.9055023,72178000
02-11-2021,Amazon,165.7505035,166.5559998,164.1775055,165.6374969,52552000
03-11-2021,Amazon,165.4499969,169.7460022,164.8760071,169.1999969,67944000
04-11-2021,Amazon,168.5,174.9315033,168.25,173.8500061,107060000
05-11-2021,Amazon,173.8500061,178.3125,173.848999,175.9494934,99940000
08-11-2021,Amazon,176.1620026,178.9499969,174.3930054,174.4490051,61480000
09-11-2021,Amazon,175.7624969,179.6885071,175.0715027,178.8114929,85898000
10-11-2021,Amazon,178.1934967,180.2725067,173.1544952,174.1024933,80548000
11-11-2021,Amazon,175.6499939,177.1620026,173.3735046,173.625,45288000
12-11-2021,Amazon,174.25,177.036499,172.3524933,176.2575073,53788000
15-11-2021,Amazon,176.8500061,179.6940002,176.2904968,177.2839966,58594000
16-11-2021,Amazon,176.9499969,178.8249969,176.2575073,177.0350037,44342000
17-11-2021,Amazon,178.2359924,179.3625031,177.2675018,177.4499969,51206000
18-11-2021,Amazon,178.3175049,185.2100067,178.0500031,184.8029938,114070000
19-11-2021,Amazon,185.6345062,188.1074982,183.7859955,183.8285065,98734000
22-11-2021,Amazon,183.8190002,185.6730042,178.375,178.6284943,96844000
23-11-2021,Amazon,179.2519989,181.0525055,176.385498,179.0019989,73804000
24-11-2021,Amazon,178.1334991,180.6820068,176.8424988,179.0204926,46560000
26-11-2021,Amazon,180.1049957,181.6750031,175.2075043,175.2279968,59826000
29-11-2021,Amazon,177.3820038,179.8000031,176.5749969,178.0785065,65312000
30-11-2021,Amazon,178.1750031,179.2884979,174.6004944,175.3535004,80022000
01-12-2021,Amazon,177.25,177.9940033,172.0800018,172.1860046,74916000
02-12-2021,Amazon,173,174.6349945,171.1875,171.8679962,64726000
03-12-2021,Amazon,172.75,173.4934998,166.9299927,169.489502,80712000
06-12-2021,Amazon,169.6499939,173.6954956,166.934494,171.3684998,68860000
07-12-2021,Amazon,174.6000061,177.4994965,173.3345032,176.164505,66410000
08-12-2021,Amazon,176.1504974,177.1799927,174.7505035,176.1580048,45254000
09-12-2021,Amazon,175.75,176.9694977,174.1394958,174.1710052,46062000
10-12-2021,Amazon,175.4170074,175.927002,170.5,172.2120056,60690000
13-12-2021,Amazon,172,172.1000061,169.1300049,169.5675049,62170000
14-12-2021,Amazon,167.5500031,169.4989929,166.4400024,169.091507,55976000
15-12-2021,Amazon,168.5980072,173.6000061,165.1950073,173.3150024,75794000
16-12-2021,Amazon,173.3684998,174.1660004,168.1605072,168.8710022,60876000
17-12-2021,Amazon,167.710495,170.8984985,165.6134949,170.0175018,85542000
20-12-2021,Amazon,166.8500061,167.8744965,165.6000061,167.0789948,57372000
21-12-2021,Amazon,167.8504944,170.716507,165.6475067,170.4170074,55956000
22-12-2021,Amazon,169.2700043,172.0500031,168.5005035,171.0370026,55036000
23-12-2021,Amazon,170.4279938,171.9750061,170.1499939,171.0684967,36788000
27-12-2021,Amazon,171.0370026,172.9429932,169.2154999,169.6694946,58688000
28-12-2021,Amazon,170.1824951,172.1759949,169.135498,170.6609955,54638000
29-12-2021,Amazon,170.8399963,171.2120056,168.6004944,169.201004,35754000
30-12-2021,Amazon,169.6999969,170.8880005,168.5240021,168.6445007,37584000
31-12-2021,Amazon,168.9559937,169.3500061,166.5585022,166.7169952,47830000
03-01-2022,Amazon,167.5500031,170.7035065,166.1605072,170.4044952,63520000
04-01-2022,Amazon,170.4380035,171.3999939,166.3495026,167.5220032,70726000
05-01-2022,Amazon,166.8829956,167.1264954,164.3569946,164.3569946,64302000
06-01-2022,Amazon,163.4505005,164.8000031,161.9369965,163.2539978,51958000
07-01-2022,Amazon,163.8390045,165.2434998,162.0310059,162.5540009,46606000
10-01-2022,Amazon,160.585495,161.661499,156.3045044,161.4859924,87798000
11-01-2022,Amazon,161.5,166.3500061,160.7015076,165.3619995,62806000
12-01-2022,Amazon,166.5749969,166.878006,164.4170074,165.2070007,50030000
13-01-2022,Amazon,165.2505035,166.2214966,161.0910034,161.2140045,52188000
14-01-2022,Amazon,160.1499939,162.25,159.8005066,162.1380005,45974000
18-01-2022,Amazon,159.1049957,159.7344971,157.664505,158.9174957,67292000
19-01-2022,Amazon,158.7619934,159.25,156.25,156.298996,53242000
20-01-2022,Amazon,156.7660065,158,151.3509979,151.6674957,71974000
21-01-2022,Amazon,149.9499969,150.8999939,142.0704956,142.6430054,163972000
24-01-2022,Amazon,139,144.9450073,135.352005,144.5440063,155624000
25-01-2022,Amazon,142.2424927,143.6000061,138.1450043,139.9859924,90824000
26-01-2022,Amazon,144.75,145.1849976,137.3184967,138.8724976,95602000
27-01-2022,Amazon,140.8000031,144.2434998,139.3500061,139.6374969,77516000
28-01-2022,Amazon,140.8605042,143.9980011,137.9295044,143.9779968,74392000
31-01-2022,Amazon,144.75,150.3605042,144.3005066,149.5735016,78308000
01-02-2022,Amazon,150,151.7079926,147.6275024,151.1934967,59220000
02-02-2022,Amazon,155.0505066,155.0749969,148.8634949,150.6125031,87330000
03-02-2022,Amazon,141.7375031,144.2474976,138.3329926,138.8455048,225532000
04-02-2022,Amazon,155.6065063,161.1999969,150.6080017,157.6394958,253456000
07-02-2022,Amazon,158.5200043,162.6909943,157.25,157.9355011,102624000
08-02-2022,Amazon,156.7505035,161.7924957,155.5505066,161.4134979,76040000
09-02-2022,Amazon,162.8735046,163.8345032,160.25,161.1894989,68786000
10-02-2022,Amazon,158.3500061,160.716507,157.75,159.0034943,68268000
11-02-2022,Amazon,158.1345062,159,152.7339935,153.2935028,77100000
14-02-2022,Amazon,151.7510071,158.4485016,151.6499939,155.1670074,83230000
15-02-2022,Amazon,157.6054993,158.0070038,154.6374969,156.510498,56440000
16-02-2022,Amazon,155.7904968,158.8339996,154.7344971,158.1004944,52704000
17-02-2022,Amazon,158.1459961,160.348999,154.5,154.6524963,64032000
18-02-2022,Amazon,155.4994965,155.4994965,150.8930054,152.6015015,63604000
22-02-2022,Amazon,150.4785004,152.9824982,148.4855042,150.1974945,66128000
23-02-2022,Amazon,151.6504974,151.7630005,144.651001,144.8269958,64244000
24-02-2022,Amazon,139.8374939,151.7489929,139.5,151.3580017,100786000
25-02-2022,Amazon,150.5500031,153.9900055,149.213501,153.7884979,62396000
28-02-2022,Amazon,152.4250031,154.4499969,150.8500061,153.5630035,57684000
01-03-2022,Amazon,152.7324982,154.098999,149.977005,151.1419983,44874000
02-03-2022,Amazon,150.848999,152.9994965,148.75,152.0525055,47334000
03-03-2022,Amazon,153.5314941,153.9290009,146.8560028,147.8984985,65198000
04-03-2022,Amazon,147.1589966,147.8500061,143.8070068,145.6410065,60934000
07-03-2022,Amazon,145.4434967,146.0944977,137.4165039,137.4530029,86934000
08-03-2022,Amazon,136.6835022,140.6994934,133.5724945,136.0144958,91662000
09-03-2022,Amazon,139.5,140.25,136.8280029,139.279007,82656000
10-03-2022,Amazon,145.6849976,148.6744995,143.9779968,146.8175049,135062000
11-03-2022,Amazon,149.5744934,149.6750031,145.3690033,145.5245056,68900000
14-03-2022,Amazon,145.9810028,147.4499969,140.8840027,141.8529968,74086000
15-03-2022,Amazon,142.8500061,147.9850006,142,147.3665009,75584000
16-03-2022,Amazon,148.5,153.1499939,147.3535004,153.1040039,84958000
17-03-2022,Amazon,152.6405029,157.4985046,152.1399994,157.2389984,72934000
18-03-2022,Amazon,156.8130035,161.5939941,156.0110016,161.2505035,102962000
21-03-2022,Amazon,161.1210022,163.0839996,159.5529938,161.4915009,66538000
22-03-2022,Amazon,161.8054962,166.1670074,161.6990051,164.8890076,64086000
23-03-2022,Amazon,163.7050018,166.3699951,162.6869965,163.4080048,55812000
24-03-2022,Amazon,163.7494965,164.1184998,160.0500031,163.6495056,56798000
25-03-2022,Amazon,164,165.3684998,162.25,164.7734985,49032000
28-03-2022,Amazon,164.9750061,169.0375061,164.8999939,168.9904938,59854000
29-03-2022,Amazon,170.3840027,170.8314972,167.8684998,169.3150024,66154000
30-03-2022,Amazon,168.5095062,168.9505005,165.5,166.3009949,56168000
31-03-2022,Amazon,166.4450073,166.4949951,162.9535065,162.9974976,59966000
01-04-2022,Amazon,164.1495056,165.8269958,162.3195038,163.5599976,57090000
04-04-2022,Amazon,164.125,168.3945007,163.2055054,168.3464966,49882000
05-04-2022,Amazon,167.7415009,168.1105042,163.2660065,164.0549927,53728000
06-04-2022,Amazon,161.6504974,162.1999969,157.2545013,158.7559967,79056000
07-04-2022,Amazon,158.3999939,160.0789948,154.5115051,157.7845001,68136000
08-04-2022,Amazon,156.75,157.3684998,154.2310028,154.460495,46002000
11-04-2022,Amazon,152.7129974,154.1365051,150.5345001,151.121994,52112000
12-04-2022,Amazon,153.6925049,155.098999,150.3829956,150.7875061,55178000
13-04-2022,Amazon,150.0184937,156.0249939,149.6000061,155.5410004,53390000
14-04-2022,Amazon,155.3899994,155.8970032,151.4720001,151.7064972,51598000
18-04-2022,Amazon,151.5234985,154.039505,150.2505035,152.7850037,46514000
19-04-2022,Amazon,152.0294952,158.6490021,151.5505066,158.1154938,54926000
20-04-2022,Amazon,157.6024933,157.6024933,153.6035004,153.9980011,59630000
21-04-2022,Amazon,154.7140045,156.7380066,147.5894928,148.2960052,63970000
22-04-2022,Amazon,148.25,149.6150055,143.6974945,144.3500061,73078000
25-04-2022,Amazon,144.022995,146.2214966,142.3065033,146.0740051,61874000
26-04-2022,Amazon,144.8000031,144.8560028,138.9295044,139.3910065,77530000
27-04-2022,Amazon,140.1914978,141.9485016,135.783493,138.1670074,71336000
28-04-2022,Amazon,142.1779938,145.9375,140.3000031,144.5964966,117316000
29-04-2022,Amazon,129.848999,130.7610016,121.625,124.2815018,272662000
02-05-2022,Amazon,122.401001,124.6679993,118.375,124.5,148788000
03-05-2022,Amazon,124.0534973,126.2204971,122.8249969,124.2535019,79134000
04-05-2022,Amazon,123.5999985,126,119.1829987,125.9284973,110746000
05-05-2022,Amazon,123,123.4990005,115.0725021,116.4069977,144392000
06-05-2022,Amazon,114.8499985,119.050499,113.0814972,114.7724991,124260000
09-05-2022,Amazon,111.3125,114,107.9570007,108.7890015,128124000
10-05-2022,Amazon,111.25,112.6425018,107.1709976,108.8590012,105434000
11-05-2022,Amazon,108.1035004,110.1559982,104.4284973,105.3720016,109704000
12-05-2022,Amazon,102.75,110.7805023,102.4055023,106.9304962,132026000
13-05-2022,Amazon,109.0690002,113.1839981,107.8000031,113.0550003,93684000
16-05-2022,Amazon,113.0999985,113.9925003,110.3539963,110.8105011,74566000
17-05-2022,Amazon,113.2750015,115.8000031,111.2764969,115.3684998,76448000
18-05-2022,Amazon,111.4394989,112.8529968,106.2490005,107.1125031,108380000
19-05-2022,Amazon,106.2805023,110.0339966,106.1930008,107.3190002,88142000
20-05-2022,Amazon,109.5684967,109.8980026,105.0094986,107.5910034,99500000
23-05-2022,Amazon,108.4609985,108.8190002,103.9499969,107.5569992,107798000
24-05-2022,Amazon,104.0250015,105.4000015,101.2600021,104.0999985,102934000
25-05-2022,Amazon,103.6555023,108.1750031,103.6500015,106.7750015,93120000
26-05-2022,Amazon,107.9700012,112.6654968,107.4534988,111.0774994,93002000
27-05-2022,Amazon,113.5500031,115.1869965,112.6279984,115.1464996,93660000
31-05-2022,Amazon,116.2799988,121.9944992,115.6750031,120.2095032,144634000
01-06-2022,Amazon,122.2559967,125.1790009,120.6224976,121.6839981,127528000
02-06-2022,Amazon,121.6839981,125.6100006,120.0449982,125.5110016,100560000
03-06-2022,Amazon,124.1999969,124.4000015,121.0465012,122.3499985,97604000
06-06-2022,Amazon,125.25,128.9900055,123.8099976,124.7900009,135269000
07-06-2022,Amazon,122.0100021,124.0999985,120.6299973,123,85156700
08-06-2022,Amazon,122.6100006,123.75,120.75,121.1800003,64926600
09-06-2022,Amazon,119.9899979,121.3000031,116.0999985,116.1500015,67029800
10-06-2022,Amazon,113.4199982,114.5,109.0500031,109.6500015,87266000
13-06-2022,Amazon,104.1900024,106.5400009,101.8600006,103.6699982,99277700
14-06-2022,Amazon,104.1900024,104.8799973,101.4300003,102.3099976,69728800
15-06-2022,Amazon,103.8600006,109.0599976,103.5299988,107.6699982,85011100
16-06-2022,Amazon,104.4700012,104.5800018,102.0100021,103.6600037,82186300
17-06-2022,Amazon,102.8000031,106.9800034,102.5100021,106.2200012,99772100
21-06-2022,Amazon,108.1999969,111.6299973,103.5599976,108.6800003,70901200
22-06-2022,Amazon,107.4300003,112.1299973,107.0199966,108.9499969,60040100
23-06-2022,Amazon,110.3899994,113,107.9300003,112.4400024,64345300
24-06-2022,Amazon,112.3799973,116.7099991,111.4300003,116.4599991,69867600
27-06-2022,Amazon,117.0899963,117.9800034,112.6999969,113.2200012,62133200
28-06-2022,Amazon,113.5,114.8499985,107.0400009,107.4000015,74942900
29-06-2022,Amazon,107.3799973,110.9899979,106.9100037,108.9199982,66375300
30-06-2022,Amazon,108.1100006,108.1800003,102.5199966,106.2099991,97679400
01-07-2022,Amazon,106.2900009,109.75,105.8499985,109.5599976,73021200
05-07-2022,Amazon,107.5999985,114.0800018,106.3199997,113.5,76583700
06-07-2022,Amazon,113.2099991,115.4800034,112.0100021,114.3300018,66958900
07-07-2022,Amazon,113.8499985,116.9899979,113.4899979,116.3300018,57872300
08-07-2022,Amazon,114.5999985,116.5800018,113.6900024,115.5400009,45719700
11-07-2022,Amazon,114.0800018,114.3000031,110.8700027,111.75,53487600
12-07-2022,Amazon,112.1600037,113.2300034,108.3399963,109.2200012,54280300
13-07-2022,Amazon,107.0299988,111.7799988,106.0100021,110.4000015,61353800
14-07-2022,Amazon,110.2399979,111.1800003,107.5800018,110.6299973,51163100
15-07-2022,Amazon,112.5,115.5899963,111.5899963,113.5500031,84317800
18-07-2022,Amazon,115,117.2399979,113.1500015,113.7600021,59115400
19-07-2022,Amazon,115.6999969,118.9499969,114.0299988,118.2099991,60990000
20-07-2022,Amazon,118.6200027,123.4800034,118.3199997,122.7699966,71268300
21-07-2022,Amazon,123.1999969,124.8499985,121.2600021,124.6299973,60239900
22-07-2022,Amazon,125.0100021,125.5,121.3499985,122.4199982,51463800
25-07-2022,Amazon,122.6999969,123.6399994,120.0299988,121.1399994,50221300
26-07-2022,Amazon,115.7900009,118.1500015,114.5299988,114.8099976,67075100
27-07-2022,Amazon,117.3099976,121.9000015,117.1600037,120.9700012,61582000
28-07-2022,Amazon,121.5699997,122.8399963,118.0800018,122.2799988,82245500
29-07-2022,Amazon,134.8999939,137.6499939,132.4100037,134.9499969,148892900
01-08-2022,Amazon,134.9600067,138.8300018,133.5099945,135.3899994,76846900
02-08-2022,Amazon,134.7200012,137.4400024,134.0899963,134.1600037,61922400
03-08-2022,Amazon,136.2100067,140.4900055,136.0500031,139.5200043,71827800
04-08-2022,Amazon,140.5800018,143.5599976,139.5500031,142.5700073,70585000
05-08-2022,Amazon,140.1000061,142.8600006,139.6000061,140.8000031,50686900
08-08-2022,Amazon,142.0500031,144.2299957,138.2899933,139.4100037,52229000
09-08-2022,Amazon,138.0500031,138.9499969,136.2100067,137.8300018,40434700
10-08-2022,Amazon,142.8999939,144.6000061,141.0099945,142.6900024,54773800
11-08-2022,Amazon,143.8600006,144.4900055,139.7599945,140.6399994,44867300
12-08-2022,Amazon,142.0500031,143.5700073,140.1199951,143.5500031,47643500
15-08-2022,Amazon,142.8000031,143.7599945,141.4900055,143.1799927,39014600
16-08-2022,Amazon,143.9100037,146.5700073,142,144.7799988,59102900
17-08-2022,Amazon,142.6900024,143.3800049,140.7799988,142.1000061,48149800
18-08-2022,Amazon,141.3200073,142.7700043,140.3800049,142.3000031,37458700
19-08-2022,Amazon,140.4700012,141.1100006,137.9100037,138.2299957,47792800
22-08-2022,Amazon,135.7200012,136.3200073,132.8500061,133.2200012,50461500
23-08-2022,Amazon,133.4100037,134.9900055,132.9499969,133.6199951,36252100
24-08-2022,Amazon,132.75,135.4700012,132.1000061,133.8000031,38627000
25-08-2022,Amazon,135.2599945,137.4199982,134.2799988,137.2799988,37496300
26-08-2022,Amazon,136.5500031,137.8300018,130.5,130.75,53322700
29-08-2022,Amazon,129.8999939,131.9499969,128.7700043,129.7899933,48101600
30-08-2022,Amazon,131.25,132.0700073,126.8499985,128.7299957,49203000
31-08-2022,Amazon,129.4499969,130.5899963,126.7399979,126.7699966,53648700
01-09-2022,Amazon,126,128.0200043,123.6600037,127.8199997,56636100
02-09-2022,Amazon,129.5,131.3800049,126.3899994,127.5100021,57429800
06-09-2022,Amazon,127.9199982,128.6199951,124.7399979,126.1100006,43888600
07-09-2022,Amazon,126.1200027,129.8200073,125.4000015,129.4799957,47900300
08-09-2022,Amazon,127.7200012,130.2799988,127.0999985,129.8200073,43988500
09-09-2022,Amazon,130.9100037,133.6900024,130.7599945,133.2700043,49387600
12-09-2022,Amazon,134.1000061,136.4900055,134,136.4499969,53826900
13-09-2022,Amazon,131.0099945,131.3999939,126.2699966,126.8199997,72694000
14-09-2022,Amazon,127.3600006,128.8399963,126.3300018,128.5500031,45316800
15-09-2022,Amazon,127.3799973,130.3699951,125.5,126.2799988,52887200
16-09-2022,Amazon,122.7799988,123.8700027,120.6999969,123.5299988,115667800
19-09-2022,Amazon,122.1600037,124.7099991,121.8000031,124.6600037,47279700
20-09-2022,Amazon,123.3499985,124.4000015,121.1399994,122.1900024,47698400
21-09-2022,Amazon,122.4899979,123.7600021,118.4499969,118.5400009,58498900
22-09-2022,Amazon,117.0800018,118.7900009,116.2600021,117.3099976,55229200
23-09-2022,Amazon,116,116.0500031,112.0599976,113.7799988,65126700
26-09-2022,Amazon,113.3000031,117.3399963,113.1299973,115.1500015,62723300
27-09-2022,Amazon,117.1999969,118.3199997,113.0500031,114.4100037,60094700
28-09-2022,Amazon,114.3799973,118.6999969,113.8000031,118.0100021,55763800
29-09-2022,Amazon,115.5999985,116.0699997,113.0599976,114.8000031,58969700
30-09-2022,Amazon,114.0800018,116.9199982,112.8399963,113,59479600
03-10-2022,Amazon,113.5800018,116.9100037,112.4499969,115.8799973,50941900
04-10-2022,Amazon,119.8899994,123,119.7900009,121.0899963,62812600
05-10-2022,Amazon,118.5800018,121.75,117.6900024,120.9499969,48217500
06-10-2022,Amazon,120.7699966,121.5299988,119.5,120.3000031,42253800
07-10-2022,Amazon,118,118.1699982,113.8799973,114.5599976,54678000
10-10-2022,Amazon,115.0999985,116.25,112.4300003,113.6699982,42339700
11-10-2022,Amazon,112.7099991,115.4800034,110.3899994,112.2099991,56432200
12-10-2022,Amazon,112.4899979,113.8300018,111.4000015,112.9000015,45728700
13-10-2022,Amazon,107.8799973,113.4400024,105.3499985,112.5299988,86868100
14-10-2022,Amazon,114.0999985,114.9599991,106.5999985,106.9000015,67737300
17-10-2022,Amazon,110.1100006,114.1900024,110.0899963,113.7900009,62782000
18-10-2022,Amazon,119.0599976,119.5199966,114.7900009,116.3600006,65607400
19-10-2022,Amazon,114.7099991,116.5899963,113.2200012,115.0699997,47198100
20-10-2022,Amazon,113.8300018,118.2399979,113.5100021,115.25,48795100
21-10-2022,Amazon,114.7900009,119.5899963,114.5,119.3199997,55660500
24-10-2022,Amazon,119.9800034,120.3899994,116.5699997,119.8199997,49531500
25-10-2022,Amazon,119.6500015,121.3199997,118.9499969,120.5999985,50934600
26-10-2022,Amazon,116,119.3499985,114.7600021,115.6600037,68802300
27-10-2022,Amazon,113.9199982,114.1200027,109.7699966,110.9599991,129605400
28-10-2022,Amazon,97.91000366,103.9599991,97.66000366,103.4100037,223133400
31-10-2022,Amazon,103.5599976,104.8700027,100.7399979,102.4400024,99251400
01-11-2022,Amazon,103.9899979,104.5800018,96.05999756,96.79000092,153370000
02-11-2022,Amazon,97.31999969,97.73999786,92.01000214,92.12000275,135761800
03-11-2022,Amazon,92.47000122,93.5,89.01999664,89.30000305,136683300
04-11-2022,Amazon,91.48999786,92.44000244,88.04000092,90.98000336,129101300
07-11-2022,Amazon,91.94999695,92.09999847,89.04000092,90.52999878,77495700
08-11-2022,Amazon,90.79000092,91.72000122,88.23000336,89.98000336,88703400
09-11-2022,Amazon,89.47000122,89.48000336,85.87000275,86.13999939,90796200
10-11-2022,Amazon,92.94000244,98.69000244,91.65000153,96.62999725,173414900
11-11-2022,Amazon,97.87999725,101.1900024,96.66000366,100.7900009,111590500
14-11-2022,Amazon,98.76999664,100.1200027,97.29000092,98.48999786,99533100
15-11-2022,Amazon,103.2099991,103.7900009,97.33999634,98.94000244,111336300
16-11-2022,Amazon,96.84999847,98.48999786,95.54000092,97.12000275,87958800
17-11-2022,Amazon,95.37000275,96.97000122,94.02999878,94.84999847,82617900
18-11-2022,Amazon,95.94999695,95.98999786,92.48000336,94.13999939,72428200
21-11-2022,Amazon,93.97000122,95.01999664,90.58999634,92.45999908,84330300
22-11-2022,Amazon,92.62000275,93.34999847,90.87000275,93.19999695,62192000
23-11-2022,Amazon,93.23999786,94.58000183,92.83000183,94.12999725,59414700
25-11-2022,Amazon,93.79000092,94.43000031,93.06999969,93.41000366,35088600
28-11-2022,Amazon,93.93000031,96.40000153,93.43000031,93.94999695,74943100
29-11-2022,Amazon,94.04000092,94.41000366,91.44000244,92.41999817,65567300
30-11-2022,Amazon,92.47000122,96.54000092,91.52999878,96.54000092,102805800
01-12-2022,Amazon,96.98999786,97.23000336,94.91999817,95.5,68488000
02-12-2022,Amazon,94.48000336,95.36000061,93.77999878,94.12999725,72496400
05-12-2022,Amazon,93.05000305,94.05999756,90.81999969,91.01000214,71535500
06-12-2022,Amazon,90.5,91.04000092,87.90000153,88.25,75503600
07-12-2022,Amazon,88.33999634,89.88999939,87.48000336,88.45999908,68086900
08-12-2022,Amazon,89.23999786,90.86000061,87.87999725,90.34999847,73305900
09-12-2022,Amazon,88.90000153,90.30000305,88.62999725,89.08999634,67398500
12-12-2022,Amazon,89.20999908,90.58000183,87.87000275,90.55000305,61999800
13-12-2022,Amazon,95.23000336,96.25,90.51999664,92.48999786,100212000
14-12-2022,Amazon,92.5,93.45999908,89.87000275,91.58000183,70298000
15-12-2022,Amazon,89.88999939,89.97000122,87.47000122,88.44999695,84802900
16-12-2022,Amazon,88.26999664,89.34999847,86.73000336,87.86000061,146144100
19-12-2022,Amazon,87.51000214,87.62999725,84.51000214,84.91999817,83531500
20-12-2022,Amazon,85.33000183,86.61000061,84.33000183,85.19000244,74348300
21-12-2022,Amazon,86.18000031,87.23000336,85.20999908,86.76999664,59267200
22-12-2022,Amazon,85.51999664,85.68000031,82.25,83.79000092,81431300
23-12-2022,Amazon,83.25,85.77999878,82.93000031,85.25,57433700
27-12-2022,Amazon,84.97000122,85.34999847,83,83.04000092,57284000
28-12-2022,Amazon,82.80000305,83.48000336,81.69000244,81.81999969,58228600
29-12-2022,Amazon,82.87000275,84.55000305,82.55000305,84.18000031,54995900
30-12-2022,Amazon,83.12000275,84.05000305,82.47000122,84,62401200
03-01-2023,Amazon,85.45999908,86.95999908,84.20999908,85.81999969,76706000
04-01-2023,Amazon,86.55000305,86.98000336,83.36000061,85.13999939,68885100
05-01-2023,Amazon,85.33000183,85.41999817,83.06999969,83.12000275,67930800
06-01-2023,Amazon,83.02999878,86.40000153,81.43000031,86.08000183,83303400
09-01-2023,Amazon,87.45999908,89.48000336,87.08000183,87.36000061,65266100
10-01-2023,Amazon,87.56999969,90.19000244,87.29000092,89.87000275,67756600
11-01-2023,Amazon,90.93000031,95.26000214,90.93000031,95.08999634,103126200
12-01-2023,Amazon,96.93000031,97.19000244,93.5,95.26999664,85254800
13-01-2023,Amazon,94.18000031,98.37000275,94.12000275,98.12000275,85549400
17-01-2023,Amazon,98.68000031,98.88999939,95.73000336,96.05000305,72755000
18-01-2023,Amazon,97.25,99.31999969,95.37999725,95.45999908,79570400
19-01-2023,Amazon,94.73999786,95.44000244,92.86000061,93.68000031,69002700
20-01-2023,Amazon,93.86000061,97.34999847,93.19999695,97.25,67481500
23-01-2023,Amazon,97.55999756,97.77999878,95.86000061,97.51999664,76501100
24-01-2023,Amazon,96.93000031,98.08999634,96,96.31999969,66929500
25-01-2023,Amazon,92.55999756,97.23999786,91.51999664,97.18000031,94261600
26-01-2023,Amazon,98.23999786,99.48999786,96.91999817,99.22000122,68523600
27-01-2023,Amazon,99.52999878,103.4899979,99.52999878,102.2399979,87775600
30-01-2023,Amazon,101.0899963,101.7399979,99.01000214,100.5500031,70691900
31-01-2023,Amazon,101.1600037,103.3499985,101.1399994,103.1299973,66527300
01-02-2023,Amazon,102.5299988,106.2399979,101.2399979,105.1500015,80450100
02-02-2023,Amazon,110.25,114,108.8799973,112.9100037,158154200
03-02-2023,Amazon,105.2600021,108.7799988,102.5199966,103.3899994,144374800
06-02-2023,Amazon,102.9300003,103.9499969,100.6500015,102.1800003,81945200
07-02-2023,Amazon,101.1699982,102.4100037,98.08000183,102.1100006,119501300
08-02-2023,Amazon,102.0400009,102.6699982,98.77999878,100.0500031,75878300
09-02-2023,Amazon,101.3199997,101.7799988,97.56999969,98.23999786,64622500
10-02-2023,Amazon,97.55999756,98.81999969,96.23000336,97.61000061,52740100
13-02-2023,Amazon,97.84999847,99.68000031,96.91000366,99.54000092,52841500
14-02-2023,Amazon,98.41000366,100.9199982,97.51999664,99.69999695,56202900
15-02-2023,Amazon,99.08999634,101.1699982,98.44999695,101.1600037,47957600
16-02-2023,Amazon,99.20999908,100.6299973,98.09999847,98.15000153,56339200
17-02-2023,Amazon,97.80000305,97.94000244,95.65000153,97.19999695,60029400
21-02-2023,Amazon,95.33999634,95.61000061,94.26999664,94.58000183,56580400
22-02-2023,Amazon,95.09999847,97.01000214,94.80000305,95.79000092,59534100
23-02-2023,Amazon,96.12000275,96.43000031,93.66999817,95.81999969,48467000
24-02-2023,Amazon,93.52999878,94.13999939,92.31999969,93.5,57053800
27-02-2023,Amazon,94.27999878,94.77999878,93.13999939,93.76000214,47470300
28-02-2023,Amazon,93.13999939,94.69000244,92.91999817,94.23000336,43959300
01-03-2023,Amazon,93.87000275,94.68000031,91.58999634,92.16999817,52299500
02-03-2023,Amazon,91.41000366,92.23000336,90.38999939,92.12999725,55509400
03-03-2023,Amazon,92.73999786,94.94000244,92.66000366,94.90000153,55759600
06-03-2023,Amazon,95.19000244,96.55000305,93.73999786,93.75,52112400
07-03-2023,Amazon,94.05999756,95.08999634,92.77999878,93.55000305,49100700
08-03-2023,Amazon,93.59999847,94.16999817,92.18000031,93.91999817,44899100
09-03-2023,Amazon,93.68000031,96.20999908,92.18000031,92.25,56218700
10-03-2023,Amazon,92.66999817,93.56999969,90.25,90.73000336,69827500
13-03-2023,Amazon,89.97000122,94.01999664,88.12000275,92.43000031,72397100
14-03-2023,Amazon,93.83000183,95.06999969,92.70999908,94.87999725,60912700
15-03-2023,Amazon,93.22000122,96.66999817,93.06999969,96.19999695,70731800
16-03-2023,Amazon,95.75,100.9899979,95.61000061,100.0400009,84446900
17-03-2023,Amazon,99.79000092,100.6600037,97.45999908,98.94999695,87300200
20-03-2023,Amazon,98.41000366,98.48000336,95.69999695,97.70999908,62388900
21-03-2023,Amazon,98.13999939,100.8499985,98,100.6100006,58597300
22-03-2023,Amazon,100.4499969,102.0999985,98.61000061,98.69999695,57475400
23-03-2023,Amazon,100.4300003,101.0599976,97.62000275,98.70999908,57559300
24-03-2023,Amazon,98.06999969,98.30000305,96.40000153,98.12999725,56095400
27-03-2023,Amazon,99.06999969,99.33999634,97.08000183,98.04000092,46721300
28-03-2023,Amazon,98.11000061,98.44000244,96.29000092,97.23999786,38720100
29-03-2023,Amazon,98.69000244,100.4199982,98.55999756,100.25,49783300
30-03-2023,Amazon,101.5500031,103.0400009,101.0100021,102,53633400
31-03-2023,Amazon,102.1600037,103.4899979,101.9499969,103.2900009,56750300
03-04-2023,Amazon,102.3000031,103.2900009,101.4300003,102.4100037,41135700
04-04-2023,Amazon,102.75,104.1999969,102.1100006,103.9499969,48662500
05-04-2023,Amazon,103.9100037,103.9100037,100.75,101.0999985,45175400
06-04-2023,Amazon,100.75,102.3799973,99.80000305,102.0599976,43808000
10-04-2023,Amazon,100.9599991,102.1999969,99.56999969,102.1699982,37261200
11-04-2023,Amazon,100.8000031,101,99.01000214,99.91999817,60417800
12-04-2023,Amazon,100.4000015,100.5100021,97.70999908,97.83000183,56735000
13-04-2023,Amazon,98.94999695,102.5699997,98.70999908,102.4000015,67925100
14-04-2023,Amazon,102.0699997,103.1999969,101.1100006,102.5100021,51450500
17-04-2023,Amazon,103.1600037,103.7300034,101.5899963,102.7399979,39919500
18-04-2023,Amazon,103.9499969,104.1999969,101.5199966,102.3000031,39790500
19-04-2023,Amazon,101.5800018,105.1200027,101.3899994,104.3000031,58398900
20-04-2023,Amazon,103.5299988,105.25,103.2099991,103.8099976,57696900
21-04-2023,Amazon,106.0999985,108.1500015,105.0800018,106.9599991,86774200
24-04-2023,Amazon,107.6600037,109.2300034,105.0699997,106.2099991,69575600
25-04-2023,Amazon,104.9100037,105.4499969,102.4499969,102.5699997,65026800
26-04-2023,Amazon,105.0400009,106.6200027,104.0999985,104.9800034,73803800
27-04-2023,Amazon,108.1600037,110.8600006,106.8000031,109.8199997,149961200
28-04-2023,Amazon,107.7300034,109.4800034,104.3300018,105.4499969,130715900
01-05-2023,Amazon,104.9499969,105.2300034,101.8199997,102.0500031,74728100
02-05-2023,Amazon,101.4700012,103.9000015,101.1500015,103.6299973,73469400
03-05-2023,Amazon,103.7399979,105.9599991,103.2799988,103.6500015,65051900
04-05-2023,Amazon,104.0400009,105.3899994,103.3099976,104,45345500
05-05-2023,Amazon,104.2699966,105.7600021,103.5500031,105.6600037,56951700
08-05-2023,Amazon,105.0400009,106.0999985,104.6999969,105.8300018,49430900
09-05-2023,Amazon,105.4800034,106.7900009,105.1600037,106.6200027,44089400
10-05-2023,Amazon,108.0999985,110.6699982,108.0500031,110.1900024,78627600
11-05-2023,Amazon,111.0299988,113.2799988,110.4899979,112.1800003,74924800
12-05-2023,Amazon,112.1600037,112.6399994,109.3199997,110.2600021,49852700
15-05-2023,Amazon,111.1500015,112.2900009,109.25,111.1999969,53011100
16-05-2023,Amazon,111.0500031,114.7900009,111.0500031,113.4000015,71472900
17-05-2023,Amazon,114.8899994,115.8300018,114.2200012,115.5,65655200
18-05-2023,Amazon,116.6900024,118.5999985,116.3399963,118.1500015,73174100
19-05-2023,Amazon,118.1600037,118.3099976,115.6999969,116.25,55056300
22-05-2023,Amazon,116.7699966,116.7699966,114.25,115.0100021,70741100
23-05-2023,Amazon,114.2699966,117.1399994,113.7799988,114.9899979,67576300
24-05-2023,Amazon,115.3499985,117.3399963,115.0199966,116.75,63487900
25-05-2023,Amazon,116.6299973,116.8700027,114.3099976,115,66496700
26-05-2023,Amazon,116.0400009,121.5,116.0199966,120.1100006,96779900
30-05-2023,Amazon,122.3700027,122.9199982,119.8600006,121.6600037,64314800
31-05-2023,Amazon,121.4499969,122.0400009,119.1699982,120.5800018,72800800
01-06-2023,Amazon,120.6900024,123.4899979,119.9300003,122.7699966,54375100
02-06-2023,Amazon,124.9199982,126.3899994,124.0199966,124.25,61264400
05-06-2023,Amazon,123.3600006,125.8000031,123.0299988,125.3000031,47950100
06-06-2023,Amazon,125.0699997,127.4000015,125,126.6100006,45695200
07-06-2023,Amazon,127.0100021,127.3700027,120.6299973,121.2300034,95663300
08-06-2023,Amazon,123.0100021,125.6299973,122.2600021,124.25,62159300
09-06-2023,Amazon,124.0800018,125.8000031,123.1900024,123.4300003,51396000
12-06-2023,Amazon,124.0199966,126.7799988,123.5299988,126.5699997,51338000
13-06-2023,Amazon,128.1199951,128.4100037,125.1800003,126.6600037,50564800
14-06-2023,Amazon,126.6999969,126.9499969,124.1200027,126.4199982,52422500
15-06-2023,Amazon,125.2099991,127.6900024,124.3199997,127.1100006,60458500
16-06-2023,Amazon,127.7099991,127.9000015,125.3000031,125.4899979,84247100
20-06-2023,Amazon,124.9700012,127.25,124.5,125.7799988,56930100
21-06-2023,Amazon,125.6399994,126.7300034,123.8499985,124.8300018,52137700
22-06-2023,Amazon,125.3099976,130.3300018,125.1399994,130.1499939,90354600
23-06-2023,Amazon,129.1100006,130.8399963,128.2799988,129.3300018,71927800
26-06-2023,Amazon,129.3300018,131.4900055,127.0999985,127.3300018,59989300
27-06-2023,Amazon,128.6300049,130.0899963,127.5500031,129.1799927,46801000
28-06-2023,Amazon,128.9400024,131.4799957,128.4400024,129.0399933,52149500
29-06-2023,Amazon,128.7700043,129.2599945,127.2600021,127.9000015,40761000
30-06-2023,Amazon,129.4700012,131.25,128.9499969,130.3600006,54350700
03-07-2023,Amazon,130.8200073,131.8500061,130.0700073,130.2200012,28264800
05-07-2023,Amazon,130.2400055,131.3999939,129.6399994,130.3800049,35895400
06-07-2023,Amazon,128.25,128.7299957,127.3700027,128.3600006,40639900
07-07-2023,Amazon,128.5899963,130.9700012,128.1300049,129.7799988,41992300
10-07-2023,Amazon,129.0700073,129.2799988,125.9199982,127.1299973,61889300
11-07-2023,Amazon,127.75,129.7700043,127.3499985,128.7799988,49951500
12-07-2023,Amazon,130.3099976,131.2599945,128.8300018,130.8000031,54022800
13-07-2023,Amazon,134.0399933,134.6699982,132.7100067,134.3000031,61170900
14-07-2023,Amazon,134.0599976,136.6499939,134.0599976,134.6799927,54487100
17-07-2023,Amazon,134.5599976,135.6199951,133.2100067,133.5599976,48450200
18-07-2023,Amazon,132.7100067,133.8600006,131.3500061,132.8300018,54882900
19-07-2023,Amazon,133.3899994,135.9900055,132.5299988,135.3600006,54531000
20-07-2023,Amazon,134.0700073,134.7899933,129.3300018,129.9600067,59820600
21-07-2023,Amazon,131.3399963,131.3699951,128.4199982,130,133307300
24-07-2023,Amazon,130.3099976,131.6600037,128.3500061,128.8000031,45591100
25-07-2023,Amazon,129.3099976,129.5800018,128.5299988,129.1300049,39236700
26-07-2023,Amazon,126.5100021,129.0800018,126.1100006,128.1499939,53910100
27-07-2023,Amazon,131,132.6300049,127.7900009,128.25,52610700
28-07-2023,Amazon,129.6900024,133.0099945,129.3300018,132.2100067,46317400
31-07-2023,Amazon,133.1999969,133.8699951,132.3800049,133.6799927,41901500
01-08-2023,Amazon,133.5500031,133.6900024,131.6199951,131.6900024,42098500
02-08-2023,Amazon,130.1499939,130.2299957,126.8199997,128.2100067,51027600
03-08-2023,Amazon,127.4800034,129.8399963,126.4100037,128.9100037,88585200
04-08-2023,Amazon,141.0599976,143.6300049,139.3200073,139.5700073,153128500
07-08-2023,Amazon,140.9900055,142.5399933,138.9499969,142.2200012,71213100
08-08-2023,Amazon,140.6199951,140.8399963,138.4199982,139.9400024,51710500
09-08-2023,Amazon,139.9700012,140.3200073,137.1000061,137.8500061,50017300
10-08-2023,Amazon,139.0700073,140.4100037,137.4900055,138.5599976,58928400
11-08-2023,Amazon,137.3999939,139.3300018,137,138.4100037,42905800
14-08-2023,Amazon,138.3000031,140.5899963,137.75,140.5700073,47148700
15-08-2023,Amazon,140.0500031,141.2799988,137.2299957,137.6699982,42781500
16-08-2023,Amazon,137.1900024,137.2700043,135.0099945,135.0700073,41675900
17-08-2023,Amazon,135.4600067,136.0899963,133.5299988,133.9799957,48354100
18-08-2023,Amazon,131.6199951,134.0700073,131.1499939,133.2200012,48497700
21-08-2023,Amazon,133.7400055,135.1900024,132.7100067,134.6799927,41442500
22-08-2023,Amazon,135.0800018,135.6499939,133.7299957,134.25,32905400
23-08-2023,Amazon,134.5,135.9499969,133.2200012,135.5200043,42801000
24-08-2023,Amazon,136.3999939,136.7799988,131.8300018,131.8399963,43646300
25-08-2023,Amazon,132.4700012,133.8699951,130.5800018,133.2599945,44147500
28-08-2023,Amazon,133.7799988,133.9499969,131.8500061,133.1399994,34108400
29-08-2023,Amazon,133.3800049,135.1399994,133.25,134.9100037,38646100
30-08-2023,Amazon,134.9299927,135.6799927,133.9199982,135.0700073,36137000
31-08-2023,Amazon,135.0599976,138.7899933,135,138.0099945,58781300
01-09-2023,Amazon,139.4600067,139.9600067,136.8800049,138.1199951,40991500
05-09-2023,Amazon,137.7299957,137.8000031,135.8200073,137.2700043,40636700
06-09-2023,Amazon,136.3200073,137.4499969,134.6100006,135.3600006,41785500
07-09-2023,Amazon,133.8999939,138.0299988,133.1600037,137.8500061,48498900
08-09-2023,Amazon,136.8600006,138.8500061,136.75,138.2299957,38348200
11-09-2023,Amazon,138.75,143.6199951,138.6399994,143.1000061,56764500
12-09-2023,Amazon,142.3200073,143,140.6100006,141.2299957,42668500
13-09-2023,Amazon,140.9499969,144.9799957,140.8699951,144.8500061,60465200
14-09-2023,Amazon,145.0800018,145.8600006,142.9499969,144.7200012,64033600
15-09-2023,Amazon,142.6900024,143.5700073,140.0899963,140.3899994,102909300
18-09-2023,Amazon,140.4799957,141.75,139.2200012,139.9799957,42823500
19-09-2023,Amazon,138.6999969,138.8399963,135.5599976,137.6300049,61482500
20-09-2023,Amazon,138.5500031,139.3699951,135.1999969,135.2899933,46263700
21-09-2023,Amazon,131.9400024,132.2400055,129.3099976,129.3300018,70343300
22-09-2023,Amazon,131.1100006,132.0299988,128.5200043,129.1199951,59904300
25-09-2023,Amazon,129.3600006,131.7799988,128.7700043,131.2700043,46017800
26-09-2023,Amazon,130.1199951,130.3899994,125.2799988,125.9800034,73048200
27-09-2023,Amazon,125.7600021,127.4800034,124.1299973,125.9800034,66553400
28-09-2023,Amazon,124.0400009,126.5800018,123.0400009,125.9800034,54555000
29-09-2023,Amazon,128.1999969,129.1499939,126.3199997,127.1200027,62411700
02-10-2023,Amazon,127.2799988,130.4700012,126.5400009,129.4600067,48029700
03-10-2023,Amazon,128.0599976,128.5200043,124.25,124.7200012,51565000
04-10-2023,Amazon,126.0599976,127.3600006,125.6800003,127,44203900
05-10-2023,Amazon,126.7099991,126.7300034,124.3300018,125.9599991,39660600
06-10-2023,Amazon,124.1600037,128.4499969,124.1299973,127.9599991,46836700
09-10-2023,Amazon,126.2200012,128.7899933,124.7600021,128.2599945,38773700
10-10-2023,Amazon,128.8200073,130.7400055,128.0500031,129.4799957,42178600
11-10-2023,Amazon,129.7400055,132.0500031,129.6100006,131.8300018,40741800
12-10-2023,Amazon,132.1699982,134.4799957,131.2299957,132.3300018,55528600
13-10-2023,Amazon,132.9799957,133.3099976,128.9499969,129.7899933,45786600
16-10-2023,Amazon,130.6900024,133.0700073,130.4299927,132.5500031,42832900
17-10-2023,Amazon,130.3899994,132.5800018,128.7100067,131.4700012,49344600
18-10-2023,Amazon,129.8999939,130.6699982,127.5100021,128.1300049,42699500
19-10-2023,Amazon,130.5700073,132.2400055,127.4700012,128.3999939,60961400
20-10-2023,Amazon,128.0500031,128.1699982,124.9700012,125.1699982,56406400
23-10-2023,Amazon,124.6299973,127.8799973,123.9800034,126.5599976,48260000
24-10-2023,Amazon,127.7399979,128.8000031,126.3399963,128.5599976,46477400
25-10-2023,Amazon,126.0400009,126.3399963,120.7900009,121.3899994,74577500
26-10-2023,Amazon,120.6299973,121.6399994,118.3499985,119.5699997,100419500
27-10-2023,Amazon,126.1999969,130.0200043,125.5199966,127.7399979,125309300
30-10-2023,Amazon,129.7200012,133,128.5599976,132.7100067,72485500
31-10-2023,Amazon,132.75,133.5700073,131.7100067,133.0899963,51589400
01-11-2023,Amazon,133.9600067,137.3500061,133.7100067,137,61529400
02-11-2023,Amazon,138.7299957,138.8099976,136.4700012,138.0700073,52236700
03-11-2023,Amazon,138.9900055,139.4900055,137.4499969,138.6000061,44059800
06-11-2023,Amazon,138.7599945,140.7299957,138.3600006,139.7400055,44970400
07-11-2023,Amazon,140.5500031,143.3699951,140.5,142.7100067,53553500
08-11-2023,Amazon,142.9700012,143.1199951,141.2200012,142.0800018,44521700
09-11-2023,Amazon,142.0200043,142.6499939,139.8399963,140.6000061,36235400
10-11-2023,Amazon,140.4600067,143.6499939,139.9100037,143.5599976,49287800
13-11-2023,Amazon,142.0800018,143.2299957,140.6699982,142.5899963,35680600
14-11-2023,Amazon,145,147.2599945,144.6799927,145.8000031,56674600
15-11-2023,Amazon,147.0599976,147.2899933,142.5899963,143.1999969,63875700
16-11-2023,Amazon,140.9100037,143.3200073,139.5200043,142.8300018,49653500
17-11-2023,Amazon,142.6600037,145.2299957,142.5399933,145.1799927,49636700
20-11-2023,Amazon,145.1300049,146.6300049,144.7299957,146.1300049,41951200
21-11-2023,Amazon,143.9100037,144.0500031,141.5,143.8999939,71226000
22-11-2023,Amazon,144.5700073,147.7400055,144.5700073,146.7100067,45669100
24-11-2023,Amazon,146.6999969,147.1999969,145.3200073,146.7400055,22378400
27-11-2023,Amazon,147.5299988,149.2599945,146.8800049,147.7299957,53762400
28-11-2023,Amazon,146.9799957,147.6000061,145.5299988,147.0299988,42711700
29-11-2023,Amazon,147.8500061,148.5399933,145.9700012,146.3200073,40610900
30-11-2023,Amazon,144.7599945,146.9299927,144.3300018,146.0899963,65814000
01-12-2023,Amazon,146,147.25,145.5500031,147.0299988,39951800
04-12-2023,Amazon,145.25,145.3500061,142.8099976,144.8399963,48294200
05-12-2023,Amazon,143.5500031,148.5700073,143.1300049,146.8800049,46822400
06-12-2023,Amazon,147.5800018,147.8500061,144.2799988,144.5200043,39679000
07-12-2023,Amazon,146.1499939,147.9199982,145.3399963,146.8800049,52352800
08-12-2023,Amazon,145.4799957,147.8399963,145.3999939,147.4199982,41906000
11-12-2023,Amazon,145.6600037,146.1900024,143.6399994,145.8899994,50907300
12-12-2023,Amazon,145.5200043,147.5,145.3000031,147.4799957,44944300
13-12-2023,Amazon,148.1199951,149.4600067,146.8200073,148.8399963,52766200
14-12-2023,Amazon,149.9299927,150.5399933,145.5200043,147.4199982,58400800
15-12-2023,Amazon,148.3800049,150.5700073,147.8800049,149.9700012,110089300
18-12-2023,Amazon,150.5599976,154.8500061,150.0500031,154.0700073,62512800
19-12-2023,Amazon,154.3999939,155.1199951,152.6900024,153.7899933,43171300
20-12-2023,Amazon,152.8999939,155.6300049,151.5599976,152.1199951,50322100
21-12-2023,Amazon,153.3000031,153.9700012,152.1000061,153.8399963,36305700
22-12-2023,Amazon,153.7700043,154.3500061,152.7100067,153.4199982,29514100
26-12-2023,Amazon,153.5599976,153.9799957,153.0299988,153.4100037,25067200
27-12-2023,Amazon,153.5599976,154.7799988,153.1199951,153.3399963,31434700
28-12-2023,Amazon,153.7200012,154.0800018,152.9499969,153.3800049,27057000
29-12-2023,Amazon,153.1000061,153.8899994,151.0299988,151.9400024,39823200
02-01-2024,Amazon,151.5399933,152.3800049,148.3899994,149.9299927,47339400
03-01-2024,Amazon,149.1999969,151.0500031,148.3300018,148.4700012,49425500
04-01-2024,Amazon,145.5899963,147.3800049,144.0500031,144.5700073,56039800
05-01-2024,Amazon,144.6900024,146.5899963,144.5299988,145.2400055,45153100
08-01-2024,Amazon,146.7400055,149.3999939,146.1499939,149.1000061,46757100
09-01-2024,Amazon,148.3300018,151.7100067,148.2100067,151.3699951,43812600
10-01-2024,Amazon,152.0599976,154.4199982,151.8800049,153.7299957,44421800
11-01-2024,Amazon,155.0399933,157.1699982,153.1199951,155.1799927,49072700
12-01-2024,Amazon,155.3899994,156.1999969,154.0099945,154.6199951,40484200
16-01-2024,Amazon,153.5299988,154.9900055,152.1499939,153.1600037,41384600
17-01-2024,Amazon,151.4900055,152.1499939,149.9100037,151.7100067,34953400
18-01-2024,Amazon,152.7700043,153.7799988,151.8200073,153.5,37850200
19-01-2024,Amazon,153.8300018,155.7599945,152.7400055,155.3399963,51651600
22-01-2024,Amazon,156.8899994,157.0500031,153.8999939,154.7799988,43687500
23-01-2024,Amazon,154.8500061,156.2100067,153.9299927,156.0200043,37986000
24-01-2024,Amazon,157.8000031,158.5099945,156.4799957,156.8699951,48547300
25-01-2024,Amazon,156.9499969,158.5099945,154.5500031,157.75,43638600
26-01-2024,Amazon,158.4199982,160.7200012,157.9100037,159.1199951,51047400
29-01-2024,Amazon,159.3399963,161.2899933,158.8999939,161.2599945,45270400
30-01-2024,Amazon,160.6999969,161.7299957,158.4900055,159,45207400
31-01-2024,Amazon,157,159.0099945,154.8099976,155.1999969,50284400
01-02-2024,Amazon,155.8699951,159.7599945,155.6199951,159.2799988,76542400
02-02-2024,Amazon,169.1900024,172.5,167.3300018,171.8099976,117218300
05-02-2024,Amazon,170.1999969,170.5500031,167.6999969,170.3099976,55081300
06-02-2024,Amazon,169.3899994,170.7100067,167.6499939,169.1499939,42505500
07-02-2024,Amazon,169.4799957,170.8800049,168.9400024,170.5299988,47174100
08-02-2024,Amazon,169.6499939,171.4299927,168.8800049,169.8399963,42316500
09-02-2024,Amazon,170.8999939,175,170.5800018,174.4499969,56986000
12-02-2024,Amazon,174.8000031,175.3899994,171.5399933,172.3399963,51050400
13-02-2024,Amazon,167.7299957,170.9499969,165.75,168.6399994,56345100
14-02-2024,Amazon,169.2100067,171.2100067,168.2799988,170.9799957,42815500
15-02-2024,Amazon,170.5800018,171.1699982,167.5899963,169.8000031,49855200
16-02-2024,Amazon,168.7400055,170.4199982,167.1699982,169.5099945,48107700
20-02-2024,Amazon,167.8300018,168.7100067,165.7400055,167.0800018,41980300
21-02-2024,Amazon,168.9400024,170.2299957,167.1399994,168.5899963,44420100
22-02-2024,Amazon,173.1000061,174.8000031,171.7700043,174.5800018,55392400
23-02-2024,Amazon,174.2799988,175.75,173.6999969,174.9900055,59715200
26-02-2024,Amazon,175.6999969,176.3699951,174.2599945,174.7299957,44368600
27-02-2024,Amazon,174.0800018,174.6199951,172.8600006,173.5399933,31141700
28-02-2024,Amazon,172.4400024,174.0500031,172.2700043,173.1600037,28180500
29-02-2024,Amazon,173.0099945,177.2200012,172.8500061,176.7599945,53805400
01-03-2024,Amazon,176.75,178.7299957,176.0700073,178.2200012,31981200
04-03-2024,Amazon,177.5299988,180.1399994,177.4900055,177.5800018,37381500
05-03-2024,Amazon,176.9299927,176.9299927,173.3000031,174.1199951,37228300
06-03-2024,Amazon,175.5399933,176.4600067,173.2599945,173.5099945,32090900
07-03-2024,Amazon,174.8300018,177.9900055,173.7200012,176.8200073,34063300
08-03-2024,Amazon,176.4400024,178.7899933,174.3300018,175.3500061,37893200
11-03-2024,Amazon,174.3099976,174.4700012,171.4700012,171.9600067,28484800
12-03-2024,Amazon,173.5,176.7599945,171.9799957,175.3899994,36610600
13-03-2024,Amazon,175.8999939,177.6199951,175.5500031,176.5599976,30772600
14-03-2024,Amazon,177.6900024,179.5299988,176.4700012,178.75,43705800
15-03-2024,Amazon,176.6399994,177.9299927,173.8999939,174.4199982,72147400
18-03-2024,Amazon,175.8000031,176.6900024,174.2799988,174.4799957,31250700
19-03-2024,Amazon,174.2200012,176.0899963,173.5200043,175.8999939,26880900
20-03-2024,Amazon,176.1399994,178.5299988,174.6399994,178.1499939,29947200
21-03-2024,Amazon,179.9900055,181.4199982,178.1499939,178.1499939,32824300
22-03-2024,Amazon,177.75,179.2599945,176.75,178.8699951,27995400
25-03-2024,Amazon,178.0099945,180.9900055,177.2400055,179.7100067,29815500
26-03-2024,Amazon,180.1499939,180.4499969,177.9499969,178.3000031,29659000
27-03-2024,Amazon,179.8800049,180,177.3099976,179.8300018,33272600
28-03-2024,Amazon,180.1699982,181.6999969,179.2599945,180.3800049,38051600
01-04-2024,Amazon,180.7899933,183,179.9499969,180.9700012,29174500
02-04-2024,Amazon,179.0700073,180.7899933,178.3800049,180.6900024,32611500
03-04-2024,Amazon,179.8999939,182.8699951,179.8000031,182.4100037,31046600
04-04-2024,Amazon,184,185.1000061,180,180,41624300
05-04-2024,Amazon,182.3800049,186.2700043,181.9700012,185.0700073,42374000
08-04-2024,Amazon,186.8999939,187.2899933,184.8099976,185.1900024,39221300
09-04-2024,Amazon,187.2400055,187.3399963,184.1999969,185.6699982,36520100
10-04-2024,Amazon,182.7700043,186.2700043,182.6699982,185.9499969,35879200
11-04-2024,Amazon,186.7400055,189.7700043,185.5099945,189.0500031,40020700
12-04-2024,Amazon,187.7200012,188.3800049,185.0800018,186.1300049,38608800
15-04-2024,Amazon,187.4299927,188.6900024,183,183.6199951,48052400
16-04-2024,Amazon,183.2700043,184.8300018,182.2599945,183.3200073,32891300
17-04-2024,Amazon,184.3099976,184.5700073,179.8200073,181.2799988,31359700
18-04-2024,Amazon,181.4700012,182.3899994,178.6499939,179.2200012,30723800
19-04-2024,Amazon,178.7400055,179,173.4400024,174.6300049,56000700
22-04-2024,Amazon,176.9400024,178.8699951,174.5599976,177.2299957,37924900
23-04-2024,Amazon,178.0800018,179.9299927,175.9799957,179.5399933,37046500
24-04-2024,Amazon,179.9400024,180.3200073,176.1799927,176.5899963,34185100
25-04-2024,Amazon,169.6799927,173.9199982,166.3200073,173.6699982,49249400
26-04-2024,Amazon,177.8000031,180.8200073,176.1300049,179.6199951,43919800
29-04-2024,Amazon,182.75,183.5299988,179.3899994,180.9600067,54063900
30-04-2024,Amazon,181.0899963,182.9900055,174.8000031,175,94639800
01-05-2024,Amazon,181.6399994,185.1499939,176.5599976,179,94645100
02-05-2024,Amazon,180.8500061,185.1000061,179.9100037,184.7200012,54303500
03-05-2024,Amazon,186.9900055,187.8699951,185.4199982,186.2100067,39172000
06-05-2024,Amazon,186.2799988,188.75,184.8000031,188.6999969,34725300
07-05-2024,Amazon,188.9199982,189.9400024,187.3099976,188.7599945,34048900
08-05-2024,Amazon,187.4400024,188.4299927,186.3899994,188,26136400
09-05-2024,Amazon,188.8800049,191.6999969,187.4400024,189.5,43368400
10-05-2024,Amazon,189.1600037,189.8899994,186.9299927,187.4799957,34141800
13-05-2024,Amazon,188,188.3099976,185.3600006,186.5700073,24898600
14-05-2024,Amazon,183.8200073,187.7200012,183.4499969,187.0700073,38698200
15-05-2024,Amazon,185.9700012,186.7200012,182.7299957,185.9900055,75459900
16-05-2024,Amazon,185.6000061,187.3099976,183.4600067,183.6300049,38834500
17-05-2024,Amazon,183.7599945,185.3000031,183.3500061,184.6999969,33175700
20-05-2024,Amazon,184.3399963,186.6699982,183.2799988,183.5399933,30511800
21-05-2024,Amazon,182.3000031,183.2599945,180.75,183.1499939,50839100
22-05-2024,Amazon,183.8800049,185.2200012,181.9700012,183.1300049,28148800
23-05-2024,Amazon,183.6600037,184.7599945,180.0800018,181.0500031,33670200
24-05-2024,Amazon,181.6499939,182.4400024,180.3000031,180.75,27471600
28-05-2024,Amazon,179.9299927,182.2400055,179.4900055,182.1499939,29927000
29-05-2024,Amazon,181.6999969,184.0800018,181.5500031,182.0200043,32009300
30-05-2024,Amazon,181.3099976,181.3399963,178.3600006,179.3200073,29184700
31-05-2024,Amazon,178.3000031,179.2100067,173.8699951,176.4400024,58903900
03-06-2024,Amazon,177.6999969,178.6999969,175.9199982,178.3399963,30786600
04-06-2024,Amazon,177.6399994,179.8200073,176.4400024,179.3399963,27198400
05-06-2024,Amazon,180.1000061,181.5,178.75,181.2799988,32116400
06-06-2024,Amazon,181.75,185,181.4900055,185,31371200
07-06-2024,Amazon,184.8999939,186.2899933,183.3600006,184.3000031,28021500
10-06-2024,Amazon,184.0700073,187.2299957,183.7899933,187.0599976,34445600
11-06-2024,Amazon,187.0599976,187.7700043,184.5399933,187.2299957,27265100
12-06-2024,Amazon,188.0200043,188.3500061,185.4299927,186.8899994,33984200
13-06-2024,Amazon,186.0899963,187.6699982,182.6699982,183.8300018,39721500
14-06-2024,Amazon,183.0800018,183.7200012,182.2299957,183.6600037,25456400
17-06-2024,Amazon,182.5200043,185,181.2200012,184.0599976,35601900
18-06-2024,Amazon,183.7400055,184.2899933,181.4299927,182.8099976,36659200
20-06-2024,Amazon,182.9100037,186.5099945,182.7200012,186.1000061,44726800
21-06-2024,Amazon,187.8000031,189.2799988,185.8600006,189.0800018,70792500
24-06-2024,Amazon,189.3300018,191,185.3300018,185.5700073,50610400
25-06-2024,Amazon,186.8099976,188.8399963,185.4199982,186.3399963,45366400
26-06-2024,Amazon,186.9199982,194.8000031,186.2599945,193.6100006,65103900
27-06-2024,Amazon,195.0099945,199.8399963,194.1999969,197.8500061,74397500
28-06-2024,Amazon,197.7299957,198.8500061,192.5,193.25,76930200
01-07-2024,Amazon,193.4900055,198.3000031,192.8200073,197.1999969,41192000
02-07-2024,Amazon,197.2799988,200.4299927,195.9299927,200,45600000
03-07-2024,Amazon,199.9400024,200.0299988,196.7599945,197.5899963,31597900
05-07-2024,Amazon,198.6499939,200.5500031,198.1699982,200,39858900
08-07-2024,Amazon,200.0399933,201.1999969,197.9600067,199.2899933,34767300
09-07-2024,Amazon,199.3999939,200.5700073,199.0500031,199.3399963,32700100
10-07-2024,Amazon,200,200.1100006,197.6900024,199.7899933,32883800
11-07-2024,Amazon,200.0899963,200.2700043,192.8600006,195.0500031,44565000
12-07-2024,Amazon,194.8000031,196.4700012,193.8300018,194.4900055,30598500
15-07-2024,Amazon,194.5599976,196.1900024,190.8300018,192.7200012,40683200
16-07-2024,Amazon,195.5899963,196.6199951,192.2400055,193.0200043,33994700
17-07-2024,Amazon,191.3500061,191.5800018,185.9900055,187.9299927,48076100
18-07-2024,Amazon,189.5899963,189.6799927,181.4499969,183.75,51043600
19-07-2024,Amazon,181.1399994,184.9299927,180.1100006,183.1300049,43081800
22-07-2024,Amazon,185,185.0599976,182.4799957,182.5500031,39931900
23-07-2024,Amazon,184.1000061,189.3899994,183.5599976,186.4100037,47537700
24-07-2024,Amazon,183.1999969,185.4499969,180.4100037,180.8300018,41532400
25-07-2024,Amazon,182.9100037,183.8999939,176.8000031,179.8500061,44464200
26-07-2024,Amazon,180.3899994,183.1900024,180.2400055,182.5,29506000
29-07-2024,Amazon,183.8399963,184.75,182.3800049,183.1999969,33270100
30-07-2024,Amazon,184.7200012,185.8600006,179.3800049,181.7100067,39508600
31-07-2024,Amazon,185.0500031,187.9400024,184.4600067,186.9799957,41667300
01-08-2024,Amazon,189.2899933,190.6000061,181.8699951,184.0700073,70435600
02-08-2024,Amazon,166.75,168.7700043,160.5500031,167.8999939,141448400
05-08-2024,Amazon,154.2100067,162.9600067,151.6100006,161.0200043,83149400
06-08-2024,Amazon,161.7100067,165.0800018,158.5399933,161.9299927,59950800
07-08-2024,Amazon,166.5500031,167.5800018,161.4299927,162.7700043,48408200
08-08-2024,Amazon,165.1699982,166.6900024,162.5500031,165.8000031,44616200
09-08-2024,Amazon,166.3999939,168.5500031,165.8500061,166.9400024,36401000
12-08-2024,Amazon,168.1399994,168.5500031,166.1100006,166.8000031,30072800
13-08-2024,Amazon,167.8099976,171.0399933,167.1000061,170.2299957,39237900
14-08-2024,Amazon,172.1100006,172.2799988,168.8600006,170.1000061,28843800
15-08-2024,Amazon,174.8600006,177.9100037,173.9900055,177.5899963,51698500
16-08-2024,Amazon,177.0399933,178.3399963,176.2599945,177.0599976,31489200
19-08-2024,Amazon,177.6399994,178.3000031,176.1600037,178.2200012,31129800
20-08-2024,Amazon,177.9199982,179.0099945,177.4299927,178.8800049,26255200
21-08-2024,Amazon,179.9199982,182.3899994,178.8899994,180.1100006,35599100
22-08-2024,Amazon,181.3800049,181.4700012,175.6799927,176.1300049,32047500
23-08-2024,Amazon,177.3399963,178.9700012,175.2400055,177.0399933,29150100
26-08-2024,Amazon,176.6999969,177.4700012,174.3000031,175.5,22366200
27-08-2024,Amazon,174.1499939,174.8899994,172.25,173.1199951,29842000
28-08-2024,Amazon,173.6900024,173.6900024,168.9199982,170.8000031,29045000
29-08-2024,Amazon,173.2200012,174.2899933,170.8099976,172.1199951,26407800
30-08-2024,Amazon,172.7799988,178.8999939,172.6000061,178.5,43429400
03-09-2024,Amazon,177.5500031,178.2599945,175.2599945,176.25,37817500
04-09-2024,Amazon,174.4799957,175.9799957,172.5399933,173.3300018,30309200
05-09-2024,Amazon,175,179.8800049,175,177.8899994,40170500
06-09-2024,Amazon,177.2400055,178.3800049,171.1600037,171.3899994,41466500
09-09-2024,Amazon,174.5299988,175.8500061,173.5099945,175.3999939,29037400
10-09-2024,Amazon,177.4900055,180.5,176.7899933,179.5500031,36233800
11-09-2024,Amazon,180.1000061,184.9900055,175.7299957,184.5200043,42564700
12-09-2024,Amazon,184.8000031,187.4100037,183.5399933,187,33544200
13-09-2024,Amazon,187,188.5,185.9100037,186.4900055,26495400
16-09-2024,Amazon,185.2899933,185.8099976,183.3600006,184.8899994,26065500
17-09-2024,Amazon,186.8500061,189.4499969,186.1399994,186.8800049,26091700
18-09-2024,Amazon,186.4499969,188.8000031,185.0599976,186.4299927,34448100
19-09-2024,Amazon,190.0399933,190.9900055,188.4700012,189.8699951,39543200
20-09-2024,Amazon,190.2299957,191.8399963,187.4100037,191.6000061,100378600
23-09-2024,Amazon,191.6399994,194.4499969,190.5700073,193.8800049,36993100
24-09-2024,Amazon,194.2700043,195.3699951,190.1300049,193.9600067,43478900
25-09-2024,Amazon,193.75,193.9499969,192.1600037,192.5299988,26391100
26-09-2024,Amazon,194.3099976,194.5299988,189.5399933,191.1600037,36334900
27-09-2024,Amazon,190.6799927,190.8999939,187.3399963,187.9700012,36002300
30-09-2024,Amazon,187.1399994,188.4900055,184.6499939,186.3300018,41583900
01-10-2024,Amazon,184.8999939,186.1900024,183.4499969,185.1300049,36044900
02-10-2024,Amazon,184.4400024,186.6000061,184.0399933,184.7599945,23704100
03-10-2024,Amazon,183.0500031,183.4400024,180.8800049,181.9600067,30204300
04-10-2024,Amazon,185.75,187.6000061,183.6000061,186.5099945,40890300
07-10-2024,Amazon,182.9499969,183.6000061,180.25,180.8000031,42364200
08-10-2024,Amazon,181.9199982,183.0899963,180.9199982,182.7200012,26372100
09-10-2024,Amazon,182.8200073,185.8500061,182.0500031,185.1699982,26343100
10-10-2024,Amazon,187.1300049,188.1300049,185.8300018,186.6499939,27785000
11-10-2024,Amazon,186.6300049,189.9299927,186.3000031,188.8200073,25751600
14-10-2024,Amazon,189.7799988,189.8300018,187.3600006,187.5399933,22614400
15-10-2024,Amazon,187.6300049,188.4100037,184.5800018,187.6900024,32178900
16-10-2024,Amazon,187.0500031,187.7799988,185.6100006,186.8899994,23456800
17-10-2024,Amazon,188.2200012,188.9400024,186,187.5299988,25039400
18-10-2024,Amazon,187.1499939,190.7400055,186.2799988,188.9900055,37417700
21-10-2024,Amazon,188.0500031,189.4600067,186.3999939,189.0700073,24639400
22-10-2024,Amazon,188.3500061,191.5200043,186.9799957,189.6999969,29650600
23-10-2024,Amazon,188.8500061,189.1600037,183.6900024,184.7100067,31937100
24-10-2024,Amazon,185.25,187.1100006,183.8600006,186.3800049,21647400
25-10-2024,Amazon,187.8500061,190.4499969,187.5299988,187.8300018,29362100
28-10-2024,Amazon,189.5700073,190.2100067,188.2100067,188.3899994,27930800
29-10-2024,Amazon,188.5800018,191.4600067,187.8200073,190.8300018,35690200
30-10-2024,Amazon,194.6999969,195.6100006,192.4199982,192.7299957,37707600
31-10-2024,Amazon,190.5099945,190.6000061,185.2299957,186.3999939,75146800
01-11-2024,Amazon,199,200.5,197.0200043,197.9299927,99687800
04-11-2024,Amazon,196.4499969,197.3300018,194.3099976,195.7799988,38492100
05-11-2024,Amazon,196.0399933,199.8200073,195.9900055,199.5,30564800
06-11-2024,Amazon,200.0099945,207.5500031,199.1399994,207.0899963,72292200
07-11-2024,Amazon,207.4400024,212.25,207.1900024,210.0500031,52878400
08-11-2024,Amazon,209.7200012,209.9600067,207.4400024,208.1799927,36075800
11-11-2024,Amazon,208.5,209.6499939,205.5899963,206.8399963,35456000
12-11-2024,Amazon,208.3699951,209.5399933,206.0099945,208.9100037,38942900
13-11-2024,Amazon,209.3999939,215.0899963,209.1399994,214.1000061,46212900
14-11-2024,Amazon,214.1600037,215.8999939,210.8800049,211.4799957,42620300
15-11-2024,Amazon,206.7599945,207.3399963,199.6100006,202.6100006,86591100
18-11-2024,Amazon,204.1499939,204.6699982,200.9499969,201.6999969,36409900
19-11-2024,Amazon,199.3300018,205.3000031,198.7799988,204.6100006,31197900
20-11-2024,Amazon,202.9799957,203.1300049,199.4499969,202.8800049,32769000
21-11-2024,Amazon,203.4900055,203.4900055,195.75,198.3800049,58800000
22-11-2024,Amazon,198.25,199.2599945,196.75,197.1199951,31530800
25-11-2024,Amazon,199.2799988,201.9499969,199,201.4499969,40685700
26-11-2024,Amazon,201.8999939,208,201.7899933,207.8600006,41673700
27-11-2024,Amazon,206.9799957,207.6399994,205.0500031,205.7400055,28061600
29-11-2024,Amazon,205.8300018,208.1999969,204.5899963,207.8899994,24892400
02-12-2024,Amazon,209.9600067,212.9900055,209.5099945,210.7100067,39523200
03-12-2024,Amazon,210.3099976,214.0200043,209.6499939,213.4400024,32214800
04-12-2024,Amazon,215.9600067,220,215.75,218.1600037,48745700
05-12-2024,Amazon,218.0299988,222.1499939,217.3000031,220.5500031,41140200
06-12-2024,Amazon,220.75,227.1499939,220.6000061,227.0299988,44178100
09-12-2024,Amazon,227.2100067,230.0800018,225.6699982,226.0899963,46819400
10-12-2024,Amazon,226.0899963,229.0599976,224.1999969,225.0399933,31199900
11-12-2024,Amazon,226.4100037,231.1999969,226.2599945,230.2599945,35385800
12-12-2024,Amazon,229.8300018,231.0899963,227.6300049,228.9700012,28204100
13-12-2024,Amazon,228.3999939,230.1999969,225.8600006,227.4600067,28768100
16-12-2024,Amazon,230.2299957,233,228.0099945,232.9299927,37552100
17-12-2024,Amazon,232.3899994,232.7299957,227.8500061,231.1499939,35948100
18-12-2024,Amazon,230.7700043,231.3999939,220.1100006,220.5200043,43281400
19-12-2024,Amazon,224.9100037,226.0899963,222.9199982,223.2899933,39918700
20-12-2024,Amazon,219.8399963,226.2100067,218.7299957,224.9199982,88279200
23-12-2024,Amazon,225.0099945,226.8800049,223.8999939,225.0599976,28070000
24-12-2024,Amazon,226.9400024,229.1399994,226.1300049,229.0500031,15007500
26-12-2024,Amazon,228.5,228.5,226.6699982,227.0500031,16146700
27-12-2024,Amazon,225.6000061,226.0299988,220.8999939,223.75,27367100
30-12-2024,Amazon,220.0599976,223,218.4299927,221.3000031,28321200
31-12-2024,Amazon,222.9700012,223.2299957,218.9400024,219.3899994,24819700
02-01-2025,Amazon,222.0299988,225.1499939,218.1900024,220.2200012,33956600
03-01-2025,Amazon,222.5099945,225.3600006,221.6199951,224.1900024,27515600
06-01-2025,Amazon,226.7799988,228.8399963,224.8399963,227.6100006,31849800
07-01-2025,Amazon,227.8999939,228.3800049,221.4600067,222.1100006,28084200
08-01-2025,Amazon,223.1900024,223.5200043,220.1999969,222.1300049,25033300
10-01-2025,Amazon,221.4600067,221.7100067,216.5,218.9400024,36811500
13-01-2025,Amazon,218.0599976,219.3999939,216.4700012,218.4600067,27262700
14-01-2025,Amazon,220.4400024,221.8200073,216.1999969,217.7599945,24711700
15-01-2025,Amazon,222.8300018,223.5700073,220.75,223.3500061,31291300
16-01-2025,Amazon,224.4199982,224.6499939,220.3099976,220.6600037,24757300
17-01-2025,Amazon,225.8399963,226.5099945,223.0800018,225.9400024,42370100
21-01-2025,Amazon,228.8999939,231.7799988,226.9400024,230.7100067,39951500
22-01-2025,Amazon,232.0200043,235.4400024,231.1900024,235.0099945,41448200
23-01-2025,Amazon,234.1000061,235.5200043,231.5099945,235.4199982,26404400
24-01-2025,Amazon,234.5,236.3999939,232.9299927,234.8500061,25890700
27-01-2025,Amazon,226.2100067,235.6100006,225.8600006,235.4199982,49428300
28-01-2025,Amazon,234.2899933,241.7700043,233.9799957,238.1499939,41587200
29-01-2025,Amazon,239.0200043,240.3899994,236.1499939,237.0700073,26091700
30-01-2025,Amazon,237.1399994,237.9499969,232.2200012,234.6399994,32020700
31-01-2025,Amazon,236.5,240.2899933,236.4100037,237.6799927,36110200
03-02-2025,Amazon,234.0599976,239.25,232.8999939,237.4199982,37285900
04-02-2025,Amazon,239.0099945,242.5200043,238.0299988,242.0599976,29713800
05-02-2025,Amazon,237.0200043,238.3200073,235.1999969,236.1699982,38727300
06-02-2025,Amazon,238.0099945,239.6600037,236.0099945,238.8300018,60897100
07-02-2025,Amazon,232.5,234.8099976,228.0599976,229.1499939,77539300
10-02-2025,Amazon,230.5500031,233.9199982,229.1999969,233.1399994,35419900
11-02-2025,Amazon,231.9199982,233.4400024,230.1300049,232.7599945,23713700
12-02-2025,Amazon,230.4600067,231.1799927,228.1600037,228.9299927,32285200
13-02-2025,Amazon,228.8500061,230.4199982,227.5200043,230.3699951,31346500
14-02-2025,Amazon,229.1999969,229.8899994,227.2299957,228.6799927,27031100
18-02-2025,Amazon,228.8200073,229.3000031,223.7200012,226.6499939,42975100
19-02-2025,Amazon,225.5200043,226.8300018,223.7100067,226.6300049,28566700
20-02-2025,Amazon,224.7799988,225.1300049,221.8099976,222.8800049,30001700
21-02-2025,Amazon,223.2799988,223.3099976,214.7400055,216.5800018,55323900
24-02-2025,Amazon,217.4499969,217.7200012,212.4199982,212.7100067,42387600
25-02-2025,Amazon,211.6300049,213.3399963,204.1600037,212.8000031,58958000
26-02-2025,Amazon,214.9400024,218.1600037,213.0899963,214.3500061,39120600
27-02-2025,Amazon,218.3500061,219.9700012,208.3699951,208.7400055,40548600
28-02-2025,Amazon,208.6499939,212.6199951,206.9900055,212.2799988,51771700
03-03-2025,Amazon,213.3500061,214.0099945,202.5500031,205.0200043,42948400
04-03-2025,Amazon,200.1100006,206.8000031,197.4299927,203.8000031,60853100
05-03-2025,Amazon,204.8000031,209.9799957,203.2599945,208.3600006,38610100
06-03-2025,Amazon,204.3999939,205.7700043,198.3000031,200.6999969,49863800
07-03-2025,Amazon,199.4900055,202.2700043,192.5299988,199.25,59802800
10-03-2025,Amazon,195.6000061,196.7299957,190.8500061,194.5399933,62350900
11-03-2025,Amazon,193.8999939,200.1799927,193.3999939,196.5899963,54002900
12-03-2025,Amazon,200.7200012,201.5200043,195.2899933,198.8899994,43679300
13-03-2025,Amazon,198.1699982,198.8800049,191.8200073,193.8899994,41270800
14-03-2025,Amazon,197.4100037,198.6499939,195.3200073,197.9499969,38096700
17-03-2025,Amazon,198.7700043,199,194.3200073,195.7400055,47341800
18-03-2025,Amazon,192.5200043,194,189.3800049,192.8200073,40414900
19-03-2025,Amazon,193.3800049,195.9700012,191.9600067,195.5399933,39442900
20-03-2025,Amazon,193.0700073,199.3200073,192.3000031,194.9499969,38921100
21-03-2025,Amazon,192.8999939,196.9900055,192.5200043,196.2100067,60056900
24-03-2025,Amazon,200,203.6399994,199.9499969,203.2599945,41625400
25-03-2025,Amazon,203.6000061,206.2100067,203.2200012,205.7100067,31171200
26-03-2025,Amazon,205.8399963,206.0099945,199.9299927,201.1300049,32855300
27-03-2025,Amazon,200.8899994,203.7899933,199.2799988,201.3600006,27317700
28-03-2025,Amazon,198.4199982,199.2599945,191.8800049,192.7200012,52548200
31-03-2025,Amazon,188.1900024,191.3300018,184.3999939,190.2599945,63547600
01-04-2025,Amazon,187.8600006,193.9299927,187.1999969,192.1699982,41267300
02-04-2025,Amazon,187.6600037,198.3399963,187.6600037,196.0099945,53679200
03-04-2025,Amazon,183,184.1300049,176.9199982,178.4100037,95553600
04-04-2025,Amazon,167.1499939,178.1399994,166,171,123159400
07-04-2025,Amazon,162,183.4100037,161.3800049,175.2599945,109327100
08-04-2025,Amazon,185.2299957,185.8999939,168.5700073,170.6600037,87710400
09-04-2025,Amazon,172.1199951,192.6499939,169.9299927,191.1000061,116804300
10-04-2025,Amazon,185.4400024,186.8699951,175.8500061,181.2200012,68302000
11-04-2025,Amazon,179.9299927,185.8600006,178,184.8699951,50594300
14-04-2025,Amazon,186.8399963,187.4400024,179.2299957,182.1199951,48002500
15-04-2025,Amazon,181.4100037,182.3500061,177.9299927,179.5899963,43642000
16-04-2025,Amazon,176.2899933,179.1000061,171.4100037,174.3300018,51875300
17-04-2025,Amazon,176,176.2100067,172,172.6100006,44726500
21-04-2025,Amazon,169.6000061,169.6000061,165.2899933,167.3200073,48126100
22-04-2025,Amazon,169.8500061,176.7799988,169.3500061,173.1799927,56607200
23-04-2025,Amazon,183.4499969,187.3800049,180.1900024,180.6000061,63470100
24-04-2025,Amazon,180.9199982,186.7400055,180.1799927,186.5399933,43763200
25-04-2025,Amazon,187.6199951,189.9400024,185.4900055,188.9900055,36414300
28-04-2025,Amazon,190.1100006,190.2200012,184.8899994,187.6999969,33224700
29-04-2025,Amazon,183.9900055,188.0200043,183.6799927,187.3899994,41667300
30-04-2025,Amazon,182.1699982,185.0500031,178.8500061,184.4199982,55176500
01-05-2025,Amazon,190.6300049,191.8099976,187.5,190.1999969,74266000
02-05-2025,Amazon,191.4400024,192.8800049,186.3999939,189.9799957,77903500
05-05-2025,Amazon,186.5099945,188.1799927,185.5299988,186.3500061,35217500
06-05-2025,Amazon,184.5700073,187.9299927,183.8500061,185.0099945,29314100
07-05-2025,Amazon,185.5599976,190.9900055,185.0099945,188.7100067,43948600
08-05-2025,Amazon,191.4299927,194.3300018,188.8200073,192.0800018,41043600
09-05-2025,Amazon,193.3800049,194.6900024,191.1600037,193.0599976,29663100
12-05-2025,Amazon,210.7100067,211.6600037,205.75,208.6399994,75205000
13-05-2025,Amazon,211.0800018,214.8399963,210.1000061,211.3699951,56193700
14-05-2025,Amazon,211.4499969,211.9299927,208.8500061,210.25,38492100
15-05-2025,Amazon,206.4499969,206.8800049,202.6699982,205.1699982,64347300
16-05-2025,Amazon,206.8500061,206.8500061,204.3699951,205.5899963,43318500
19-05-2025,Amazon,201.6499939,206.6199951,201.2599945,206.1600037,34314800
20-05-2025,Amazon,204.6300049,205.5899963,202.6499939,204.0700073,29470400
21-05-2025,Amazon,201.6100006,203.4600067,200.0599976,201.1199951,42460900
22-05-2025,Amazon,201.3800049,205.7599945,200.1600037,203.1000061,38938900
23-05-2025,Amazon,198.8999939,202.3699951,197.8500061,200.9900055,33393500
27-05-2025,Amazon,203.0899963,206.6900024,202.1900024,206.0200043,34892000
28-05-2025,Amazon,205.9199982,207.6600037,204.4100037,204.7200012,28549800
29-05-2025,Amazon,208.0299988,208.8099976,204.2299957,205.6999969,34650000
30-05-2025,Amazon,204.8399963,205.9900055,201.6999969,205.0099945,51679400
02-06-2025,Amazon,204.9799957,207,202.6799927,206.6499939,29113300
03-06-2025,Amazon,207.1100006,208.9499969,205.0299988,205.7100067,33139100
04-06-2025,Amazon,206.5500031,208.1799927,205.1799927,207.2299957,29915600
05-06-2025,Amazon,209.5500031,212.8099976,207.5599976,207.9100037,51864200
06-06-2025,Amazon,212.3999939,213.8699951,210.5,213.5700073,39832500
09-06-2025,Amazon,214.75,217.8500061,212.8800049,216.9799957,38102500
10-06-2025,Amazon,216.7799988,217.6900024,214.1499939,217.6100006,31303300
11-06-2025,Amazon,217.4100037,218.3999939,212.8899994,213.1999969,39326000
12-06-2025,Amazon,211.7799988,213.5800018,211.3300018,213.2400055,27640000
13-06-2025,Amazon,209.9600067,214.0500031,209.6199951,212.1000061,29337800
16-06-2025,Amazon,212.3099976,217.0599976,211.6000061,216.1000061,33284200
17-06-2025,Amazon,215.1999969,217.4100037,214.5599976,214.8200073,32086300
18-06-2025,Amazon,215.0899963,217.9600067,212.3399963,212.5200043,44360500
20-06-2025,Amazon,214.6799927,214.8899994,208.2700043,209.6900024,75350700
23-06-2025,Amazon,209.7899933,210.3899994,207.3099976,208.4700012,37311700
24-06-2025,Amazon,212.1399994,214.3399963,211.0500031,212.7700043,38378800
25-06-2025,Amazon,214.6199951,216.0299988,211.1100006,211.9900055,31755700
26-06-2025,Amazon,213.1199951,218.0399933,212.0099945,217.1199951,50480800
27-06-2025,Amazon,219.9199982,223.3000031,216.7400055,223.3000031,119217100
30-06-2025,Amazon,223.5200043,223.8200073,219.1199951,219.3899994,58887800
01-07-2025,Amazon,219.5,221.8800049,217.9299927,220.4600067,39256800
02-07-2025,Amazon,219.7299957,221.6000061,219.0599976,219.9199982,30894200
03-07-2025,Amazon,221.8200073,224.0099945,221.3600006,223.4100037,29632400
07-07-2025,Amazon,223,224.2899933,222.3699951,223.4700012,36604100
08-07-2025,Amazon,223.9199982,224,218.4299927,219.3600006,45692000
09-07-2025,Amazon,221.0700073,224.2899933,220.4700012,222.5399933,38155100
10-07-2025,Amazon,221.5500031,222.7899933,219.6999969,222.2599945,30370600
11-07-2025,Amazon,223.5800018,226.6799927,222.3699951,225.0200043,50518300
14-07-2025,Amazon,225.0700073,226.6600037,224.2400055,225.6900024,35702600
15-07-2025,Amazon,226.1999969,227.2700043,225.4600067,226.3500061,34907300
16-07-2025,Amazon,225.8800049,226.1000061,222.1799927,223.1900024,39535900
17-07-2025,Amazon,223.3200073,224.5,222.5099945,223.8800049,31855800
18-07-2025,Amazon,225.1399994,226.3999939,222.9799957,226.1300049,37833800
21-07-2025,Amazon,225.8399963,229.6900024,225.6499939,229.3000031,40297600
22-07-2025,Amazon,229.6799927,230,226.3500061,227.4700012,37483700
23-07-2025,Amazon,228.4700012,228.7899933,227.0899963,228.2899933,28294900
24-07-2025,Amazon,229.1699982,236,228.6399994,232.2299957,42902300
25-07-2025,Amazon,232.2200012,232.4799957,231.1799927,231.4400024,28712100
28-07-2025,Amazon,233.3500061,234.2899933,232.25,232.7899933,26300100
29-07-2025,Amazon,234.1499939,234.7200012,230.3099976,231.0099945,33716200
30-07-2025,Amazon,231.6399994,231.8000031,229.2899933,230.1900024,32993300
31-07-2025,Amazon,235.7700043,236.5299988,231.3999939,234.1100006,104357300
01-08-2025,Amazon,217.2100067,220.4400024,212.8000031,214.75,122258800
04-08-2025,Amazon,217.3999939,217.4400024,211.4199982,211.6499939,77890100
05-08-2025,Amazon,213.0500031,216.3000031,212.8699951,213.75,51505100
06-08-2025,Amazon,214.6999969,222.6499939,213.7400055,222.3099976,54823000
07-08-2025,Amazon,221,226.2200012,220.8200073,223.1300049,40603500
08-08-2025,Amazon,223.1399994,223.8000031,221.8800049,222.6900024,32970500
11-08-2025,Amazon,221.7799988,223.0500031,220.3999939,221.3000031,31646200
12-08-2025,Amazon,222.2299957,223.5,219.0500031,221.4700012,37185800
13-08-2025,Amazon,222,224.9199982,222,224.5599976,36508300
14-08-2025,Amazon,227.3999939,233.1100006,227.0200043,230.9799957,61545800
15-08-2025,Amazon,232.5800018,234.0800018,229.8099976,231.0299988,39649200
18-08-2025,Amazon,230.2299957,231.9100037,228.3300018,231.4900055,25248900
19-08-2025,Amazon,230.0899963,230.5299988,227.1199951,228.0099945,29891000
20-08-2025,Amazon,227.1199951,227.2700043,220.9199982,223.8099976,36604300
21-08-2025,Amazon,222.6499939,222.7799988,220.5,221.9499969,32140500
22-08-2025,Amazon,222.7899933,229.1399994,220.8200073,228.8399963,37315300
25-08-2025,Amazon,227.3500061,229.6000061,227.3099976,227.9400024,22633700
26-08-2025,Amazon,227.1100006,229,226.0200043,228.7100067,26105400
27-08-2025,Amazon,228.5700073,229.8699951,227.8099976,229.1199951,21254500
28-08-2025,Amazon,229.0099945,232.7100067,228.0200043,231.6000061,33679600
29-08-2025,Amazon,231.3200073,231.8099976,228.1600037,229,26199200
02-09-2025,Amazon,223.5200043,226.1699982,221.8300018,225.3399963,38843900
03-09-2025,Amazon,225.2100067,227.1699982,224.3600006,225.9900055,29223100
04-09-2025,Amazon,231.1900024,235.7700043,230.7799988,235.6799927,59391800
05-09-2025,Amazon,235.1900024,236,231.9299927,232.3300018,36721800
08-09-2025,Amazon,234.9400024,237.6000061,233.75,235.8399963,33947100
09-09-2025,Amazon,236.3600006,238.8500061,235.0800018,238.2400055,27033800
10-09-2025,Amazon,237.5200043,237.6799927,229.1000061,230.3300018,60907700
11-09-2025,Amazon,231.4900055,231.5299988,229.3399963,229.9499969,37485600
12-09-2025,Amazon,230.3500061,230.7899933,226.2899933,228.1499939,38496200
15-09-2025,Amazon,230.6300049,233.7299957,230.3200073,231.4299927,33243300
16-09-2025,Amazon,232.9400024,235.8999939,232.2299957,234.0500031,38203900
17-09-2025,Amazon,233.7700043,234.3000031,228.7100067,231.6199951,42815200
18-09-2025,Amazon,232.5,233.4799957,228.7899933,231.2299957,37931700
19-09-2025,Amazon,232.3699951,234.1600037,229.6999969,231.4799957,97943200
22-09-2025,Amazon,230.5599976,230.5700073,227.5099945,227.6300049,45914500
23-09-2025,Amazon,227.8300018,227.8600006,220.0700073,220.7100067,70956200
24-09-2025,Amazon,224.1499939,224.5599976,219.4499969,220.2100067,49509000
25-09-2025,Amazon,220.0599976,220.6699982,216.4700012,218.1499939,52226300
26-09-2025,Amazon,219.0800018,221.0500031,218.0200043,219.7799988,41650100
29-09-2025,Amazon,220.0800018,222.6000061,219.3000031,222.1699982,44259200
30-09-2025,Amazon,222.0299988,222.2400055,217.8899994,219.5700073,48396400
01-10-2025,Amazon,217.3600006,222.1499939,216.6100006,220.6300049,43933800
02-10-2025,Amazon,221.0099945,222.8099976,218.9499969,222.4100037,41258600
03-10-2025,Amazon,223.4400024,224.1999969,219.3399963,219.5099945,43639000
06-10-2025,Amazon,221,221.7299957,216.0299988,220.8999939,43690900
07-10-2025,Amazon,220.8800049,222.8899994,220.1699982,221.7799988,31194700
08-10-2025,Amazon,222.9199982,226.7299957,221.1900024,225.2200012,46686000
09-10-2025,Amazon,225,228.2100067,221.75,227.7400055,46412100
10-10-2025,Amazon,226.2100067,228.25,216,216.3699951,72367500
13-10-2025,Amazon,217.6999969,220.6799927,217.0399933,220.0700073,37809700
14-10-2025,Amazon,215.5599976,219.3200073,212.6000061,216.3899994,45665600
15-10-2025,Amazon,216.6199951,217.7100067,212.6600037,215.5700073,45909500
16-10-2025,Amazon,215.6699982,218.5899963,212.8099976,214.4700012,42414600
17-10-2025,Amazon,214.5599976,214.8000031,211.0299988,213.0399933,45986900
20-10-2025,Amazon,213.8800049,216.6900024,213.5899963,216.4799957,38882800
21-10-2025,Amazon,218.4299927,223.3200073,217.9900055,222.0299988,50494600
22-10-2025,Amazon,219.3000031,220.0099945,216.5200043,217.9499969,44308500
23-10-2025,Amazon,219,221.3000031,218.1799927,221.0899963,31540000
24-10-2025,Amazon,221.9700012,225.3999939,221.8999939,224.2100067,38685100
27-10-2025,Amazon,227.6600037,228.3999939,225.5399933,226.9700012,38267000
28-10-2025,Amazon,228.2200012,231.4900055,226.2100067,229.25,47100000
29-10-2025,Amazon,231.6699982,232.8200073,227.7599945,230.3000031,52036200
30-10-2025,Amazon,227.0599976,228.4400024,222.75,222.8600006,102252900
31-10-2025,Amazon,250.1000061,250.5,243.9799957,244.2200012,166340800
03-11-2025,Amazon,255.3600006,258.6000061,252.8999939,254,95997800
04-11-2025,Amazon,250.3800049,257.0100098,248.6600037,249.3200073,51546300
05-11-2025,Amazon,249.0299988,251,246.1600037,250.1999969,40610700
06-11-2025,Amazon,249.1600037,250.3800049,242.1699982,243.0399933,46004200
07-11-2025,Amazon,242.8999939,244.8999939,238.4900055,244.4100037,46374300
10-11-2025,Amazon,248.3399963,251.75,245.5899963,248.3999939,36476500
11-11-2025,Amazon,248.4100037,249.75,247.2299957,249.1000061,23564100
12-11-2025,Amazon,250.2400055,250.3699951,243.75,244.1999969,31190100
13-11-2025,Amazon,243.0500031,243.75,236.5,237.5800018,41401700
14-11-2025,Amazon,235.0599976,238.7299957,232.8899994,234.6900024,38956700
17-11-2025,Amazon,233.25,234.6000061,229.1900024,232.8699951,59919000
18-11-2025,Amazon,228.1000061,230.1999969,222.4199982,222.5500031,60608400
19-11-2025,Amazon,223.7400055,223.7400055,218.5200043,222.6900024,58335600
20-11-2025,Amazon,227.0500031,227.4100037,216.7400055,217.1399994,50309000
21-11-2025,Amazon,216.3500061,222.2100067,215.1799927,220.6900024,68490500
24-11-2025,Amazon,222.5599976,227.3300018,222.2700043,226.2799988,54318400
25-11-2025,Amazon,226.3800049,230.5200043,223.8000031,229.6699982,39379300
26-11-2025,Amazon,230.7400055,231.75,228.7700043,229.1600037,38497900
28-11-2025,Amazon,231.2400055,233.2899933,230.2200012,233.2200012,20292300
01-12-2025,Amazon,233.2200012,235.8000031,232.25,233.8800049,42904000
02-12-2025,Amazon,235.0099945,238.9700012,233.5500031,234.4199982,45785400
03-12-2025,Amazon,233.3500061,233.3800049,230.6100006,232.3800049,35495100
04-12-2025,Amazon,232.7700043,233.5,226.8000031,229.1100006,45683200
05-12-2025,Amazon,230.3200073,231.2400055,228.5500031,229.5299988,33117400
08-12-2025,Amazon,229.5899963,230.8300018,226.2700043,226.8899994,35019200
09-12-2025,Amazon,226.8399963,228.5700073,225.1100006,227.9199982,25841700
10-12-2025,Amazon,228.8099976,232.4199982,228.4600067,231.7799988,38790700
11-12-2025,Amazon,230.7100067,232.1100006,228.6900024,230.2799988,28249600
12-12-2025,Amazon,229.8699951,230.0800018,225.1199951,226.1900024,35639100
15-12-2025,Amazon,227.9299927,227.9299927,221.5,222.5399933,47286100
16-12-2025,Amazon,223.0399933,223.6600037,221.1300049,222.5599976,39298900
17-12-2025,Amazon,224.6600037,225.1900024,220.9900055,221.2700043,44034400
18-12-2025,Amazon,225.7100067,229.2299957,224.4100037,226.7599945,50272400
19-12-2025,Amazon,226.7599945,229.1300049,225.5800018,227.3500061,85544400
22-12-2025,Amazon,228.6100006,229.4799957,226.7100067,228.4299927,32261300
23-12-2025,Amazon,229.0599976,232.4499969,228.7299957,232.1399994,29230200
24-12-2025,Amazon,232.1300049,232.9499969,231.3300018,232.3800049,11420500
26-12-2025,Amazon,232.0399933,232.9900055,231.1799927,232.5200043,15994700
29-12-2025,Amazon,231.9400024,232.6000061,230.7700043,232.0700073,19797900
30-12-2025,Amazon,231.2100067,232.7700043,230.1999969,232.5299988,21910500
31-12-2025,Amazon,232.9100037,232.9900055,230.1199951,230.8200073,24383700
02-01-2020,Tesla,28.29999924,28.71333313,28.11400032,28.68400002,142981500
03-01-2020,Tesla,29.36666679,30.26666641,29.12800026,29.5340004,266677500
06-01-2020,Tesla,29.36466789,30.10400009,29.33333206,30.10266685,151995000
07-01-2020,Tesla,30.76000023,31.44199944,30.22400093,31.27066612,268231500
08-01-2020,Tesla,31.57999992,33.23266602,31.21533394,32.8093338,467164500
09-01-2020,Tesla,33.13999939,33.25333405,31.52466774,32.08933258,426606000
10-01-2020,Tesla,32.11933136,32.32933426,31.57999992,31.87666702,194392500
13-01-2020,Tesla,32.90000153,35.04199982,32.79999924,34.99066544,397764000
14-01-2020,Tesla,36.2840004,36.49399948,34.99333191,35.86133194,434943000
15-01-2020,Tesla,35.31733322,35.85599899,34.45266724,34.56666565,260532000
16-01-2020,Tesla,32.91666794,34.29733276,32.8113327,34.23266602,326050500
17-01-2020,Tesla,33.84066772,34.37799835,33.54399872,34.03333282,204436500
21-01-2020,Tesla,35.34999847,36.5719986,35.22733307,36.47999954,267052500
22-01-2020,Tesla,38.12599945,39.6333313,37.2733345,37.97066879,470535000
23-01-2020,Tesla,37.6166687,38.79999924,37.04000092,38.14666748,294765000
24-01-2020,Tesla,38.04199982,38.25733185,36.95066833,37.6546669,215304000
27-01-2020,Tesla,36.13266754,37.6293335,35.95199966,37.20133209,204121500
28-01-2020,Tesla,37.89933395,38.45399857,37.20533371,37.79333115,176827500
29-01-2020,Tesla,38.3793335,39.31999969,37.82866669,38.73266602,267022500
30-01-2020,Tesla,42.16133118,43.39199829,41.20000076,42.72066879,435085500
31-01-2020,Tesla,42.66666794,43.53333282,42.16799927,43.37133408,235789500
03-02-2020,Tesla,44.91266632,52.40933228,44.90133286,52,705975000
04-02-2020,Tesla,58.86399841,64.59933472,55.59199905,59.13733292,914082000
05-02-2020,Tesla,54.88399887,56.39866638,46.9406662,48.97999954,726357000
06-02-2020,Tesla,46.66133118,53.05533218,45.79999924,49.93066788,598212000
07-02-2020,Tesla,48.70333481,51.31666565,48.66666794,49.87133408,255952500
10-02-2020,Tesla,53.33333206,54.66600037,50.15999985,51.41866684,370338000
11-02-2020,Tesla,51.25266647,52.23400116,50.53333282,51.62533188,175462500
12-02-2020,Tesla,51.85800171,52.65000153,50.89133453,51.152668,180337500
13-02-2020,Tesla,49.45600128,54.53333282,49,53.59999847,394339500
14-02-2020,Tesla,52.48133469,54.19800186,52.3666687,53.33533478,235405500
18-02-2020,Tesla,56.10666656,57.33333206,55.49066544,57.2266655,245725500
19-02-2020,Tesla,61.56666565,62.98533249,60.06800079,61.16133118,381345000
20-02-2020,Tesla,60.79666519,60.79999924,57.32933426,59.96066666,264523500
21-02-2020,Tesla,60.46533203,60.8706665,58.69666672,60.06666565,214722000
24-02-2020,Tesla,55.93333435,57.56666565,54.8133316,55.58599854,227883000
25-02-2020,Tesla,56.59999847,57.10666656,52.46666718,53.32733154,259357500
26-02-2020,Tesla,52.16666794,54.22066879,51.74066544,51.91999817,211282500
27-02-2020,Tesla,48.66666794,49.31800079,44.59999847,45.26666641,364158000
28-02-2020,Tesla,41.97999954,46.03466797,40.76800156,44.53266525,363343500
02-03-2020,Tesla,47.4173317,49.57933426,45.77799988,49.57466888,302925000
03-03-2020,Tesla,53.66666794,53.79866791,47.74066544,49.70066833,386760000
04-03-2020,Tesla,50.93066788,51.10133362,48.31533432,49.96666718,225735000
05-03-2020,Tesla,48.25133133,49.71666718,47.87133408,48.30266571,162790500
06-03-2020,Tesla,46,47.1333313,45.61800003,46.89866638,189943500
09-03-2020,Tesla,40.35933304,44.20000076,40.33333206,40.53333282,256105500
10-03-2020,Tesla,43.9620018,44.53333282,40.53333282,43.02199936,233916000
11-03-2020,Tesla,42.68000031,43.5719986,40.8666687,42.2820015,199837500
12-03-2020,Tesla,38.72600174,39.6333313,36.41666794,37.36999893,283636500
13-03-2020,Tesla,39.66666794,40.50466537,33.46666718,36.44133377,339604500
16-03-2020,Tesla,31.29999924,32.99133301,29.47800064,29.67133331,307342500
17-03-2020,Tesla,29.33399963,31.45666695,26.39999962,28.68000031,359919000
18-03-2020,Tesla,25.93333244,26.99066734,23.36733246,24.08133316,356793000
19-03-2020,Tesla,24.97999954,30.13333321,23.89733315,28.50933266,452932500
20-03-2020,Tesla,29.21333313,31.79999924,28.38599968,28.50200081,424282500
23-03-2020,Tesla,28.90666771,29.46666718,27.36666679,28.95266724,246817500
24-03-2020,Tesla,31.81999969,34.24599838,31.60000038,33.66666794,343428000
25-03-2020,Tesla,36.34999847,37.1333313,34.07400131,35.95000076,318340500
26-03-2020,Tesla,36.49266815,37.33333206,34.15000153,35.21066666,260710500
27-03-2020,Tesla,33.66666794,35.05333328,32.93533325,34.29066849,215661000
30-03-2020,Tesla,34.01733398,34.44333267,32.74866867,33.47533417,179971500
31-03-2020,Tesla,33.41666794,36.19733429,33.1333313,34.93333435,266572500
01-04-2020,Tesla,33.59999847,34.26333237,31.67333221,32.10400009,200298000
02-04-2020,Tesla,32.06866837,32.95066833,29.76000023,30.29800034,297876000
03-04-2020,Tesla,33.96666718,34.36600113,31.22599983,32.00066757,338431500
06-04-2020,Tesla,34.08000183,34.73333359,33.19733429,34.41600037,223527000
07-04-2020,Tesla,36.33333206,37.66666794,35.48933411,36.36333466,268797000
08-04-2020,Tesla,36.94666672,37.14733124,35.55533218,36.58933258,189840000
09-04-2020,Tesla,37.47266769,38.3453331,37.14066696,38.20000076,204750000
13-04-2020,Tesla,39.34400177,43.46666718,38.70199966,43.39666748,337131000
14-04-2020,Tesla,46.59799957,49.45866776,46.16199875,47.32600021,458647500
15-04-2020,Tesla,49.46666718,50.20866776,47.33333206,48.65533447,353655000
16-04-2020,Tesla,47.79600143,50.63000107,47.11466599,49.68066788,309868500
17-04-2020,Tesla,51.48533249,51.66333389,49.84400177,50.25933456,196923000
20-04-2020,Tesla,48.84666824,51.0379982,47.48066711,49.75733185,221199000
21-04-2020,Tesla,48.67466736,50.22200012,44.91933441,45.78133392,303136500
22-04-2020,Tesla,46.93199921,48.93333435,45.91400146,48.8073349,212482500
23-04-2020,Tesla,48.50666809,48.93333435,46.87533188,47.04199982,198550500
24-04-2020,Tesla,47.38733292,48.71533203,46.54533386,48.3433342,198180000
27-04-2020,Tesla,49.17399979,53.29933167,49,53.25,310221000
28-04-2020,Tesla,53.04266739,53.66666794,50.44599915,51.27466583,228330000
29-04-2020,Tesla,52.6780014,53.54666519,52.21066666,53.36733246,243240000
30-04-2020,Tesla,57.01266861,57.98799896,50.90000153,52.12533188,427078500
01-05-2020,Tesla,50.33333206,51.51800156,45.5359993,46.75466537,487977000
04-05-2020,Tesla,46.73333359,50.79999924,46.53333282,50.74599838,288556500
05-05-2020,Tesla,52.652668,53.26133347,50.81200027,51.2140007,254875500
06-05-2020,Tesla,51.76666641,52.65333176,50.74066544,52.17200089,166848000
07-05-2020,Tesla,51.81399918,53.0933342,51.49000168,52.00266647,172915500
08-05-2020,Tesla,52.91799927,54.93333435,52.46733475,54.62799835,241297500
11-05-2020,Tesla,52.70066833,54.93333435,52.33333206,54.08599854,247794000
12-05-2020,Tesla,55.1333313,56.21933365,53.8666687,53.96066666,238603500
13-05-2020,Tesla,54.72200012,55.06666565,50.88666534,52.73066711,285982500
14-05-2020,Tesla,52,53.5573349,50.93333435,53.55533218,205233000
15-05-2020,Tesla,52.68999863,53.66999817,52.4366684,53.27799988,157776000
18-05-2020,Tesla,55.18533325,55.64799881,53.59199905,54.24200058,174987000
19-05-2020,Tesla,54.34466553,54.80466843,53.73866653,53.86733246,144547500
20-05-2020,Tesla,54.70000076,55.06666565,54.11999893,54.3706665,109639500
21-05-2020,Tesla,54.40000153,55.5,53.06666565,55.17333221,183819000
22-05-2020,Tesla,54.8113327,55.45199966,54.1333313,54.45866776,149812500
26-05-2020,Tesla,55.6333313,55.63999939,54.38066864,54.59133148,121345500
27-05-2020,Tesla,54.72399902,55.18066788,52.33333206,54.68199921,173242500
28-05-2020,Tesla,54.23400116,54.98333359,53.44599915,53.72066879,108834000
29-05-2020,Tesla,53.91666794,55.66666794,53.61399841,55.66666794,176467500
01-06-2020,Tesla,57.20000076,59.93333435,56.93999863,59.87333298,224092500
02-06-2020,Tesla,59.64666748,60.57733154,58.06666565,58.77066803,203484000
03-06-2020,Tesla,59.20800018,59.86266708,58.67333221,58.86399841,119242500
04-06-2020,Tesla,59.32533264,59.71666718,57.22933197,57.62533188,133315500
05-06-2020,Tesla,58.52266693,59.10133362,57.74666595,59.04399872,117178500
08-06-2020,Tesla,61.26666641,63.33333206,60.61066818,63.32799911,212620500
09-06-2020,Tesla,62.6673317,63.6293335,61.5953331,62.71133423,170823000
10-06-2020,Tesla,66.12533569,68.49866486,65.5,68.33666992,278451000
11-06-2020,Tesla,66.01333618,67.93066406,64.80000305,64.85600281,238747500
12-06-2020,Tesla,65.33333588,65.86533356,60.84000015,62.35200119,251451000
15-06-2020,Tesla,61.18600082,66.58933258,60.56666565,66.05999756,235458000
16-06-2020,Tesla,67.45666504,67.52532959,64.15933228,65.47533417,210766500
17-06-2020,Tesla,65.84733582,67,65.50466919,66.11933136,148362000
18-06-2020,Tesla,66.8666687,67.94667053,66.29799652,66.93066406,146278500
19-06-2020,Tesla,67.51866913,67.73133087,66.08933258,66.72666931,130195500
22-06-2020,Tesla,66.66333008,67.25866699,66.00133514,66.28800201,95436000
23-06-2020,Tesla,66.59200287,67.46666718,66.26733398,66.78533173,95479500
24-06-2020,Tesla,66.27400208,66.72533417,63.54266739,64.05666351,164394000
25-06-2020,Tesla,63.61800003,65.73200226,62.4766655,65.73200226,138817500
26-06-2020,Tesla,66.31866455,66.33333588,63.65800095,63.98266602,132823500
29-06-2020,Tesla,64.60066986,67.33333588,63.23466873,67.29000092,135396000
30-06-2020,Tesla,67.09999847,72.51266479,66.91533661,71.98733521,253777500
01-07-2020,Tesla,72.19999695,75.6886673,72.03333282,74.64199829,199903500
02-07-2020,Tesla,81.43199921,81.8666687,79.04000092,80.57733154,258751500
06-07-2020,Tesla,85.11266327,91.85266876,84.40266418,91.4386673,308548500
07-07-2020,Tesla,93.66733551,95.30000305,89.11399841,92.65733337,322345500
08-07-2020,Tesla,93.66666412,94.48400116,87.42266846,91.05867004,244669500
09-07-2020,Tesla,93.13266754,93.90399933,90.08533478,92.95200348,175764000
10-07-2020,Tesla,93.06666565,103.2613297,91.73400116,102.9766693,350064000
13-07-2020,Tesla,110.5999985,119.6660004,98.0739975,99.80400085,584781000
14-07-2020,Tesla,103.7333298,106,95.40000153,101.1200027,351271500
15-07-2020,Tesla,102.8666687,103.3333359,97.1333313,103.0673294,245517000
16-07-2020,Tesla,98.47733307,102.1139984,97.73332977,100.0426636,214512000
17-07-2020,Tesla,100.8966675,102.5006638,99.33333588,100.0559998,139950000
20-07-2020,Tesla,101.267334,110,99.19999695,109.5333328,256821000
21-07-2020,Tesla,109.3286667,111.6666641,103.8666687,104.5573349,241608000
22-07-2020,Tesla,106.5999985,108.4280014,104.1333313,106.1553345,212416500
23-07-2020,Tesla,111.9300003,112.5999985,98.71800232,100.8713303,364927500
24-07-2020,Tesla,94.40066528,97.66666412,91.10266876,94.46666718,290949000
27-07-2020,Tesla,95.66666412,103.1959991,94.19999695,102.6399994,240730500
28-07-2020,Tesla,100.2666702,104.3133316,98.2946701,98.43267059,237130500
29-07-2020,Tesla,100.0666656,102.3206635,99.1333313,99.9406662,141403500
30-07-2020,Tesla,99.19999695,100.8826675,98.06666565,99.16600037,114315000
31-07-2020,Tesla,101,101.1366653,94.73200226,95.38400269,183123000
03-08-2020,Tesla,96.61333466,100.6539993,96.29199982,99,132139500
04-08-2020,Tesla,99.66733551,101.8273315,97.46666718,99.1333313,126225000
05-08-2020,Tesla,99.53266907,99.98933411,97.88733673,99.00133514,74217000
06-08-2020,Tesla,99.38866425,101.1539993,98.48400116,99.305336,89884500
07-08-2020,Tesla,99.96932983,99.98332977,94.33399963,96.84733582,133446000
10-08-2020,Tesla,96.53333282,97.16666412,92.38933563,94.57133484,112834500
11-08-2020,Tesla,93.06666565,94.66666412,91,91.62599945,129387000
12-08-2020,Tesla,98,105.6666641,95.66666412,103.6506653,327441000
13-08-2020,Tesla,107.4000015,110.0786667,104.4840012,108.0666656,306379500
14-08-2020,Tesla,110.9993362,111.253334,108.4426651,110.0473328,188664000
17-08-2020,Tesla,111.8000031,123.0573349,111.5220032,122.3759995,303634500
18-08-2020,Tesla,126.5993347,128.2599945,123.0073318,125.8059998,247117500
19-08-2020,Tesla,124.3333359,127.4000015,122.7473297,125.2353363,183079500
20-08-2020,Tesla,124.0453339,134.7993317,123.8040009,133.4553375,309177000
21-08-2020,Tesla,136.317337,139.6993256,135.0033264,136.665329,322344000
24-08-2020,Tesla,141.7519989,141.9333344,128.5013275,134.2799988,300954000
25-08-2020,Tesla,131.6593323,135.1966705,131.1999969,134.889328,159883500
26-08-2020,Tesla,137.3333282,144.3999939,136.9086609,143.5446625,213591000
27-08-2020,Tesla,145.3639984,153.0399933,142.8333282,149.25,355395000
28-08-2020,Tesla,153.0079956,154.5659943,145.7680054,147.5599976,301218000
31-08-2020,Tesla,148.2033386,166.7133331,146.7033386,166.1066742,355123200
01-09-2020,Tesla,167.3800049,167.4966736,156.8366699,158.3500061,269523300
02-09-2020,Tesla,159.6633301,159.6799927,135.0399933,149.1233368,288528300
03-09-2020,Tesla,135.7433319,143.9333344,134,135.6666718,262788300
04-09-2020,Tesla,134.2700043,142.6666718,124.0066681,139.4400024,330965700
08-09-2020,Tesla,118.6666641,122.9133301,109.9599991,110.0699997,346397100
09-09-2020,Tesla,118.8666687,123,113.8366699,122.0933304,238397400
10-09-2020,Tesla,128.7366638,132.9966736,120.1866684,123.7799988,254791800
11-09-2020,Tesla,127.3133316,127.5,120.1666641,124.2399979,182152500
14-09-2020,Tesla,126.9833298,140,124.4333344,139.8733368,249061800
15-09-2020,Tesla,145.5200043,153.9799957,143.5666656,149.9199982,291894600
16-09-2020,Tesla,146.6233368,152.5966644,145.1033325,147.2533264,216837900
17-09-2020,Tesla,138.5333405,145.9299927,136,141.1433258,230337600
18-09-2020,Tesla,149.3133392,150.3333282,142.9333344,147.3833313,259220400
21-09-2020,Tesla,151.043335,151.8933258,135.6900024,149.7966614,328430400
22-09-2020,Tesla,143.1999969,145.9199982,139.1999969,141.4100037,238742400
23-09-2020,Tesla,135.0533295,137.3833313,125.293335,126.7866669,285222600
24-09-2020,Tesla,121.2666702,133.1666718,117.0999985,129.2633362,289683300
25-09-2020,Tesla,131.156662,136.2433319,130.4333344,135.7799988,201625500
28-09-2020,Tesla,141.5399933,142.6933289,138.5166626,140.3999939,149158800
29-09-2020,Tesla,138.6666718,142.8333282,137.1999969,139.6900024,150657900
30-09-2020,Tesla,140.4400024,144.6433258,140.156662,143.0033264,144436800
01-10-2020,Tesla,146.9199982,149.6266632,144.8066711,149.386673,152224500
02-10-2020,Tesla,140.4633331,146.3766632,138.3333282,138.363327,214290000
05-10-2020,Tesla,141.1166687,144.5466614,139.7766724,141.8933258,134168400
06-10-2020,Tesla,141.2633362,142.9266663,135.3500061,137.9933319,147438900
07-10-2020,Tesla,139.956665,143.3000031,137.9499969,141.7666626,129383100
08-10-2020,Tesla,146.1466675,146.3333282,141.7666626,141.9733276,121263300
09-10-2020,Tesla,143.3766632,144.863327,142.1533356,144.6666718,86777100
12-10-2020,Tesla,147.3333282,149.5800018,146.1933289,147.4333344,116373300
13-10-2020,Tesla,147.7833405,149.6300049,145.5333405,148.8833313,103391100
14-10-2020,Tesla,149.9266663,155.3000031,149.1166687,153.7666626,143639100
15-10-2020,Tesla,150.1033325,152.1900024,147.5,149.6266632,107017200
16-10-2020,Tesla,151.4799957,151.9833374,146.2833405,146.5566711,98327700
19-10-2020,Tesla,148.7466736,149,142.956665,143.6100006,108863400
20-10-2020,Tesla,143.9166718,143.9166718,139.6833344,140.6466675,94968900
21-10-2020,Tesla,140.8999939,144.3166656,140.4166718,140.8800049,97111500
22-10-2020,Tesla,147.3066711,148.4100037,141.5033264,141.9299927,119979600
23-10-2020,Tesla,140.613327,140.9633331,135.793335,140.2100067,101151000
26-10-2020,Tesla,137.2100067,141.9199982,136.6666718,140.093338,84717600
27-10-2020,Tesla,141.2533264,143.5,140.0333405,141.5599976,68059500
28-10-2020,Tesla,138.8266602,139.5333405,135.3333282,135.3399963,76354200
29-10-2020,Tesla,136.6533356,139.3533325,135.4866638,136.9433289,67965900
30-10-2020,Tesla,135.6333313,135.863327,126.3700027,129.3466644,127533900
02-11-2020,Tesla,131.3333282,135.6600037,130.7666626,133.5033264,87063300
03-11-2020,Tesla,136.5766602,142.5899963,135.5633392,141.3000031,103055100
04-11-2020,Tesla,143.5399933,145.1333313,139.0333405,140.3266602,96429300
05-11-2020,Tesla,142.7666626,146.6666718,141.3333282,146.0299988,85243500
06-11-2020,Tesla,145.3666687,145.5233307,141.4266663,143.3166656,65118000
09-11-2020,Tesla,146.5,150.8333282,140.3333282,140.4199982,104499000
10-11-2020,Tesla,140.0299988,140.0299988,132.0099945,136.7866669,90852600
11-11-2020,Tesla,138.8166656,139.5666656,136.8600006,139.043335,52073100
12-11-2020,Tesla,138.3500061,141,136.5066681,137.2533264,59565300
13-11-2020,Tesla,136.9499969,137.5099945,133.886673,136.1666718,59313300
16-11-2020,Tesla,136.3099976,137.4833374,134.6966705,136.0299988,80515800
17-11-2020,Tesla,153.3899994,154,144.3366699,147.2033386,183564900
18-11-2020,Tesla,149.4499969,165.3333282,147.8333282,162.2133331,234132000
19-11-2020,Tesla,164,169.5366669,162.5233307,166.4233398,187425900
20-11-2020,Tesla,165.9966736,167.5,163.0200043,163.2033386,98735700
23-11-2020,Tesla,167.8333282,175.3333282,167.2633362,173.9499969,150780900
24-11-2020,Tesla,180.1333313,186.6633301,175.3999939,185.1266632,160945500
25-11-2020,Tesla,183.3533325,191.3333282,181.7899933,191.3333282,146790600
27-11-2020,Tesla,193.7200012,199.593338,192.8166656,195.2533264,112683300
30-11-2020,Tesla,200.7366638,202.6000061,184.8366699,189.1999969,189009300
01-12-2020,Tesla,199.1966705,199.2833405,190.6833344,194.9199982,120310500
02-12-2020,Tesla,185.4799957,190.5133362,180.4033356,189.6066742,143327100
03-12-2020,Tesla,196.6733398,199.656662,194.1433258,197.793335,127656000
04-12-2020,Tesla,197.0033264,199.6799927,195.1666718,199.6799927,88203900
07-12-2020,Tesla,201.6399994,216.2633362,201.0166626,213.9199982,168929100
08-12-2020,Tesla,208.5033264,217.093338,206.1666718,216.6266632,192795000
09-12-2020,Tesla,217.8966675,218.1066742,196,201.4933319,213873600
10-12-2020,Tesla,191.456665,209.25,188.7799988,209.0233307,201249600
11-12-2020,Tesla,205.0033264,208,198.9333344,203.3300018,139425000
14-12-2020,Tesla,206.3333282,214.25,203.3999939,213.2766724,156121800
15-12-2020,Tesla,214.4266663,215.6333313,207.9333344,211.0833282,135214500
16-12-2020,Tesla,209.4100037,210.8333282,201.6666718,207.5899963,126287400
17-12-2020,Tesla,209.3966675,219.6066742,206.5,218.6333313,168810300
18-12-2020,Tesla,222.9666595,231.6666718,209.5133362,231.6666718,666378600
21-12-2020,Tesla,222.0800018,222.8333282,215.3566742,216.6199951,174135900
22-12-2020,Tesla,216,216.6266632,204.7433319,213.4466705,155148000
23-12-2020,Tesla,210.7333374,217.1666718,207.5233307,215.3266602,99519000
24-12-2020,Tesla,214.3300018,222.0299988,213.6666718,220.5899963,68596800
28-12-2020,Tesla,224.8366699,227.1333313,220.2666626,221.2299957,96835800
29-12-2020,Tesla,220.3333282,223.3000031,218.3333282,221.9966736,68732400
30-12-2020,Tesla,224,232.1999969,222.7866669,231.593338,128538000
31-12-2020,Tesla,233.3300018,239.5733337,230.3733368,235.2233276,148949700
04-01-2021,Tesla,239.8200073,248.1633301,239.0633392,243.2566681,145914600
05-01-2021,Tesla,241.2200012,246.9466705,239.7333374,245.0366669,96735600
06-01-2021,Tesla,252.8300018,258,249.6999969,251.9933319,134100000
07-01-2021,Tesla,259.2099915,272.3299866,258.3999939,272.0133362,154496700
08-01-2021,Tesla,285.3333435,294.8299866,279.4633179,293.3399963,225166500
11-01-2021,Tesla,283.1333313,284.8099976,267.8733215,270.3966675,177904800
12-01-2021,Tesla,277,289.3333435,275.7799988,283.1466675,138812100
13-01-2021,Tesla,284.2533264,286.8233337,277.3333435,284.8033447,99937500
14-01-2021,Tesla,281.1300049,287.6666565,279.5833435,281.6666565,93798900
15-01-2021,Tesla,284,286.6333313,273.0333252,275.3866577,116332800
19-01-2021,Tesla,279.2666626,283.3333435,277.6666565,281.5166626,76101000
20-01-2021,Tesla,286.2466736,286.5,279.0933228,283.4833374,76997700
21-01-2021,Tesla,285,285.2399902,280.4733276,281.6633301,61563300
22-01-2021,Tesla,278.1033325,282.6666565,276.206665,282.2133179,60199500
25-01-2021,Tesla,285,300.1333313,279.6066589,293.6000061,123520200
26-01-2021,Tesla,297.1266785,298.6333313,290.5333252,294.3633423,69394800
27-01-2021,Tesla,290.1166687,297.1666565,286.2200012,288.0533447,82002000
28-01-2021,Tesla,273.3333435,282.6666565,267,278.4766541,79134000
29-01-2021,Tesla,276.6666565,280.8033447,260.0333252,264.5100098,104972400
01-02-2021,Tesla,271.4299927,280.6666565,265.186676,279.936676,76174200
02-02-2021,Tesla,281.5599976,293.5,280.7333374,290.9299927,73038600
03-02-2021,Tesla,292.3399963,292.6933289,284.3533325,284.8966675,55030500
04-02-2021,Tesla,285,285.5,277.8066711,283.3299866,47438100
05-02-2021,Tesla,281.6666565,288.2566528,279.6566772,284.0766602,55699800
08-02-2021,Tesla,289.8900146,292.5899963,284.9166565,287.8066711,60485100
09-02-2021,Tesla,285.0400085,286.6000061,280.5833435,283.1533203,45473100
10-02-2021,Tesla,281.2133179,281.6066589,266.6733398,268.2733459,108648300
11-02-2021,Tesla,270.813324,276.6266785,267.2433472,270.5533447,64868400
12-02-2021,Tesla,267.0866699,272.4433289,261.7766724,272.0400085,71304900
16-02-2021,Tesla,272.6666565,273.6666565,264.1466675,265.4066772,59406900
17-02-2021,Tesla,259.6966553,266.6133423,254.0033264,266.0499878,77989500
18-02-2021,Tesla,260.2999878,264.8966675,258.7566528,262.4599915,53871300
19-02-2021,Tesla,265,265.5966797,259.1233215,260.4333191,56874900
22-02-2021,Tesla,254.2133331,256.1666565,236.7333374,238.1666718,111809100
23-02-2021,Tesla,220.7100067,237.8699951,206.3333282,232.9466705,199820700
24-02-2021,Tesla,237.2833405,248.3333282,231.3899994,247.3399963,110301000
25-02-2021,Tesla,242.0500031,245.7366638,223.5266724,227.406662,117071700
26-02-2021,Tesla,233.3333282,235.5666656,219.8366699,225.1666718,123267600
01-03-2021,Tesla,230.0366669,239.6666718,228.3500061,239.4766693,81408600
02-03-2021,Tesla,239.4266663,240.3699951,228.3333282,228.8133392,71196600
03-03-2021,Tesla,229.3300018,233.5666656,217.2366638,217.7333374,90624000
04-03-2021,Tesla,218.6000061,222.8166656,200,207.1466675,197758500
05-03-2021,Tesla,208.6866608,209.2799988,179.8300018,199.3166656,268189500
08-03-2021,Tesla,200.1833344,206.7100067,186.2633362,187.6666718,155361000
09-03-2021,Tesla,202.7266693,226.0299988,198.4033356,224.5266724,202569900
10-03-2021,Tesla,233.4333344,239.2833405,218.3533325,222.6866608,181817100
11-03-2021,Tesla,233.1333313,234.1666718,225.7266693,233.1999969,108761700
12-03-2021,Tesla,223.3333282,231.6266632,222.0466614,231.2433319,100751400
15-03-2021,Tesla,231.363327,237.7266693,228.0133362,235.9799957,88006800
16-03-2021,Tesla,234.4499969,235.9733276,223.6666718,225.6266632,96587100
17-03-2021,Tesla,218.956665,234.5766602,217.0033264,233.9366608,121117500
18-03-2021,Tesla,228.0966644,229.7433319,217.3333282,217.7200012,99674400
19-03-2021,Tesla,215.5333405,219.0766602,208.206665,218.2899933,128682000
22-03-2021,Tesla,228.1966705,233.206665,222.9166718,223.3333282,118536600
23-03-2021,Tesla,225.2566681,225.9333344,219.1699982,220.7200012,91475700
24-03-2021,Tesla,222.636673,222.6733398,210.0366669,210.0899963,101385600
25-03-2021,Tesla,204.3333282,215.1666718,203.1666718,213.4633331,117674700
26-03-2021,Tesla,213.956665,214.6066742,199.9633331,206.2366638,101558400
29-03-2021,Tesla,205.2133331,205.4933319,198.6733398,203.7633362,85911000
30-03-2021,Tesla,200.5833282,212.5533295,197.0033264,211.8733368,118297200
31-03-2021,Tesla,215.5399933,224,213.7033386,222.6433258,100011900
01-04-2021,Tesla,229.456665,230.8066711,219.8066711,220.5833282,105895200
05-04-2021,Tesla,235.9033356,236.0533295,228.2333374,230.3500061,125528400
06-04-2021,Tesla,230.1000061,232.1833344,227.1233368,230.5399933,84815400
07-04-2021,Tesla,229,230.4600067,222.613327,223.656662,78928200
08-04-2021,Tesla,225.793335,229.8500061,223.8833313,227.9333344,71772900
09-04-2021,Tesla,225.9233398,226.9900055,223.1433258,225.6733398,64311300
12-04-2021,Tesla,228.5666656,234.9333344,227.363327,233.9933319,87407100
13-04-2021,Tesla,237.5666656,254.3333282,236.886673,254.1066742,133958400
14-04-2021,Tesla,256.8999939,260.2633362,242.6766663,244.0766602,147052200
15-04-2021,Tesla,247.6999969,247.8966675,240.4366608,246.2833405,83546700
16-04-2021,Tesla,242.8833313,249.8033295,241.5333405,246.593338,83938500
19-04-2021,Tesla,239.8666687,241.8000031,230.6000061,238.2100067,119058600
20-04-2021,Tesla,239.1399994,245.75,236.8966675,239.6633301,106827000
21-04-2021,Tesla,234.9233398,248.2799988,232.6666718,248.0399933,93646500
22-04-2021,Tesla,247.1666718,251.2566681,239.3466644,239.8966675,106770900
23-04-2021,Tesla,239.9333344,245.7866669,238.4866638,243.1333313,85110000
26-04-2021,Tesla,247,249.7666626,244.2033386,246.0666656,93115500
27-04-2021,Tesla,239.3200073,241.3333282,234.4499969,234.9133301,88311000
28-04-2021,Tesla,232.136673,236.1666718,231.1999969,231.4666595,66813000
29-04-2021,Tesla,233.1699982,234.0833282,222.8333282,225.6666718,86536200
30-04-2021,Tesla,222.5299988,238.4900055,222.0466614,236.4799957,122276100
03-05-2021,Tesla,234.6000061,235.3333282,226.8333282,228.3000031,81129300
04-05-2021,Tesla,226.3133392,227.8166656,219.2333374,224.5333405,89217900
05-05-2021,Tesla,227.0200043,228.4333344,222.4466705,223.6466675,65705700
06-05-2021,Tesla,226.9199982,227.0066681,216.6666718,221.1799927,83353800
07-05-2021,Tesla,221.9333344,230,220.0733337,224.1233368,70407600
10-05-2021,Tesla,221.6333313,221.6833344,209.2033386,209.6799927,94177200
11-05-2021,Tesla,199.7466736,209.0333405,198.5333405,205.7333374,139511700
12-05-2021,Tesla,200.8300018,206.8033295,195.5899963,196.6300049,101470800
13-05-2021,Tesla,200.5133362,202.1533356,186.5500031,190.5633392,132554700
14-05-2021,Tesla,194.4700012,197.6233368,190.1533356,196.5800018,100112700
17-05-2021,Tesla,191.8500061,196.5766602,187.0666656,192.2766724,97171200
18-05-2021,Tesla,189.3333282,198.75,187.793335,192.6233368,110491800
19-05-2021,Tesla,184.1833344,188.7366638,182.3266602,187.8200073,118735200
20-05-2021,Tesla,191.6666718,196.2833405,190.3566742,195.593338,92463300
21-05-2021,Tesla,198.7033386,198.8933258,193.3333282,193.6266632,78091800
24-05-2021,Tesla,193.8666687,204.8266602,191.2166595,202.1466675,103674300
25-05-2021,Tesla,202.4366608,204.6633301,198.5700073,201.5633392,84017700
26-05-2021,Tesla,202.5200043,208.7233276,200.5,206.3766632,85917900
27-05-2021,Tesla,206.7466736,210.3766632,205.4033356,210.2833405,79111800
28-05-2021,Tesla,209.5,211.863327,207.4600067,208.406662,68211000
01-06-2021,Tesla,209.2666626,211.2666626,206.8500061,207.9666595,54254700
02-06-2021,Tesla,206.7100067,207.7866669,199.7133331,201.706665,69908400
03-06-2021,Tesla,200.6000061,201.5166626,190.406662,190.9466705,90335700
04-06-2021,Tesla,193.2366638,200.2033386,192.3999939,199.6833344,72110700
07-06-2021,Tesla,197.2766724,203.3333282,194.293335,201.7100067,67631100
08-06-2021,Tesla,207.6699982,207.6966705,198.5,201.1966705,78160200
09-06-2021,Tesla,200.7233276,203.9299927,199.2100067,199.593338,49753800
10-06-2021,Tesla,201.293335,205.5299988,200.1666718,203.3733368,71758800
11-06-2021,Tesla,203.4100037,204.1866608,200.5066681,203.2966614,48615900
14-06-2021,Tesla,204.0766602,208.4966736,203.0599976,205.8966675,61272000
15-06-2021,Tesla,205.5633392,205.5966644,199.4100037,199.7866669,53292300
16-06-2021,Tesla,199.1799927,202.8333282,197.8333282,201.6233368,66432300
17-06-2021,Tesla,200.6300049,207.156662,200.4466705,205.5333405,68104200
18-06-2021,Tesla,204.456665,209.4499969,203.9333344,207.7700043,73682700
21-06-2021,Tesla,208.1600037,210.4633331,202.9600067,206.9433289,74438100
22-06-2021,Tesla,206.0833282,209.5233307,205.1666718,207.9033356,57476700
23-06-2021,Tesla,210.6666718,219.0666656,210.0133362,218.8566742,93297600
24-06-2021,Tesla,224.9966736,232.5399933,222.5366669,226.6066742,137947200
25-06-2021,Tesla,229.8600006,231.2700043,222.8999939,223.956665,97490100
28-06-2021,Tesla,223.8800049,231.5666656,223.4400024,229.5733337,64884600
29-06-2021,Tesla,228.2166595,229.1699982,225.2966614,226.9199982,52143900
30-06-2021,Tesla,226.5899963,230.9366608,226.0466614,226.5666656,56774700
01-07-2021,Tesla,227.9733276,229.3300018,224.2666626,225.9733276,55903500
02-07-2021,Tesla,226.3266602,233.3333282,224.4199982,226.3000031,81163500
06-07-2021,Tesla,227.2366638,228,217.1333313,219.8600006,69853500
07-07-2021,Tesla,221.4233398,221.8999939,212.7733307,214.8833313,56376000
08-07-2021,Tesla,209.456665,218.1433258,206.8200073,217.6033325,68319900
09-07-2021,Tesla,217.7266693,219.636673,214.8966675,218.9833374,54421500
12-07-2021,Tesla,220.7333374,229.0800018,220.7200012,228.5666656,77781000
13-07-2021,Tesla,228.7733307,231.093338,222.1000061,222.8466644,62898300
14-07-2021,Tesla,223.5833282,226.2033386,217.613327,217.793335,64923600
15-07-2021,Tesla,219.4633331,222.0466614,212.6266632,216.8666687,60628800
16-07-2021,Tesla,218.2266693,218.8999939,214.0666656,214.7400055,49113000
19-07-2021,Tesla,209.9633331,215.7333374,207.0966644,215.406662,63891300
20-07-2021,Tesla,217.3300018,220.7966614,213.5,220.1666718,46461300
21-07-2021,Tesla,219.8699951,221.6199951,216.7633362,218.4299927,41859900
22-07-2021,Tesla,218.8133392,220.7233276,214.8666687,216.4199982,45317100
23-07-2021,Tesla,215.4533386,216.2666626,212.4333344,214.4600067,43814700
26-07-2021,Tesla,216.9900055,222.7333374,215.7033386,219.206665,76009800
27-07-2021,Tesla,221.1333313,222.1666718,209.0800018,214.9266663,98439900
28-07-2021,Tesla,215.6666718,218.3233337,213.1333313,215.6600037,48019800
29-07-2021,Tesla,216.5966644,227.8966675,216.2666626,225.7833405,91183800
30-07-2021,Tesla,223.9199982,232.5099945,223,229.0666656,88969200
02-08-2021,Tesla,233.3333282,242.3133392,232.8000031,236.5566711,100847400
03-08-2021,Tesla,239.6666718,240.8833313,233.6699982,236.5800018,64860900
04-08-2021,Tesla,237,241.6333313,236.3099976,236.9733276,51007800
05-08-2021,Tesla,238.6666718,240.3166656,237.136673,238.2100067,38758800
06-08-2021,Tesla,237.3000031,238.7766724,232.543335,233.0333405,46869000
09-08-2021,Tesla,236.7233276,239.6766663,235.043335,237.9199982,44145900
10-08-2021,Tesla,237.9966736,238.863327,233.9600067,236.6633301,40296900
11-08-2021,Tesla,237.5700073,238.3933258,234.7366638,235.9400024,29401800
12-08-2021,Tesla,235.4466705,240.9333344,233.1333313,240.75,52377300
13-08-2021,Tesla,241.2366638,243.3000031,238.113327,239.0566711,50194500
16-08-2021,Tesla,235.0233307,236.5,225.4666595,228.7233276,68032200
17-08-2021,Tesla,224.2200012,224.8600006,216.2799988,221.9033356,71163900
18-08-2021,Tesla,223.25,231.9233398,223.1166687,229.6633301,61048200
19-08-2021,Tesla,226.0700073,228.8500061,222.5299988,224.4900055,42940500
20-08-2021,Tesla,227.6166687,230.7100067,224.5666656,226.7533264,44525700
23-08-2021,Tesla,228.4799957,237.3766632,226.9166718,235.4333344,60794700
24-08-2021,Tesla,236.8933258,238.406662,234.2133331,236.1633301,39249300
25-08-2021,Tesla,235.6766663,238.9900055,234.6666718,237.0666656,37936800
26-08-2021,Tesla,236.1033325,238.4666595,232.5399933,233.7200012,39642900
27-08-2021,Tesla,235,238.3333282,234.0333405,237.3066711,41501400
30-08-2021,Tesla,238.2400055,243.6666718,237.5766602,243.636673,55812600
31-08-2021,Tesla,244.3333282,246.7966614,242.1466675,245.2400055,62566200
01-09-2021,Tesla,244.6933289,247.3300018,243.7566681,244.6966705,39612900
02-09-2021,Tesla,244.8333282,246.9900055,243.5133362,244.1300049,38331900
03-09-2021,Tesla,244.0833282,244.6666718,241.3999939,244.5233307,45738300
07-09-2021,Tesla,246.6666718,253.3999939,246.4199982,250.9733276,60119400
08-09-2021,Tesla,253.8600006,254.8166656,246.9233398,251.2899933,56379000
09-09-2021,Tesla,251.136673,254.0333405,250.543335,251.6199951,42233100
10-09-2021,Tesla,253.1999969,254.2033386,244.8399963,245.4233398,45552600
13-09-2021,Tesla,246.7366638,248.2599945,236.2833405,247.6666718,68857500
14-09-2021,Tesla,247.5233307,251.4900055,245.4666595,248.1633301,55574700
15-09-2021,Tesla,248.3333282,252.2866669,246.1199951,251.9433289,46073100
16-09-2021,Tesla,250.9433289,252.9700012,249.2033386,252.3300018,41770200
17-09-2021,Tesla,252.3833313,253.6799927,250,253.1633301,84612600
20-09-2021,Tesla,244.8533325,247.3333282,239.5399933,243.3899994,74273100
21-09-2021,Tesla,244.9299927,248.2466736,243.4799957,246.4600067,48992100
22-09-2021,Tesla,247.843338,251.2233276,246.3733368,250.6466675,45378900
23-09-2021,Tesla,251.6666718,252.7333374,249.3066711,251.2133331,35842500
24-09-2021,Tesla,248.6300049,258.2666626,248.1866608,258.1300049,64119000
27-09-2021,Tesla,257.706665,266.3333435,256.436676,263.7866821,84212100
28-09-2021,Tesla,262.3999939,265.2133179,255.3933258,259.186676,76144200
29-09-2021,Tesla,259.9333191,264.5,256.8933411,260.436676,62828700
30-09-2021,Tesla,260.3333435,263.043335,258.3333435,258.4933472,53868000
01-10-2021,Tesla,259.4666748,260.2600098,254.5299988,258.4066772,51094200
04-10-2021,Tesla,265.5,268.9899902,258.706665,260.5100098,91449900
05-10-2021,Tesla,261.6000061,265.769989,258.0666809,260.1966553,55297800
06-10-2021,Tesla,258.7333374,262.2200012,257.7399902,260.9166565,43898400
07-10-2021,Tesla,261.8200073,268.3333435,261.1266785,264.5366821,57587400
08-10-2021,Tesla,265.4033203,265.4599915,260.3033447,261.8299866,50215800
11-10-2021,Tesla,262.5499878,267.0799866,261.8333435,263.980011,42600900
12-10-2021,Tesla,266.9766541,270.7733459,265.5233459,268.5733337,66060000
13-10-2021,Tesla,270.1566772,271.8033447,268.5933228,270.3599854,42360300
14-10-2021,Tesla,271.8299866,273.4166565,271.1166687,272.7733459,36741600
15-10-2021,Tesla,274.5799866,281.0700073,274.1166687,281.0100098,56773800
18-10-2021,Tesla,283.9299927,291.7533264,283.8233337,290.0366821,72621600
19-10-2021,Tesla,292.5100098,292.6499939,287.5033264,288.0899963,52143300
20-10-2021,Tesla,288.4500122,289.8299866,285.793335,288.6000061,42096300
21-10-2021,Tesla,285.3333435,300,285.1666565,298,94444500
22-10-2021,Tesla,298.5,303.3333435,296.9866638,303.2266541,68642400
25-10-2021,Tesla,316.8433228,348.3399963,314.7333374,341.6199951,188556300
26-10-2021,Tesla,341.563324,364.980011,333.813324,339.4766541,187245000
27-10-2021,Tesla,346.5533447,356.9599915,343.5933228,345.9533386,115579500
28-10-2021,Tesla,356.1033325,360.3333435,351.3999939,359.0133362,81639600
29-10-2021,Tesla,360.6199951,371.7366638,357.7366638,371.3333435,89755200
01-11-2021,Tesla,381.6666565,403.25,372.8866577,402.8633423,168146100
02-11-2021,Tesla,386.4533386,402.8633423,382,390.6666565,128213400
03-11-2021,Tesla,392.4433289,405.1300049,384.206665,404.6199951,103885500
04-11-2021,Tesla,411.4700012,414.4966736,405.6666565,409.9700012,76192200
05-11-2021,Tesla,409.3333435,413.2900085,402.6666565,407.3633423,64886400
08-11-2021,Tesla,383.2633362,399,377.6666565,387.6466675,100337100
09-11-2021,Tesla,391.2000122,391.5,337.1733398,341.1666565,177317400
10-11-2021,Tesla,336.8033447,359.3666687,329.1033325,355.9833374,128408100
11-11-2021,Tesla,367.5899963,368.3233337,351.5599976,354.5033264,67189800
12-11-2021,Tesla,349.1666565,351.5,339.7333374,344.4733276,76719300
15-11-2021,Tesla,339.2099915,343.9933472,326.2000122,337.7966614,104326800
16-11-2021,Tesla,334.436676,352.3999939,334.0599976,351.5766602,79627200
17-11-2021,Tesla,354.5033264,373.2133179,351.8333435,363.0033264,94336200
18-11-2021,Tesla,368.8500061,370.6666565,358.3399963,365.4599915,62696700
19-11-2021,Tesla,366.2900085,379.5733337,364.2333374,379.019989,64926900
22-11-2021,Tesla,387.4433289,400.6499939,377.4766541,385.6233215,99217500
23-11-2021,Tesla,389.1700134,393.5,354.2333374,369.6766663,108515100
24-11-2021,Tesla,360.1300049,377.5899963,354,372,67680600
26-11-2021,Tesla,366.4899902,369.5933228,360.3333435,360.6400146,35042700
29-11-2021,Tesla,366.9966736,380.8900146,366.730011,378.9966736,58393500
30-11-2021,Tesla,381.456665,389.3333435,372.6666565,381.5866699,81276000
01-12-2021,Tesla,386.8999939,390.9466553,363.5866699,365,68450400
02-12-2021,Tesla,366.3533325,371,352.2166748,361.5333252,73114800
03-12-2021,Tesla,361.5966797,363.5266724,333.4033203,338.3233337,92322000
06-12-2021,Tesla,333.8366699,340.5466614,316.8333435,336.3366699,81663000
07-12-2021,Tesla,348.0666809,352.5566711,342.269989,350.5833435,56084700
08-12-2021,Tesla,350.9033203,357.4599915,344.3333435,356.3200073,41906400
09-12-2021,Tesla,353.5466614,354.1633301,334.1199951,334.6000061,59438400
10-12-2021,Tesla,336.25,340.3266602,327.5100098,339.0100098,59664300
13-12-2021,Tesla,333.6966553,335,317.1400146,322.1366577,78595500
14-12-2021,Tesla,315,322.1366577,310,319.5033264,70806300
15-12-2021,Tesla,317.7366638,326.25,309.4166565,325.3299866,75169200
16-12-2021,Tesla,331.5,331.6600037,307.2833252,308.9733276,82771500
17-12-2021,Tesla,304.9233398,320.2200012,303.0133362,310.8566589,100437300
20-12-2021,Tesla,303.5666809,307.230011,297.7966614,299.980011,56480100
21-12-2021,Tesla,305.6233215,313.1666565,295.3733215,312.8433228,71517900
22-12-2021,Tesla,321.8866577,338.5533447,319.0166626,336.2900085,93634200
23-12-2021,Tesla,335.6000061,357.6600037,332.519989,355.6666565,92713200
27-12-2021,Tesla,357.8900146,372.3333435,356.9066772,364.6466675,71145900
28-12-2021,Tesla,369.8299866,373,359.4733276,362.8233337,60324000
29-12-2021,Tesla,366.2133179,368,354.7133179,362.063324,56154000
30-12-2021,Tesla,353.7766724,365.1833191,351.0499878,356.7799988,47040900
31-12-2021,Tesla,357.813324,360.6666565,351.5299988,352.2600098,40733700
03-01-2022,Tesla,382.5833435,400.3566589,378.6799927,399.9266663,103931400
04-01-2022,Tesla,396.5166626,402.6666565,374.3500061,383.1966553,100248300
05-01-2022,Tesla,382.2166748,390.1133423,360.3366699,362.706665,80119800
06-01-2022,Tesla,359,362.6666565,340.1666565,354.8999939,90336600
07-01-2022,Tesla,360.1233215,360.3099976,336.6666565,342.3200073,84164700
10-01-2022,Tesla,333.3333435,353.0333252,326.6666565,352.706665,91815000
11-01-2022,Tesla,351.2233276,358.6166687,346.2733459,354.7999878,66063300
12-01-2022,Tesla,359.6166687,371.6133423,357.5299988,368.7399902,83739000
13-01-2022,Tesla,369.6900024,371.8666687,342.1799927,343.8533325,97209900
14-01-2022,Tesla,339.9599915,350.6666565,337.793335,349.8699951,72924300
18-01-2022,Tesla,342.2033386,356.9299927,338.686676,343.5033264,66743400
19-01-2022,Tesla,347.2366638,351.5566711,331.6666565,331.8833313,75442500
20-01-2022,Tesla,336.5766602,347.2200012,331.3333435,332.0899963,70488600
21-01-2022,Tesla,332.1133423,334.8500061,313.5,314.6333313,103416000
24-01-2022,Tesla,301.5866699,311.1700134,283.8233337,310,151565700
25-01-2022,Tesla,304.7333374,317.0866699,301.0700073,306.1333313,86595900
26-01-2022,Tesla,317.4766541,329.230011,302,312.4700012,104867400
27-01-2022,Tesla,311.1199951,311.7966614,276.3333435,276.3666687,147109500
28-01-2022,Tesla,277.186676,285.8333435,264.0033264,282.1166687,134789100
31-01-2022,Tesla,290.9033203,312.6633301,287.3500061,312.2399902,104436000
01-02-2022,Tesla,311.7366638,314.5666809,301.6666565,310.4166565,73138200
02-02-2022,Tesla,309.3933411,310.5,296.4700012,301.8866577,66792900
03-02-2022,Tesla,294,312.3333435,293.5066528,297.0466614,78855600
04-02-2022,Tesla,299.0733337,312.1666565,293.7233276,307.7733459,73625400
07-02-2022,Tesla,307.9299927,315.9233398,300.9033203,302.4466553,60994500
08-02-2022,Tesla,301.8433228,308.7633362,298.2666626,307.3333435,50729100
09-02-2022,Tesla,311.6666565,315.4233398,306.6666565,310.6666565,52259400
10-02-2022,Tesla,302.7900085,314.6033325,298.8999939,301.5166626,66126900
11-02-2022,Tesla,303.2099915,305.3200073,283.5666809,286.6666565,79645800
14-02-2022,Tesla,287.1900024,299.6266785,284.3833313,291.9200134,67756500
15-02-2022,Tesla,300,307.6666565,297.793335,307.4766541,57286200
16-02-2022,Tesla,304.6833191,308.8099976,300.4033203,307.7966614,51294300
17-02-2022,Tesla,304.4200134,306.1666565,291.3666687,292.1166687,55178400
18-02-2022,Tesla,295.3333435,295.6233215,279.2033386,285.6600037,68501700
22-02-2022,Tesla,278.043335,285.5766602,267.0333252,273.8433228,83288100
23-02-2022,Tesla,276.8099976,278.4333191,253.5200043,254.6799927,95256900
24-02-2022,Tesla,233.4633331,267.4933472,233.3333282,266.9233398,135322200
25-02-2022,Tesla,269.7433472,273.1666565,260.7999878,269.956665,76067700
28-02-2022,Tesla,271.6700134,292.2866821,271.5700073,290.1433411,99006900
01-03-2022,Tesla,289.8933411,296.6266785,284.5933228,288.1233215,74766900
02-03-2022,Tesla,290.7099915,295.4933472,281.4233398,293.2966614,74643300
03-03-2022,Tesla,292.9233398,295.480011,277.5333252,279.7633362,61623600
04-03-2022,Tesla,283.0333252,285.2166748,275.0533447,279.4299927,66999600
07-03-2022,Tesla,285.4333191,288.7133179,268.1900024,268.1933289,72494100
08-03-2022,Tesla,265.1766663,283.3299866,260.7233276,274.7999878,80399100
09-03-2022,Tesla,279.8266602,286.8533325,277.3366699,286.3233337,59184000
10-03-2022,Tesla,283.8166809,284.8166809,270.1199951,279.4333191,58648500
11-03-2022,Tesla,280.0666809,281.2666626,264.5899963,265.1166687,67037100
14-03-2022,Tesla,260.2033386,266.8999939,252.0133362,255.456665,71152200
15-03-2022,Tesla,258.4233398,268.5233459,252.1900024,267.2966614,66841200
16-03-2022,Tesla,269.6666565,280.6666565,267.4200134,280.0766602,84028800
17-03-2022,Tesla,276.9966736,291.6666565,275.2399902,290.5333252,66582900
18-03-2022,Tesla,291.4966736,302.6166687,289.1300049,301.7966614,100414200
21-03-2022,Tesla,304.9933472,314.2833252,302.3633423,307.0533447,81981600
22-03-2022,Tesla,310,332.6199951,307.25,331.3266602,105868500
23-03-2022,Tesla,326.6466675,346.8999939,325.4666748,333.0366821,120676200
24-03-2022,Tesla,336.5766602,341.4966736,329.6000061,337.9733276,68920800
25-03-2022,Tesla,336,340.6000061,332.4400024,336.8800049,62031600
28-03-2022,Tesla,355.0333252,365.9599915,351.2000122,363.9466553,102506100
29-03-2022,Tesla,369.3299866,371.5899963,357.7033386,366.5233459,73614900
30-03-2022,Tesla,363.7233276,371.3166809,361.3333435,364.6633301,59865000
31-03-2022,Tesla,364.8566589,367.7133179,358.8800049,359.2000122,48992700
01-04-2022,Tesla,360.3833313,364.9166565,355.5466614,361.5299988,54263100
04-04-2022,Tesla,363.1266785,383.3033447,357.5100098,381.8166809,82035900
05-04-2022,Tesla,378.7666626,384.2900085,362.4333191,363.7533264,80075100
06-04-2022,Tesla,357.8233337,359.6666565,342.5666809,348.5866699,89348400
07-04-2022,Tesla,350.7966614,358.8633423,340.5133362,352.4200134,79447200
08-04-2022,Tesla,347.7366638,349.480011,340.813324,341.8299866,55013700
11-04-2022,Tesla,326.7999878,336.1566772,324.8800049,325.3099976,59357100
12-04-2022,Tesla,332.5466614,340.3966675,325.5333252,328.9833374,65976000
13-04-2022,Tesla,327.0266724,342.0799866,324.3666687,340.7900085,55121100
14-04-2022,Tesla,333.0966797,337.5700073,327.3966675,328.3333435,58422300
18-04-2022,Tesla,329.6766663,338.3066711,324.4700012,334.7633362,51715200
19-04-2022,Tesla,335.019989,344.980011,331.7766724,342.7166748,49847700
20-04-2022,Tesla,343.3333435,344.6666565,325.0833435,325.7333374,70711200
21-04-2022,Tesla,358.2433472,364.0733337,332.1400146,336.2600098,105416400
22-04-2022,Tesla,338.3033447,344.9500122,331.3333435,335.0166626,69696600
25-04-2022,Tesla,326.3233337,336.206665,325.1000061,332.6733398,68341200
26-04-2022,Tesla,331.8099976,333.3333435,291.6666565,292.1400146,136133700
27-04-2022,Tesla,299.5266724,306,292.4533386,293.8366699,76956300
28-04-2022,Tesla,299.9933472,300,273.8999939,292.5033264,124948500
29-04-2022,Tesla,300.75,311.4666748,290,290.2533264,88133100
02-05-2022,Tesla,286.9233398,302.1199951,282.6766663,300.980011,75781500
03-05-2022,Tesla,301.0599976,308.0266724,296.1966553,303.0833435,63709500
04-05-2022,Tesla,301.313324,318.5,295.0933228,317.5400085,81643800
05-05-2022,Tesla,313.0066528,315.2000122,285.8999939,291.0933228,92519100
06-05-2022,Tesla,295.6666565,296,281.0366821,288.5499878,72903000
09-05-2022,Tesla,278.8166809,281.8766785,260.3833313,262.3699951,90810300
10-05-2022,Tesla,273.1033325,275.1199951,258.0833435,266.6799927,84401700
11-05-2022,Tesla,265,269.9233398,242.3999939,244.6666718,97224600
12-05-2022,Tesla,233.6666718,253.2200012,226.6666718,242.6666718,140313000
13-05-2022,Tesla,257.8266602,262.4500122,250.5233307,256.5299988,92150700
16-05-2022,Tesla,255.7200012,256.5866699,239.6966705,241.456665,86098500
17-05-2022,Tesla,249.1199951,254.8266602,242.9499969,253.8699951,80236200
18-05-2022,Tesla,248.1733398,253.5,233.6033325,236.6033325,87811800
19-05-2022,Tesla,235.6666718,244.6666718,231.3699951,236.4733276,90296700
20-05-2022,Tesla,237.9966736,240.5266724,211,221.3000031,144973200
23-05-2022,Tesla,218.3399963,226.6533356,212.6866608,224.9666595,88903500
24-05-2022,Tesla,217.843338,217.9733276,206.8566742,209.386673,89092500
25-05-2022,Tesla,207.9499969,223.1066742,207.6699982,219.6000061,92139300
26-05-2022,Tesla,220.4733276,239.5566711,217.886673,235.9100037,106003200
27-05-2022,Tesla,241.0833282,253.2666626,240.1766663,253.2100067,89295000
31-05-2022,Tesla,257.9466553,259.6000061,244.7433319,252.7533264,101914500
01-06-2022,Tesla,251.7200012,257.3266602,243.6399994,246.7899933,77247900
02-06-2022,Tesla,244.156662,264.2099915,242.0666656,258.3333435,93473100
03-06-2022,Tesla,243.2266693,247.7966614,233.4166718,234.5166626,112393800
06-06-2022,Tesla,244.3533325,244.8666687,234.3500061,238.2799988,84204600
07-06-2022,Tesla,234,239.9966736,230.093338,238.886673,72808500
08-06-2022,Tesla,240.0866699,249.9633331,239.1766663,241.8666687,76210500
09-06-2022,Tesla,249.3399963,255.5466614,239.3266602,239.706665,96491400
10-06-2022,Tesla,235.156662,239.5,227.9133301,232.2299957,97536600
13-06-2022,Tesla,223.1666718,226.6333313,214.6833344,215.7366638,102767400
14-06-2022,Tesla,218.2866669,226.3300018,211.7366638,220.8899994,97988700
15-06-2022,Tesla,220.9166718,235.6633301,218.1499939,233,119131800
16-06-2022,Tesla,222.7366638,225.1666718,208.6933289,213.1000061,107390700
17-06-2022,Tesla,213.4333344,220.9700012,213.1966705,216.7599945,92641800
21-06-2022,Tesla,224.6033325,243.5766602,224.3333282,237.0366669,122793000
22-06-2022,Tesla,234.5033264,246.8333282,233.8266602,236.0866699,101107500
23-06-2022,Tesla,237.906662,239.3166656,228.636673,235.0700073,104202600
24-06-2022,Tesla,237.4700012,246.0666656,236.0866699,245.706665,95770800
27-06-2022,Tesla,249.3666687,252.0700073,242.5666656,244.9199982,89178300
28-06-2022,Tesla,244.4833374,249.9700012,232.343338,232.6633301,90391200
29-06-2022,Tesla,230.5,231.1733398,222.2733307,228.4900055,82897200
30-06-2022,Tesla,224.5099945,229.456665,218.863327,224.4733276,94600500
01-07-2022,Tesla,227,230.2299957,222.1199951,227.2633362,74460300
05-07-2022,Tesla,223,233.1466675,216.1666718,233.0666656,84581100
06-07-2022,Tesla,230.7799988,234.5633392,227.1866608,231.7333374,71853600
07-07-2022,Tesla,233.9199982,245.363327,232.2100067,244.543335,81930600
08-07-2022,Tesla,242.3333282,254.9799957,241.1600037,250.7633362,101854200
11-07-2022,Tesla,252.1033325,253.0633392,233.6266632,234.343338,99241200
12-07-2022,Tesla,236.8466644,239.7733307,228.3699951,233.0700073,87930900
13-07-2022,Tesla,225.5,242.0599976,225.0333405,237.0399933,97954500
14-07-2022,Tesla,234.8966675,238.6533356,229.3333282,238.3133392,78557400
15-07-2022,Tesla,240,243.6233368,236.8899994,240.0666656,69683100
18-07-2022,Tesla,244.9366608,250.5166626,239.6033325,240.5466614,82537500
19-07-2022,Tesla,245,247.1399994,236.9766693,245.5299988,80890200
20-07-2022,Tesla,246.7833405,250.6633301,243.4833374,247.5,88864200
21-07-2022,Tesla,255.1066742,273.2666626,254.8666687,271.706665,142032300
22-07-2022,Tesla,276.2200012,280.7866821,270.7133179,272.2433472,103472700
25-07-2022,Tesla,272.2166748,274.1466675,267.3999939,268.4333191,64073400
26-07-2022,Tesla,266.5133362,267.3099976,256.2633362,258.8599854,66820800
27-07-2022,Tesla,263.8099976,275.9266663,261.7900085,274.8200073,88110000
28-07-2022,Tesla,280.0666809,283.2999878,272.7999878,280.8999939,84723000
29-07-2022,Tesla,280.7000122,298.3200073,279.1000061,297.1499939,95313000
01-08-2022,Tesla,301.2766724,311.8766785,295,297.2766724,117042900
02-08-2022,Tesla,294.0033264,307.8333435,292.6666565,300.5866699,95577600
03-08-2022,Tesla,305,309.5499878,301.1499939,307.3966675,80091000
04-08-2022,Tesla,311,313.6066589,305,308.6333313,72256200
05-08-2022,Tesla,302.6700134,304.6066589,285.543335,288.1700134,113172900
08-08-2022,Tesla,295,305.2000122,289.0866699,290.4233398,98994000
09-08-2022,Tesla,290.293335,292.3966675,279.3533325,283.3333435,86244600
10-08-2022,Tesla,297.0666809,297.5100098,283.3699951,294.3566589,94918800
11-08-2022,Tesla,296.5133362,298.2366638,285.8333435,286.6300049,70155000
12-08-2022,Tesla,289.4166565,300.1600037,285.0333252,300.0299988,79657200
15-08-2022,Tesla,301.7866821,313.1333313,301.230011,309.3200073,89359200
16-08-2022,Tesla,311.6666565,314.6666565,302.8833313,306.563324,88136400
17-08-2022,Tesla,303.3966675,309.6566772,300.0333252,303.9966736,68766000
18-08-2022,Tesla,306,306.5,301.8533325,302.8699951,47500500
19-08-2022,Tesla,299,300.3599854,292.5,296.6666565,61395300
22-08-2022,Tesla,291.9133301,292.3999939,286.2966614,289.9133301,55843200
23-08-2022,Tesla,291.4533386,298.8266602,287.9233398,296.4533386,63984900
24-08-2022,Tesla,297.563324,303.6466675,296.5,297.0966797,57259800
25-08-2022,Tesla,302.3599854,302.9599915,291.6000061,296.0700073,53230000
26-08-2022,Tesla,297.4299927,302,287.4700012,288.0899963,57163900
29-08-2022,Tesla,282.8299866,287.7399902,280.7000122,284.8200073,41864700
30-08-2022,Tesla,287.8699951,288.480011,272.6499939,277.7000122,50541800
31-08-2022,Tesla,280.6199951,281.25,271.8099976,275.6099854,52107300
01-09-2022,Tesla,272.5799866,277.5799866,266.1499939,277.1600037,54287000
02-09-2022,Tesla,281.0700073,282.3500061,269.0799866,270.2099915,50890100
06-09-2022,Tesla,272.6799927,275.9899902,265.7399902,274.4200134,55860000
07-09-2022,Tesla,273.1000061,283.8399963,272.269989,283.7000122,50028900
08-09-2022,Tesla,281.2999878,289.5,279.7600098,289.2600098,53713100
09-09-2022,Tesla,291.6700134,299.8500061,291.25,299.6799927,54338100
12-09-2022,Tesla,300.7200012,305.4899902,300.3999939,304.4200134,48674600
13-09-2022,Tesla,292.8999939,297.3999939,290.3999939,292.1300049,68229600
14-09-2022,Tesla,292.2399902,306,291.6400146,302.6099854,72628700
15-09-2022,Tesla,301.8299866,309.1199951,300.7200012,303.75,64795500
16-09-2022,Tesla,299.6099854,303.7099915,295.6000061,303.3500061,87087800
19-09-2022,Tesla,300.0899963,309.8399963,297.7999878,309.0700073,60231200
20-09-2022,Tesla,306.9100037,313.3299866,305.5799866,308.730011,61642800
21-09-2022,Tesla,308.2900085,313.7999878,300.6300049,300.7999878,62555700
22-09-2022,Tesla,299.8599854,301.2900085,285.8200073,288.5899963,70545400
23-09-2022,Tesla,283.0899963,284.5,272.8200073,275.3299866,63748400
26-09-2022,Tesla,271.8299866,284.0899963,270.3099976,276.0100098,58076900
27-09-2022,Tesla,283.8399963,288.6700134,277.5100098,282.9400024,61925200
28-09-2022,Tesla,283.0799866,289,277.5700073,287.8099976,54664800
29-09-2022,Tesla,282.7600098,283.6499939,265.7799988,268.2099915,77620600
30-09-2022,Tesla,266.1499939,275.5700073,262.4700012,265.25,67726600
03-10-2022,Tesla,254.5,255.1600037,241.0099945,242.3999939,98363500
04-10-2022,Tesla,250.5200043,257.5,242.0099945,249.4400024,109578500
05-10-2022,Tesla,245.0099945,246.6699982,233.2700043,240.8099976,86982700
06-10-2022,Tesla,239.4400024,244.5800018,235.3500061,238.1300049,69298400
07-10-2022,Tesla,233.9400024,234.5700073,222.0200043,223.0700073,83916800
10-10-2022,Tesla,223.9299927,226.9900055,218.3600006,222.9600067,67925000
11-10-2022,Tesla,220.9499969,225.75,215,216.5,77013200
12-10-2022,Tesla,215.3300018,219.3000031,211.5099945,217.2400055,66860700
13-10-2022,Tesla,208.3000031,222.9900055,206.2200012,221.7200012,91483000
14-10-2022,Tesla,224.0099945,226.2599945,204.1600037,204.9900055,94124500
17-10-2022,Tesla,210.0399933,221.8600006,209.4499969,219.3500061,79428800
18-10-2022,Tesla,229.5,229.8200073,217.25,220.1900024,75891900
19-10-2022,Tesla,219.8000031,222.9299927,217.7799988,222.0399933,66571500
20-10-2022,Tesla,208.2799988,215.5500031,202,207.2799988,117798100
21-10-2022,Tesla,206.4199982,214.6600037,203.8000031,214.4400024,75713800
24-10-2022,Tesla,205.8200073,213.5,198.5899963,211.25,100446800
25-10-2022,Tesla,210.1000061,224.3500061,210,222.4199982,96507900
26-10-2022,Tesla,219.3999939,230.6000061,218.1999969,224.6399994,85012500
27-10-2022,Tesla,229.7700043,233.8099976,222.8500061,225.0899963,61638800
28-10-2022,Tesla,225.3999939,228.8600006,216.3500061,228.5200043,69152400
31-10-2022,Tesla,226.1900024,229.8500061,221.9400024,227.5399933,61554300
01-11-2022,Tesla,234.0500031,237.3999939,227.2799988,227.8200073,62688800
02-11-2022,Tesla,226.0399933,227.8699951,214.8200073,214.9799957,63070300
03-11-2022,Tesla,211.3600006,221.1999969,210.1399994,215.3099976,56538800
04-11-2022,Tesla,222.6000061,223.8000031,203.0800018,207.4700012,98622200
07-11-2022,Tesla,208.6499939,208.8999939,196.6600037,197.0800018,93916500
08-11-2022,Tesla,194.0200043,195.1999969,186.75,191.3000031,128803400
09-11-2022,Tesla,190.7799988,195.8899994,177.1199951,177.5899963,127062700
10-11-2022,Tesla,189.8999939,191,180.0299988,190.7200012,132703000
11-11-2022,Tesla,186,196.5200043,182.5899963,195.9700012,114403600
14-11-2022,Tesla,192.7700043,195.7299957,186.3399963,190.9499969,92226600
15-11-2022,Tesla,195.8800049,200.8200073,192.0599976,194.4199982,91293800
16-11-2022,Tesla,191.5099945,192.5700073,185.6600037,186.9199982,66567600
17-11-2022,Tesla,183.9600067,186.1600037,180.8999939,183.1699982,64336000
18-11-2022,Tesla,185.0500031,185.1900024,176.5500031,180.1900024,76048900
21-11-2022,Tesla,175.8500061,176.7700043,167.5399933,167.8699951,92882700
22-11-2022,Tesla,168.6300049,170.9199982,166.1900024,169.9100037,78452300
23-11-2022,Tesla,173.5700073,183.6199951,172.5,183.1999969,109536700
25-11-2022,Tesla,185.0599976,185.1999969,180.6300049,182.8600006,50672700
28-11-2022,Tesla,179.9600067,188.5,179,182.9199982,92905200
29-11-2022,Tesla,184.9900055,186.3800049,178.75,180.8300018,83357100
30-11-2022,Tesla,182.4299927,194.7599945,180.6300049,194.6999969,109186400
01-12-2022,Tesla,197.0800018,198.9199982,191.8000031,194.6999969,80046200
02-12-2022,Tesla,191.7799988,196.25,191.1100006,194.8600006,73645900
05-12-2022,Tesla,189.4400024,191.2700043,180.5500031,182.4499969,93122700
06-12-2022,Tesla,181.2200012,183.6499939,175.3300018,179.8200073,92150800
07-12-2022,Tesla,175.0299988,179.3800049,172.2200012,174.0399933,84213300
08-12-2022,Tesla,172.1999969,175.1999969,169.0599976,173.4400024,97624500
09-12-2022,Tesla,173.8399963,182.5,173.3600006,179.0500031,104872300
12-12-2022,Tesla,176.1000061,177.3699951,167.5200043,167.8200073,109794500
13-12-2022,Tesla,174.8699951,175.0500031,156.9100037,160.9499969,175862700
14-12-2022,Tesla,159.25,161.6199951,155.3099976,156.8000031,140682300
15-12-2022,Tesla,153.4400024,160.9299927,153.2799988,157.6699982,122334500
16-12-2022,Tesla,159.6399994,160.9900055,150.0399933,150.2299957,139032200
19-12-2022,Tesla,154,155.25,145.8200073,149.8699951,139390600
20-12-2022,Tesla,146.0500031,148.4700012,137.6600037,137.8000031,159563300
21-12-2022,Tesla,139.3399963,141.2599945,135.8899994,137.5700073,145417400
22-12-2022,Tesla,136,136.6300049,122.2600021,125.3499985,210090300
23-12-2022,Tesla,126.3700027,128.6199951,121.0199966,123.1500015,166989700
27-12-2022,Tesla,117.5,119.6699982,108.7600021,109.0999985,208643400
28-12-2022,Tesla,110.3499985,116.2699966,108.2399979,112.7099991,221070500
29-12-2022,Tesla,120.3899994,123.5699997,117.5,121.8199997,221923300
30-12-2022,Tesla,119.9499969,124.4800034,119.75,123.1800003,157777300
03-01-2023,Tesla,118.4700012,118.8000031,104.6399994,108.0999985,231402800
04-01-2023,Tesla,109.1100006,114.5899963,107.5199966,113.6399994,180389000
05-01-2023,Tesla,110.5100021,111.75,107.1600037,110.3399963,157986300
06-01-2023,Tesla,103,114.3899994,101.8099976,113.0599976,220911100
09-01-2023,Tesla,118.9599991,123.5199966,117.1100006,119.7699966,190284000
10-01-2023,Tesla,121.0699997,122.7600021,114.9199982,118.8499985,167642500
11-01-2023,Tesla,122.0899963,125.9499969,120.5100021,123.2200012,183810800
12-01-2023,Tesla,122.5599976,124.1299973,117,123.5599976,169400900
13-01-2023,Tesla,116.5500031,122.6299973,115.5999985,122.4000015,180714100
17-01-2023,Tesla,125.6999969,131.6999969,125.0199966,131.4900055,186477000
18-01-2023,Tesla,136.5599976,136.6799927,127.0100021,128.7799988,195680300
19-01-2023,Tesla,127.2600021,129.9900055,124.3099976,127.1699982,170291900
20-01-2023,Tesla,128.6799927,133.5099945,127.3499985,133.4199982,138858100
23-01-2023,Tesla,135.8699951,145.3800049,134.2700043,143.75,203119200
24-01-2023,Tesla,143,146.5,141.1000061,143.8899994,158699100
25-01-2023,Tesla,141.9100037,146.4100037,138.0700073,144.4299927,192734300
26-01-2023,Tesla,159.9700012,161.4199982,154.7599945,160.2700043,234815100
27-01-2023,Tesla,162.4299927,180.6799927,161.1699982,177.8999939,306590600
30-01-2023,Tesla,178.0500031,179.7700043,166.5,166.6600037,230878800
31-01-2023,Tesla,164.5700073,174.3000031,162.7799988,173.2200012,196813500
01-02-2023,Tesla,173.8899994,183.8099976,169.9299927,181.4100037,213806300
02-02-2023,Tesla,187.3300018,196.75,182.6100006,188.2700043,217448300
03-02-2023,Tesla,183.9499969,199,183.6900024,189.9799957,232662000
06-02-2023,Tesla,193.0099945,198.1699982,189.9199982,194.7599945,186188100
07-02-2023,Tesla,196.4299927,197.5,189.5500031,196.8099976,186010300
08-02-2023,Tesla,196.1000061,203,194.3099976,201.2899933,180673600
09-02-2023,Tesla,207.7799988,214,204.7700043,207.3200073,215431400
10-02-2023,Tesla,202.2299957,206.1999969,192.8899994,196.8899994,204754100
13-02-2023,Tesla,194.4199982,196.3000031,187.6100006,194.6399994,172475500
14-02-2023,Tesla,191.9400024,209.8200073,189.4400024,209.25,216455700
15-02-2023,Tesla,211.7599945,214.6600037,206.1100006,214.2400055,181006400
16-02-2023,Tesla,210.7799988,217.6499939,201.8399963,202.0399933,229586500
17-02-2023,Tesla,199.9900055,208.4400024,197.5,208.3099976,213738500
21-02-2023,Tesla,204.9900055,209.7100067,197.2200012,197.3699951,180018600
22-02-2023,Tesla,197.9299927,201.9900055,191.7799988,200.8600006,191828500
23-02-2023,Tesla,203.9100037,205.1399994,196.3300018,202.0700073,146360000
24-02-2023,Tesla,196.3300018,197.6699982,192.8000031,196.8800049,142228100
27-02-2023,Tesla,202.0299988,209.4199982,201.2599945,207.6300049,161028300
28-02-2023,Tesla,210.5899963,211.2299957,203.75,205.7100067,153144900
01-03-2023,Tesla,206.2100067,207.1999969,198.5200043,202.7700043,156852800
02-03-2023,Tesla,186.7400055,193.75,186.0099945,190.8999939,181500700
03-03-2023,Tesla,194.8000031,200.4799957,192.8800049,197.7899933,154193300
06-03-2023,Tesla,198.5399933,198.6000061,192.3000031,193.8099976,128100100
07-03-2023,Tesla,191.3800049,194.1999969,186.1000061,187.7100067,148125800
08-03-2023,Tesla,185.0399933,186.5,180,182,151897800
09-03-2023,Tesla,180.25,185.1799927,172.5099945,172.9199982,170023800
10-03-2023,Tesla,175.1300049,178.2899933,168.4400024,173.4400024,191488900
13-03-2023,Tesla,167.4600067,177.3500061,163.9100037,174.4799957,167790300
14-03-2023,Tesla,177.3099976,183.8000031,177.1399994,183.2599945,143717900
15-03-2023,Tesla,180.8000031,182.3399963,176.0299988,180.4499969,145995600
16-03-2023,Tesla,180.3699951,185.8099976,178.8399963,184.1300049,121136800
17-03-2023,Tesla,184.5200043,186.2200012,177.3300018,180.1300049,133197100
20-03-2023,Tesla,178.0800018,186.4400024,176.3500061,183.25,129684400
21-03-2023,Tesla,188.2799988,198,188.0399933,197.5800018,153391400
22-03-2023,Tesla,199.3000031,200.6600037,190.9499969,191.1499939,150376400
23-03-2023,Tesla,195.2599945,199.3099976,188.6499939,192.2200012,144193900
24-03-2023,Tesla,191.6499939,192.3600006,187.1499939,190.4100037,116312400
27-03-2023,Tesla,194.4199982,197.3899994,189.9400024,191.8099976,120851600
28-03-2023,Tesla,192,192.3500061,185.4299927,189.1900024,98654600
29-03-2023,Tesla,193.1300049,195.2899933,189.4400024,193.8800049,123660000
30-03-2023,Tesla,195.5800018,197.3300018,194.4199982,195.2799988,110252200
31-03-2023,Tesla,197.5299988,207.7899933,197.1999969,207.4600067,170222100
03-04-2023,Tesla,199.9100037,202.6900024,192.1999969,194.7700043,169545900
04-04-2023,Tesla,197.3200073,198.7400055,190.3200073,192.5800018,126463800
05-04-2023,Tesla,190.5200043,190.6799927,183.7599945,185.5200043,133882500
06-04-2023,Tesla,183.0800018,186.3899994,179.7400055,185.0599976,123857900
10-04-2023,Tesla,179.9400024,185.1000061,176.1100006,184.5099945,142154600
11-04-2023,Tesla,186.6900024,189.1900024,185.6499939,186.7899933,115770900
12-04-2023,Tesla,190.7400055,191.5800018,180.3099976,180.5399933,150256300
13-04-2023,Tesla,182.9600067,186.5,180.9400024,185.8999939,112933000
14-04-2023,Tesla,183.9499969,186.2799988,182.0099945,185,96438700
17-04-2023,Tesla,186.3200073,189.6900024,182.6900024,187.0399933,116662200
18-04-2023,Tesla,187.1499939,187.6900024,183.5800018,184.3099976,92067000
19-04-2023,Tesla,179.1000061,183.5,177.6499939,180.5899963,125732700
20-04-2023,Tesla,166.1699982,169.6999969,160.5599976,162.9900055,210970800
21-04-2023,Tesla,164.8000031,166,161.3200073,165.0800018,123539000
24-04-2023,Tesla,164.6499939,165.6499939,158.6100006,162.5500031,140006600
25-04-2023,Tesla,159.8200073,163.4700012,158.75,160.6699982,121999300
26-04-2023,Tesla,160.2899933,160.6699982,153.1399994,153.75,153364100
27-04-2023,Tesla,152.6399994,160.4799957,152.3699951,160.1900024,127015200
28-04-2023,Tesla,160.8999939,165,157.3200073,164.3099976,122515800
01-05-2023,Tesla,163.1699982,163.2799988,158.8300018,161.8300018,109015000
02-05-2023,Tesla,161.8800049,165.4900055,158.9299927,160.3099976,128259700
03-05-2023,Tesla,160.0099945,165,159.9100037,160.6100006,119728000
04-05-2023,Tesla,162.7100067,162.9499969,159.6499939,161.1999969,95108500
05-05-2023,Tesla,163.9700012,170.7899933,163.5099945,170.0599976,107607300
08-05-2023,Tesla,173.7200012,173.8000031,169.1900024,171.7899933,112249400
09-05-2023,Tesla,168.9499969,169.8200073,166.5599976,169.1499939,88965000
10-05-2023,Tesla,172.5500031,174.4299927,166.6799927,168.5399933,119840700
11-05-2023,Tesla,168.6999969,173.5700073,166.7899933,172.0800018,103889900
12-05-2023,Tesla,176.0700073,177.3800049,167.2299957,167.9799957,157849600
15-05-2023,Tesla,167.6600037,169.7599945,164.5500031,166.3500061,105592500
16-05-2023,Tesla,165.6499939,169.5200043,164.3500061,166.5200043,98288800
17-05-2023,Tesla,168.4100037,174.5,167.1900024,173.8600006,125473600
18-05-2023,Tesla,174.2200012,177.0599976,172.4499969,176.8899994,109520300
19-05-2023,Tesla,177.1699982,181.9499969,176.3099976,180.1399994,136196700
22-05-2023,Tesla,180.6999969,189.3200073,180.1100006,188.8699951,132001400
23-05-2023,Tesla,186.1999969,192.9600067,185.2599945,185.7700043,156952100
24-05-2023,Tesla,182.2299957,184.2200012,178.2200012,182.8999939,137605100
25-05-2023,Tesla,186.5399933,186.7799988,180.5800018,184.4700012,96870700
26-05-2023,Tesla,184.6199951,198.6000061,184.5299988,193.1699982,162061500
30-05-2023,Tesla,200.1000061,204.4799957,197.5299988,201.1600037,128818700
31-05-2023,Tesla,199.7799988,203.9499969,195.1199951,203.9299927,150711700
01-06-2023,Tesla,202.5899963,209.8000031,199.3699951,207.5200043,148029900
02-06-2023,Tesla,210.1499939,217.25,209.75,213.9700012,164398400
05-06-2023,Tesla,217.8000031,221.2899933,214.5200043,217.6100006,151143100
06-06-2023,Tesla,216.1399994,221.9100037,212.5299988,221.3099976,146911600
07-06-2023,Tesla,228,230.8300018,223.1999969,224.5700073,185710800
08-06-2023,Tesla,224.2200012,235.2299957,223.0099945,234.8600006,164489700
09-06-2023,Tesla,249.0700073,252.4199982,242.0200043,244.3999939,200242400
12-06-2023,Tesla,247.9400024,250.9700012,244.5899963,249.8300018,150337900
13-06-2023,Tesla,253.5099945,259.6799927,251.3399963,258.7099915,162384300
14-06-2023,Tesla,260.1700134,261.5700073,250.5,256.7900085,170575500
15-06-2023,Tesla,248.3999939,258.9500122,247.2899933,255.8999939,160171200
16-06-2023,Tesla,258.9200134,263.6000061,257.2099915,260.5400085,167915600
20-06-2023,Tesla,261.5,274.75,261.1199951,274.4500122,165611200
21-06-2023,Tesla,275.1300049,276.9899902,257.7799988,259.4599915,211797100
22-06-2023,Tesla,250.7700043,265,248.25,264.6099854,166875900
23-06-2023,Tesla,259.2900085,262.4500122,252.8000031,256.6000061,177460800
26-06-2023,Tesla,250.0700073,258.3699951,240.6999969,241.0500031,179990600
27-06-2023,Tesla,243.2400055,250.3899994,240.8500061,250.2100067,164968200
28-06-2023,Tesla,249.6999969,259.8800049,248.8899994,256.2399902,159770800
29-06-2023,Tesla,258.0299988,260.7399902,253.6100006,257.5,131283400
30-06-2023,Tesla,260.6000061,264.4500122,259.8900146,261.769989,112620800
03-07-2023,Tesla,276.4899902,284.25,275.1099854,279.8200073,119685900
05-07-2023,Tesla,278.8200073,283.8500061,277.6000061,282.480011,131530900
06-07-2023,Tesla,278.0899963,279.9700012,272.8800049,276.5400085,120332100
07-07-2023,Tesla,278.4299927,280.7799988,273.769989,274.4299927,113879200
10-07-2023,Tesla,276.4700012,277.519989,265.1000061,269.6099854,119425400
11-07-2023,Tesla,268.6499939,270.8999939,266.3699951,269.7900085,91972400
12-07-2023,Tesla,276.3299866,276.519989,271.4599915,271.9899902,95672100
13-07-2023,Tesla,274.5899963,279.4500122,270.6000061,277.8999939,112681500
14-07-2023,Tesla,277.0100098,285.2999878,276.3099976,281.3800049,120062400
17-07-2023,Tesla,286.6300049,292.230011,283.5700073,290.3800049,131569600
18-07-2023,Tesla,290.1499939,295.2600098,286.0100098,293.3399963,112120300
19-07-2023,Tesla,296.0400085,299.2900085,289.519989,291.2600098,142355400
20-07-2023,Tesla,279.5599976,280.9299927,261.2000122,262.8999939,175158300
21-07-2023,Tesla,268,268,255.8000031,260.019989,161796100
24-07-2023,Tesla,255.8500061,269.8500061,254.1199951,269.0599976,136508500
25-07-2023,Tesla,272.3800049,272.8999939,265,265.2799988,112757300
26-07-2023,Tesla,263.25,268.0400085,261.75,264.3500061,95856200
27-07-2023,Tesla,268.3099976,269.1300049,255.3000031,255.7100067,103697300
28-07-2023,Tesla,259.8599854,267.25,258.230011,266.4400024,111446000
31-07-2023,Tesla,267.480011,269.0799866,263.7799988,267.4299927,84582200
01-08-2023,Tesla,266.2600098,266.4700012,260.25,261.0700073,83166000
02-08-2023,Tesla,255.5700073,259.519989,250.4900055,254.1100006,101752900
03-08-2023,Tesla,252.0399933,260.4899902,252,259.3200073,97569100
04-08-2023,Tesla,260.9700012,264.769989,253.1100006,253.8600006,99539900
07-08-2023,Tesla,251.4499969,253.6499939,242.7599945,251.4499969,111097900
08-08-2023,Tesla,247.4499969,250.9199982,245.0099945,249.6999969,96642200
09-08-2023,Tesla,250.8699951,251.1000061,241.8999939,242.1900024,101596300
10-08-2023,Tesla,245.3999939,251.8000031,243,245.3399963,109498600
11-08-2023,Tesla,241.7700043,243.7899933,238.0200043,242.6499939,99038600
14-08-2023,Tesla,235.6999969,240.6600037,233.75,239.7599945,98595300
15-08-2023,Tesla,238.7299957,240.5,232.6100006,232.9600067,88197600
16-08-2023,Tesla,228.0200043,233.9700012,225.3800049,225.6000061,112484500
17-08-2023,Tesla,226.0599976,226.7400055,218.8300018,219.2200012,120718400
18-08-2023,Tesla,214.1199951,217.5800018,212.3600006,215.4900055,136276600
21-08-2023,Tesla,221.5500031,232.1300049,220.5800018,231.2799988,135702700
22-08-2023,Tesla,240.25,240.8200073,229.5500031,233.1900024,130442800
23-08-2023,Tesla,229.3399963,238.9799957,229.2899933,236.8600006,101077600
24-08-2023,Tesla,238.6600037,238.9199982,228.1799927,230.0399933,99777400
25-08-2023,Tesla,231.3099976,239,230.3500061,238.5899963,106612200
28-08-2023,Tesla,242.5800018,244.3800049,235.3500061,238.8200073,107673700
29-08-2023,Tesla,238.5800018,257.480011,237.7700043,257.1799927,134047600
30-08-2023,Tesla,254.1999969,260.5100098,250.5899963,256.8999939,121988400
31-08-2023,Tesla,255.9799957,261.1799927,255.0500031,258.0799866,108861700
01-09-2023,Tesla,257.2600098,259.0799866,242.0099945,245.0099945,132541600
05-09-2023,Tesla,245,258,244.8600006,256.4899902,129469600
06-09-2023,Tesla,255.1399994,255.3899994,245.0599976,251.9199982,116959800
07-09-2023,Tesla,245.0700073,252.8099976,243.2700043,251.4900055,115312900
08-09-2023,Tesla,251.2200012,256.519989,246.6699982,248.5,118367700
11-09-2023,Tesla,264.269989,274.8500061,260.6099854,273.5799866,174667900
12-09-2023,Tesla,270.7600098,278.3900146,266.6000061,267.480011,135999900
13-09-2023,Tesla,270.0700073,274.980011,268.1000061,271.2999878,111673700
14-09-2023,Tesla,271.3200073,276.7099915,270.4200134,276.0400085,107709800
15-09-2023,Tesla,277.5499878,278.980011,271,274.3900146,133692300
18-09-2023,Tesla,271.1600037,271.4400024,263.7600098,265.2799988,101543300
19-09-2023,Tesla,264.3500061,267.8500061,261.2000122,266.5,103704000
20-09-2023,Tesla,267.0400085,273.9299927,262.4599915,262.5899963,122514600
21-09-2023,Tesla,257.8500061,260.8599854,254.2100067,255.6999969,119951500
22-09-2023,Tesla,257.3999939,257.7900085,244.4799957,244.8800049,127524100
25-09-2023,Tesla,243.3800049,247.1000061,238.3099976,246.9900055,104636600
26-09-2023,Tesla,242.9799957,249.5500031,241.6600037,244.1199951,101993600
27-09-2023,Tesla,244.2599945,245.3300018,234.5800018,240.5,136597200
28-09-2023,Tesla,240.0200043,247.5500031,238.6499939,246.3800049,117058900
29-09-2023,Tesla,250,254.7700043,246.3500061,250.2200012,128522700
02-10-2023,Tesla,244.8099976,254.2799988,242.6199951,251.6000061,123810400
03-10-2023,Tesla,248.6100006,250.0200043,244.4499969,246.5299988,101985300
04-10-2023,Tesla,248.1399994,261.8599854,247.6000061,261.1600037,129721600
05-10-2023,Tesla,260,263.6000061,256.25,260.0499878,119159200
06-10-2023,Tesla,253.9799957,261.6499939,250.6499939,260.5299988,118121800
09-10-2023,Tesla,255.3099976,261.3599854,252.0500031,259.6700134,101377900
10-10-2023,Tesla,257.75,268.9400024,257.6499939,263.6199951,122656000
11-10-2023,Tesla,266.2000122,268.6000061,260.8999939,262.9899902,103706300
12-10-2023,Tesla,262.9200134,265.4100037,256.6300049,258.8699951,111508100
13-10-2023,Tesla,258.8999939,259.6000061,250.2200012,251.1199951,102073800
16-10-2023,Tesla,250.0500031,255.3999939,248.4799957,253.9199982,88917200
17-10-2023,Tesla,250.1000061,257.1799927,247.0800018,254.8500061,93562900
18-10-2023,Tesla,252.6999969,254.6300049,242.0800018,242.6799927,125147800
19-10-2023,Tesla,225.9499969,230.6100006,216.7799988,220.1100006,170772700
20-10-2023,Tesla,217.0099945,218.8600006,210.4199982,211.9900055,138010100
23-10-2023,Tesla,210,216.9799957,202.5099945,212.0800018,150683400
24-10-2023,Tesla,216.5,222.0500031,214.1100006,216.5200043,118231100
25-10-2023,Tesla,215.8800049,220.1000061,212.1999969,212.4199982,107065100
26-10-2023,Tesla,211.3200073,214.8000031,204.8800049,205.7599945,115112600
27-10-2023,Tesla,210.6000061,212.4100037,205.7700043,207.3000031,94881200
30-10-2023,Tesla,209.2799988,210.8800049,194.6699982,197.3600006,136448200
31-10-2023,Tesla,196.1199951,202.8000031,194.0700073,200.8399963,118068300
01-11-2023,Tesla,204.0399933,205.9900055,197.8500061,205.6600037,121661700
02-11-2023,Tesla,212.9700012,219.1999969,211.4499969,218.5099945,125987600
03-11-2023,Tesla,221.1499939,226.3699951,218.3999939,219.9600067,119534800
06-11-2023,Tesla,223.9799957,226.3200073,215,219.2700043,117335800
07-11-2023,Tesla,219.9799957,223.1199951,215.7200012,222.1799927,116900100
08-11-2023,Tesla,223.1499939,224.1499939,217.6399994,222.1100006,106584800
09-11-2023,Tesla,219.75,220.8000031,206.6799927,209.9799957,142110500
10-11-2023,Tesla,210.0299988,215.3800049,205.6900024,214.6499939,130994000
13-11-2023,Tesla,215.6000061,225.3999939,211.6100006,223.7100067,140447600
14-11-2023,Tesla,235.0299988,238.1399994,230.7200012,237.4100037,149771600
15-11-2023,Tesla,239.2899933,246.6999969,236.4499969,242.8399963,150354000
16-11-2023,Tesla,239.4900055,240.8800049,230.9600067,233.5899963,136816800
17-11-2023,Tesla,232,237.3899994,226.5399933,234.3000031,142532800
20-11-2023,Tesla,234.0399933,237.1000061,231.0200043,235.6000061,116320100
21-11-2023,Tesla,235.0399933,243.6199951,233.3399963,241.1999969,122288000
22-11-2023,Tesla,242.0399933,244.0099945,231.3999939,234.2100067,117950600
24-11-2023,Tesla,233.75,238.75,232.3300018,235.4499969,65125200
27-11-2023,Tesla,236.8899994,238.3300018,232.1000061,236.0800018,112031800
28-11-2023,Tesla,236.6799927,247,234.0099945,246.7200012,148549900
29-11-2023,Tesla,249.2100067,252.75,242.7599945,244.1399994,135401300
30-11-2023,Tesla,245.1399994,245.2200012,236.9100037,240.0800018,132353200
01-12-2023,Tesla,233.1399994,240.1900024,231.8999939,238.8300018,121331700
04-12-2023,Tesla,235.75,239.3699951,233.2899933,235.5800018,104099800
05-12-2023,Tesla,233.8699951,246.6600037,233.6999969,238.7200012,137971100
06-12-2023,Tesla,242.9199982,246.5700073,239.1699982,239.3699951,126436200
07-12-2023,Tesla,241.5500031,244.0800018,236.9799957,242.6399994,107142300
08-12-2023,Tesla,240.2700043,245.2700043,239.2700043,243.8399963,103126800
11-12-2023,Tesla,242.7400055,243.4400024,237.4499969,239.7400055,97913900
12-12-2023,Tesla,238.5500031,238.9900055,233.8699951,237.0099945,95328300
13-12-2023,Tesla,234.1900024,240.3000031,228.1999969,239.2899933,146286300
14-12-2023,Tesla,241.2200012,253.8800049,240.7899933,251.0500031,160829200
15-12-2023,Tesla,251.2100067,254.1300049,248.3000031,253.5,135932800
18-12-2023,Tesla,253.7799988,258.7399902,251.3600006,252.0800018,116416500
19-12-2023,Tesla,253.4799957,258.3399963,253.0099945,257.2200012,106737400
20-12-2023,Tesla,256.4100037,259.8399963,247,247.1399994,125097000
21-12-2023,Tesla,251.8999939,254.8000031,248.5500031,254.5,109594200
22-12-2023,Tesla,256.7600098,258.2200012,251.3699951,252.5399933,93370100
26-12-2023,Tesla,254.4900055,257.9700012,252.9100037,256.6099854,86892400
27-12-2023,Tesla,258.3500061,263.3399963,257.519989,261.4400024,106494400
28-12-2023,Tesla,263.6600037,265.1300049,252.7100067,253.1799927,113619900
29-12-2023,Tesla,255.1000061,255.1900024,247.4299927,248.4799957,100891600
02-01-2024,Tesla,250.0800018,251.25,244.4100037,248.4199982,104654200
03-01-2024,Tesla,244.9799957,245.6799927,236.3200073,238.4499969,121082600
04-01-2024,Tesla,239.25,242.6999969,237.7299957,237.9299927,102629300
05-01-2024,Tesla,236.8600006,240.1199951,234.8999939,237.4900055,92488900
08-01-2024,Tesla,236.1399994,241.25,235.3000031,240.4499969,85166600
09-01-2024,Tesla,238.1100006,238.9600067,232.0399933,234.9600067,96705700
10-01-2024,Tesla,235.1000061,235.5,231.2899933,233.9400024,91628500
11-01-2024,Tesla,230.5700073,230.9299927,225.3699951,227.2200012,105873600
12-01-2024,Tesla,220.0800018,225.3399963,217.1499939,218.8899994,123043800
16-01-2024,Tesla,215.1000061,223.4900055,212.1799927,219.9100037,115355000
17-01-2024,Tesla,214.8600006,215.6699982,212.0099945,215.5500031,103164400
18-01-2024,Tesla,216.8800049,217.4499969,208.7400055,211.8800049,108595400
19-01-2024,Tesla,209.9900055,213.1900024,207.5599976,212.1900024,102260300
22-01-2024,Tesla,212.2599945,217.8000031,206.2700043,208.8000031,117952500
23-01-2024,Tesla,211.3000031,215.6499939,207.75,209.1399994,106605900
24-01-2024,Tesla,211.8800049,212.7299957,206.7700043,207.8300018,123369900
25-01-2024,Tesla,189.6999969,193,180.0599976,182.6300049,198076800
26-01-2024,Tesla,185.5,186.7799988,182.1000061,183.25,107343200
29-01-2024,Tesla,185.6300049,191.4799957,183.6699982,190.9299927,125013100
30-01-2024,Tesla,195.3300018,196.3600006,190.6100006,191.5899963,109982300
31-01-2024,Tesla,187,193.9700012,185.8500061,187.2899933,103221400
01-02-2024,Tesla,188.5,189.8800049,184.2799988,188.8600006,91843300
02-02-2024,Tesla,185.0399933,188.6900024,182,187.9100037,110612700
05-02-2024,Tesla,184.2599945,184.6799927,175.0099945,181.0599976,134294400
06-02-2024,Tesla,177.2100067,186.4900055,177.1100006,185.1000061,122676000
07-02-2024,Tesla,188.1799927,189.7899933,182.6799927,187.5800018,111535200
08-02-2024,Tesla,189,191.6199951,185.5800018,189.5599976,83034000
09-02-2024,Tesla,190.1799927,194.1199951,189.4799957,193.5700073,84476300
12-02-2024,Tesla,192.1100006,194.7299957,187.2799988,188.1300049,95498600
13-02-2024,Tesla,183.9900055,187.2599945,182.1100006,184.0200043,86759500
14-02-2024,Tesla,185.3000031,188.8899994,183.3500061,188.7100067,81203000
15-02-2024,Tesla,189.1600037,200.8800049,188.8600006,200.4499969,120831800
16-02-2024,Tesla,202.0599976,203.1699982,197.3999939,199.9499969,111346700
20-02-2024,Tesla,196.1300049,198.6000061,189.1300049,193.7599945,104545800
21-02-2024,Tesla,193.3600006,199.4400024,191.9499969,194.7700043,103500300
22-02-2024,Tesla,194,198.3200073,191.3600006,197.4100037,92739500
23-02-2024,Tesla,195.3099976,197.5700073,191.5,191.9700012,78841900
26-02-2024,Tesla,192.2899933,201.7799988,192,199.3999939,111747100
27-02-2024,Tesla,204.0399933,205.6000061,198.2599945,199.7299957,108645400
28-02-2024,Tesla,200.4199982,205.3000031,198.4400024,202.0399933,99806200
29-02-2024,Tesla,204.1799927,205.2799988,198.4499969,201.8800049,85907000
01-03-2024,Tesla,200.5200043,204.5200043,198.5,202.6399994,82243100
04-03-2024,Tesla,198.7299957,199.75,186.7200012,188.1399994,134334900
05-03-2024,Tesla,183.0500031,184.5899963,177.5700073,180.7400055,119660800
06-03-2024,Tesla,179.9900055,181.5800018,173.6999969,176.5399933,107920900
07-03-2024,Tesla,174.3500061,180.0399933,173.6999969,178.6499939,102129000
08-03-2024,Tesla,181.5,182.7299957,174.6999969,175.3399963,85544600
11-03-2024,Tesla,175.4499969,182.8699951,174.8000031,177.7700043,85391500
12-03-2024,Tesla,177.7700043,179.4299927,172.4100037,177.5399933,87391700
13-03-2024,Tesla,173.0500031,176.0500031,169.1499939,169.4799957,106524500
14-03-2024,Tesla,167.7700043,171.1699982,160.5099945,162.5,126325700
15-03-2024,Tesla,163.1600037,165.1799927,160.7599945,163.5700073,97146800
18-03-2024,Tesla,170.0200043,174.7200012,165.8999939,173.8000031,108214400
19-03-2024,Tesla,172.3600006,172.8200073,167.4199982,171.3200073,77271400
20-03-2024,Tesla,173,176.25,170.8200073,175.6600037,83846700
21-03-2024,Tesla,176.3899994,178.1799927,171.8000031,172.8200073,73178000
22-03-2024,Tesla,166.6900024,171.1999969,166.3000031,170.8300018,75580600
25-03-2024,Tesla,168.7599945,175.2400055,168.7299957,172.6300049,74228600
26-03-2024,Tesla,178.5800018,184.25,177.3800049,177.6699982,113186200
27-03-2024,Tesla,181.4100037,181.9100037,176,179.8300018,81804000
28-03-2024,Tesla,177.4499969,179.5700073,175.3000031,175.7899933,77654800
01-04-2024,Tesla,176.1699982,176.75,170.2100067,175.2200012,81562100
02-04-2024,Tesla,164.75,167.6900024,163.4299927,166.6300049,116650600
03-04-2024,Tesla,164.0200043,168.8200073,163.2799988,168.3800049,82950100
04-04-2024,Tesla,170.0700073,177.1900024,168.0099945,171.1100006,123162000
05-04-2024,Tesla,169.0800018,170.8600006,160.5099945,164.8999939,143157600
08-04-2024,Tesla,169.3399963,174.5,167.7899933,172.9799957,104423300
09-04-2024,Tesla,172.9100037,179.2200012,171.9199982,176.8800049,102951700
10-04-2024,Tesla,173.0399933,174.9299927,170.0099945,171.7599945,84532400
11-04-2024,Tesla,172.5500031,175.8800049,168.5099945,174.6000061,94516000
12-04-2024,Tesla,172.3399963,173.8099976,170.3600006,171.0500031,64722700
15-04-2024,Tesla,170.2400055,170.6900024,161.3800049,161.4799957,100245300
16-04-2024,Tesla,156.7400055,158.1900024,153.75,157.1100006,97000000
17-04-2024,Tesla,157.6399994,158.3300018,153.7799988,155.4499969,82439700
18-04-2024,Tesla,151.25,152.1999969,148.6999969,149.9299927,96098800
19-04-2024,Tesla,148.9700012,150.9400024,146.2200012,147.0500031,87074500
22-04-2024,Tesla,140.5599976,144.4400024,138.8000031,142.0500031,107097600
23-04-2024,Tesla,143.3300018,147.2599945,141.1100006,144.6799927,124545100
24-04-2024,Tesla,162.8399963,167.9700012,157.5099945,162.1300049,181178000
25-04-2024,Tesla,158.9600067,170.8800049,158.3600006,170.1799927,126427500
26-04-2024,Tesla,168.8500061,172.1199951,166.3699951,168.2899933,109815700
29-04-2024,Tesla,188.4199982,198.8699951,184.5399933,194.0500031,243869700
30-04-2024,Tesla,186.9799957,190.9499969,182.8399963,183.2799988,127031800
01-05-2024,Tesla,182,185.8600006,179.0099945,179.9900055,92829700
02-05-2024,Tesla,182.8600006,184.6000061,176.0200043,180.0099945,89148000
03-05-2024,Tesla,182.1000061,184.7799988,178.4199982,181.1900024,75491500
06-05-2024,Tesla,183.8000031,187.5599976,182.1999969,184.7599945,84390300
07-05-2024,Tesla,182.3999939,183.2599945,177.3999939,177.8099976,75045900
08-05-2024,Tesla,171.5899963,176.0599976,170.1499939,174.7200012,79969500
09-05-2024,Tesla,175.0099945,175.6199951,171.3699951,171.9700012,65950300
10-05-2024,Tesla,173.0500031,173.0599976,167.75,168.4700012,72627200
13-05-2024,Tesla,170,175.3999939,169,171.8899994,67018900
14-05-2024,Tesla,174.5,179.4900055,174.0700073,177.5500031,86407400
15-05-2024,Tesla,179.8999939,180,173.1100006,173.9900055,79663000
16-05-2024,Tesla,174.1000061,175.7899933,171.4299927,174.8399963,59812200
17-05-2024,Tesla,173.5500031,179.6300049,172.75,177.4600067,77445800
20-05-2024,Tesla,177.5599976,177.75,173.5200043,174.9499969,61727400
21-05-2024,Tesla,175.5099945,186.8800049,174.7100067,186.6000061,115266500
22-05-2024,Tesla,182.8500061,183.8000031,178.1199951,180.1100006,88313500
23-05-2024,Tesla,181.8000031,181.8999939,173.2599945,173.7400055,71975500
24-05-2024,Tesla,174.8399963,180.0800018,173.7299957,179.2400055,65584500
28-05-2024,Tesla,176.3999939,178.25,173.1600037,176.75,59736600
29-05-2024,Tesla,174.1900024,178.1499939,173.9299927,176.1900024,54782600
30-05-2024,Tesla,178.5800018,182.6699982,175.3800049,178.7899933,77618400
31-05-2024,Tesla,178.5,180.3200073,173.8200073,178.0800018,67314600
03-06-2024,Tesla,178.1300049,182.6399994,174.4900055,176.2899933,68568900
04-06-2024,Tesla,174.7799988,177.7599945,174,174.7700043,60056300
05-06-2024,Tesla,175.3500061,176.1499939,172.1300049,175,57953800
06-06-2024,Tesla,174.6000061,179.7299957,172.7299957,177.9400024,69887000
07-06-2024,Tesla,176.1300049,179.3500061,175.5800018,177.4799957,56244900
10-06-2024,Tesla,176.0599976,178.5700073,173.1699982,173.7899933,50774600
11-06-2024,Tesla,173.9199982,174.75,167.4100037,170.6600037,64761900
12-06-2024,Tesla,171.1199951,180.5500031,169.8000031,177.2899933,90389400
13-06-2024,Tesla,188.3899994,191.0800018,181.2299957,182.4700012,118984100
14-06-2024,Tesla,185.8000031,186,176.9199982,178.0099945,82038200
17-06-2024,Tesla,177.9199982,188.8099976,177,187.4400024,109786100
18-06-2024,Tesla,186.5599976,187.1999969,182.3699951,184.8600006,68982300
20-06-2024,Tesla,184.6799927,185.2100067,179.6600037,181.5700073,55893100
21-06-2024,Tesla,182.3000031,183.9499969,180.6900024,183.0099945,61937300
24-06-2024,Tesla,184.9700012,188.8000031,182.5500031,182.5800018,61992100
25-06-2024,Tesla,184.3999939,187.9700012,182.0099945,187.3500061,62905700
26-06-2024,Tesla,186.5399933,197.7599945,186.3600006,196.3699951,95737100
27-06-2024,Tesla,195.1699982,198.7200012,194.0500031,197.4199982,72746500
28-06-2024,Tesla,199.5500031,203.1999969,195.2599945,197.8800049,95438100
01-07-2024,Tesla,201.0200043,213.2299957,200.8500061,209.8600006,135691400
02-07-2024,Tesla,218.8899994,231.3000031,218.0599976,231.2599945,205047900
03-07-2024,Tesla,234.5599976,248.3500061,234.25,246.3899994,166561500
05-07-2024,Tesla,249.8099976,252.3699951,242.4600067,251.5200043,154501200
08-07-2024,Tesla,247.7100067,259.4400024,244.5700073,252.9400024,157219600
09-07-2024,Tesla,251,265.6099854,250.3000031,262.3299866,160210900
10-07-2024,Tesla,262.7999878,267.5899963,257.8599854,263.2600098,128519400
11-07-2024,Tesla,263.2999878,271,239.6499939,241.0299988,221707300
12-07-2024,Tesla,235.8000031,251.8399963,233.0899963,248.2299957,155955800
15-07-2024,Tesla,255.9700012,265.6000061,251.7299957,252.6399994,146912900
16-07-2024,Tesla,255.3099976,258.6199951,245.8000031,256.5599976,126332500
17-07-2024,Tesla,252.7299957,258.4700012,246.1799927,248.5,115584800
18-07-2024,Tesla,251.0899963,257.1400146,247.1999969,249.2299957,110869000
19-07-2024,Tesla,247.7899933,249.4400024,236.8300018,239.1999969,87403900
22-07-2024,Tesla,244.2100067,253.2100067,243.75,251.5099945,101225400
23-07-2024,Tesla,253.6000061,255.7599945,245.6300049,246.3800049,111928200
24-07-2024,Tesla,225.4199982,225.9900055,214.7100067,215.9900055,167942900
25-07-2024,Tesla,216.8000031,226,216.2299957,220.25,100636500
26-07-2024,Tesla,221.1900024,222.2799988,215.3300018,219.8000031,94604100
29-07-2024,Tesla,224.8999939,234.2700043,224.6999969,232.1000061,129201800
30-07-2024,Tesla,232.25,232.4100037,220,222.6199951,100560300
31-07-2024,Tesla,227.8999939,234.6799927,226.7899933,232.0700073,67497000
01-08-2024,Tesla,227.6900024,231.8699951,214.3300018,216.8600006,83861900
02-08-2024,Tesla,214.8800049,216.1300049,205.7799988,207.6699982,82880100
05-08-2024,Tesla,185.2200012,203.8800049,182,198.8800049,100308800
06-08-2024,Tesla,200.75,202.8999939,192.6699982,200.6399994,73783900
07-08-2024,Tesla,200.7700043,203.4900055,191.4799957,191.7599945,71159800
08-08-2024,Tesla,195.6999969,200.6999969,192.0399933,198.8399963,65033900
09-08-2024,Tesla,197.0500031,200.8800049,195.1100006,200,58648300
12-08-2024,Tesla,199.0200043,199.2599945,194.6699982,197.4900055,64044900
13-08-2024,Tesla,198.4700012,208.4900055,197.0599976,207.8300018,76247400
14-08-2024,Tesla,207.3899994,208.4400024,198.75,201.3800049,70250000
15-08-2024,Tesla,205.0200043,215.8800049,204.8200073,214.1399994,89848500
16-08-2024,Tesla,211.1499939,219.8000031,210.8000031,216.1199951,88765100
19-08-2024,Tesla,217.0700073,222.9799957,214.0899963,222.7200012,76435200
20-08-2024,Tesla,224.8800049,228.2200012,219.5599976,221.1000061,74001200
21-08-2024,Tesla,222.6699982,224.6600037,218.8600006,223.2700043,70146000
22-08-2024,Tesla,223.8200073,224.8000031,210.3200073,210.6600037,79514500
23-08-2024,Tesla,214.4600067,221.4799957,214.2100067,220.3200073,81525200
26-08-2024,Tesla,218.75,219.0899963,211.0099945,213.2100067,59301200
27-08-2024,Tesla,213.25,215.6600037,206.9400024,209.2100067,62821400
28-08-2024,Tesla,209.7200012,211.8399963,202.5899963,205.75,64116400
29-08-2024,Tesla,209.8000031,214.8899994,205.9700012,206.2799988,62308800
30-08-2024,Tesla,208.6300049,214.5700073,207.0299988,214.1100006,63370600
03-09-2024,Tesla,215.2599945,219.8999939,209.6399994,210.6000061,76714200
04-09-2024,Tesla,210.5899963,222.2200012,210.5700073,219.4100037,80651800
05-09-2024,Tesla,223.4900055,235,222.25,230.1699982,119355000
06-09-2024,Tesla,232.6000061,233.6000061,210.5099945,210.7299957,112177000
09-09-2024,Tesla,216.1999969,219.8699951,213.6699982,216.2700043,67443500
10-09-2024,Tesla,220.0700073,226.3999939,218.6399994,226.1699982,78891100
11-09-2024,Tesla,224.5500031,228.4700012,216.8000031,228.1300049,83548600
12-09-2024,Tesla,224.6600037,231.4499969,223.8300018,229.8099976,71894900
13-09-2024,Tesla,228,232.6699982,226.3200073,230.2899933,59515100
16-09-2024,Tesla,229.3000031,229.9600067,223.5299988,226.7799988,54323000
17-09-2024,Tesla,229.4499969,234.5700073,226.5500031,227.8699951,66761600
18-09-2024,Tesla,230.0899963,235.6799927,226.8800049,227.1999969,78010200
19-09-2024,Tesla,234,244.2400055,232.1300049,243.9199982,102694600
20-09-2024,Tesla,241.5200043,243.9900055,235.9199982,238.25,99879100
23-09-2024,Tesla,242.6100006,250,241.9199982,250,86927200
24-09-2024,Tesla,254.0800018,257.1900024,249.0500031,254.2700043,88491000
25-09-2024,Tesla,252.5399933,257.0499878,252.2799988,257.019989,65034300
26-09-2024,Tesla,260.6000061,261.75,251.5299988,254.2200012,67142200
27-09-2024,Tesla,257.3800049,260.7000122,254.1199951,260.4599915,70988100
30-09-2024,Tesla,259.0400085,264.8599854,255.7700043,261.6300049,80705700
01-10-2024,Tesla,262.6700134,263.980011,248.5299988,258.019989,87397600
02-10-2024,Tesla,247.5500031,251.1600037,241.5,249.0200043,93983900
03-10-2024,Tesla,244.4799957,249.7899933,237.8099976,240.6600037,80729200
04-10-2024,Tesla,246.6900024,250.9600067,244.5800018,250.0800018,86573200
07-10-2024,Tesla,249,249.8300018,240.6999969,240.8300018,68113300
08-10-2024,Tesla,243.5599976,246.2100067,240.5599976,244.5,56303200
09-10-2024,Tesla,243.8200073,247.4299927,239.5099945,241.0500031,66289500
10-10-2024,Tesla,241.8099976,242.7899933,232.3399963,238.7700043,83087100
11-10-2024,Tesla,220.1300049,223.3399963,214.3800049,217.8000031,142628900
14-10-2024,Tesla,220.1300049,221.9100037,213.7400055,219.1600037,86291900
15-10-2024,Tesla,220.0099945,224.2599945,217.1199951,219.5700073,62988800
16-10-2024,Tesla,221.3999939,222.8200073,218.9299927,221.3300018,49632800
17-10-2024,Tesla,221.5899963,222.0800018,217.8999939,220.8899994,50791800
18-10-2024,Tesla,220.7100067,222.2799988,219.2299957,220.6999969,49611900
21-10-2024,Tesla,218.8999939,220.4799957,215.7299957,218.8500061,47329000
22-10-2024,Tesla,217.3099976,218.2200012,215.2599945,217.9700012,43268700
23-10-2024,Tesla,217.1300049,218.7200012,212.1100006,213.6499939,80938900
24-10-2024,Tesla,244.6799927,262.1199951,242.6499939,260.480011,204491900
25-10-2024,Tesla,256.0100098,269.4899902,255.3200073,269.1900024,161611900
28-10-2024,Tesla,270,273.5400085,262.2399902,262.5100098,107653600
29-10-2024,Tesla,264.5100098,264.980011,255.5099945,259.519989,80521800
30-10-2024,Tesla,258.0400085,263.3500061,255.8200073,257.5499878,53993600
31-10-2024,Tesla,257.9899902,259.75,249.25,249.8500061,66575300
01-11-2024,Tesla,252.0399933,254,246.6300049,248.9799957,57544800
04-11-2024,Tesla,244.5599976,248.8999939,238.8800049,242.8399963,68802400
05-11-2024,Tesla,247.3399963,255.2799988,246.2100067,251.4400024,69282500
06-11-2024,Tesla,284.6700134,289.5899963,275.6199951,288.5299988,165228700
07-11-2024,Tesla,288.8900146,299.75,285.519989,296.9100037,117309200
08-11-2024,Tesla,299.1400146,328.7099915,297.6600037,321.2200012,204782800
11-11-2024,Tesla,346.2999878,358.6400146,336,350,210521600
12-11-2024,Tesla,342.7399902,345.8399963,323.3099976,328.4899902,155726000
13-11-2024,Tesla,335.8500061,344.6000061,322.5,330.2399902,125405600
14-11-2024,Tesla,327.6900024,329.980011,310.3699951,311.1799927,120726100
15-11-2024,Tesla,310.5700073,324.6799927,309.2200012,320.7200012,114440300
18-11-2024,Tesla,340.730011,348.5499878,330.0100098,338.7399902,126085600
19-11-2024,Tesla,335.7600098,347.3800049,332.75,346,88852500
20-11-2024,Tesla,345,346.6000061,334.2999878,342.0299988,66340700
21-11-2024,Tesla,343.8099976,347.9899902,335.2799988,339.6400146,58011700
22-11-2024,Tesla,341.0899963,361.5299988,337.7000122,352.5599976,89140700
25-11-2024,Tesla,360.1400146,361.9299927,338.2000122,338.5899963,95890900
26-11-2024,Tesla,341,346.9599915,335.6600037,338.230011,62295900
27-11-2024,Tesla,341.7999878,342.5499878,326.5899963,332.8900146,57896400
29-11-2024,Tesla,336.0799866,345.4500122,334.6499939,345.1600037,37167600
02-12-2024,Tesla,352.3800049,360,351.1499939,357.0899963,77986500
03-12-2024,Tesla,351.7999878,355.6900024,348.2000122,351.4200134,58267200
04-12-2024,Tesla,353,358.1000061,348.6000061,357.9299927,50810900
05-12-2024,Tesla,359.8699951,375.4299927,359.5,369.4899902,81403600
06-12-2024,Tesla,377.4200134,389.4899902,370.7999878,389.2200012,81455800
09-12-2024,Tesla,397.6099854,404.7999878,378.0100098,389.7900085,96359200
10-12-2024,Tesla,392.6799927,409.730011,390.8500061,400.9899902,97563600
11-12-2024,Tesla,409.7000122,424.8800049,402.3800049,424.769989,104287600
12-12-2024,Tesla,424.8399963,429.2999878,415,418.1000061,87752200
13-12-2024,Tesla,420,436.2999878,415.7099915,436.230011,89000200
16-12-2024,Tesla,441.0899963,463.1900024,436.1499939,463.019989,114083800
17-12-2024,Tesla,475.8999939,483.9899902,457.5100098,479.8599854,131223000
18-12-2024,Tesla,466.5,488.5400085,427.0100098,440.1300049,149340800
19-12-2024,Tesla,451.8800049,456.3599854,420.019989,436.1700134,118566100
20-12-2024,Tesla,425.5100098,447.0799866,417.6400146,421.0599976,132216200
23-12-2024,Tesla,431,434.5100098,415.4100037,430.6000061,72698100
24-12-2024,Tesla,435.8999939,462.7799988,435.1400146,462.2799988,59551800
26-12-2024,Tesla,465.1600037,465.3299866,451.019989,454.1300049,76366400
27-12-2024,Tesla,449.519989,450,426.5,431.6600037,82666800
30-12-2024,Tesla,419.3999939,427,415.75,417.4100037,64941000
31-12-2024,Tesla,423.7900085,427.9299927,402.5400085,403.8399963,76825100
02-01-2025,Tesla,390.1000061,392.730011,373.0400085,379.2799988,109710700
03-01-2025,Tesla,381.480011,411.8800049,379.4500122,410.4400024,95423300
06-01-2025,Tesla,423.2000122,426.4299927,401.7000122,411.0499878,85516500
07-01-2025,Tesla,405.8299866,414.3299866,390,394.3599854,75699500
08-01-2025,Tesla,392.9500122,402.5,387.3999939,394.9400024,73038800
10-01-2025,Tesla,391.3999939,399.2799988,377.2900085,394.7399902,62287300
13-01-2025,Tesla,383.2099915,403.7900085,380.0700073,403.3099976,67580500
14-01-2025,Tesla,414.3399963,422.6400146,394.5400085,396.3599854,84565000
15-01-2025,Tesla,409.8999939,429.7999878,405.6600037,428.2200012,81375500
16-01-2025,Tesla,423.4899902,424,409.1300049,413.8200073,68335200
17-01-2025,Tesla,421.5,439.7399902,419.75,426.5,94991400
21-01-2025,Tesla,432.6400146,433.2000122,406.3099976,424.0700073,87320900
22-01-2025,Tesla,416.8099976,428,414.5899963,415.1099854,60963300
23-01-2025,Tesla,416.0599976,420.730011,408.9500122,412.3800049,50690600
24-01-2025,Tesla,414.4500122,418.8800049,405.7799988,406.5799866,56427100
27-01-2025,Tesla,394.7999878,406.6900024,389,397.1499939,58125500
28-01-2025,Tesla,396.9100037,400.5899963,386.5,398.0899963,48910700
29-01-2025,Tesla,395.2099915,398.5899963,384.480011,389.1000061,68033600
30-01-2025,Tesla,410.7799988,412.5,384.4100037,400.2799988,98092900
31-01-2025,Tesla,401.5299988,419.9899902,401.3399963,404.6000061,83283600
03-02-2025,Tesla,386.6799927,389.1700134,374.3599854,383.6799927,93732100
04-02-2025,Tesla,382.6300049,394,381.3999939,392.2099915,57072200
05-02-2025,Tesla,387.5100098,388.3900146,375.5299988,378.1700134,57223300
06-02-2025,Tesla,373.0299988,375.3999939,363.1799927,374.3200073,77918200
07-02-2025,Tesla,370.1900024,380.5499878,360.3399963,361.6199951,70298300
10-02-2025,Tesla,356.2099915,362.7000122,350.5100098,350.730011,77514900
11-02-2025,Tesla,345.7999878,349.3699951,325.1000061,328.5,118543400
12-02-2025,Tesla,329.9400024,346.3999939,329.1199951,336.5100098,105382700
13-02-2025,Tesla,345,358.6900024,342.8500061,355.9400024,89441500
14-02-2025,Tesla,360.6199951,362,347.5,355.8399963,68277300
18-02-2025,Tesla,355.0100098,359.1000061,350.019989,354.1099854,51631700
19-02-2025,Tesla,354,367.3399963,353.6700134,360.5599976,67094400
20-02-2025,Tesla,361.5100098,362.2999878,348,354.3999939,45965400
21-02-2025,Tesla,353.4400024,354.980011,334.4200134,337.7999878,74058600
24-02-2025,Tesla,338.1400146,342.3999939,324.7000122,330.5299988,76052300
25-02-2025,Tesla,327.019989,328.8900146,297.25,302.7999878,134228800
26-02-2025,Tesla,303.7099915,309,288.0400085,290.7999878,100118300
27-02-2025,Tesla,291.1600037,297.230011,280.8800049,281.9500122,101748200
28-02-2025,Tesla,279.5,293.8800049,273.6000061,292.980011,115697000
03-03-2025,Tesla,300.3399963,303.9400024,277.2999878,284.6499939,115551400
04-03-2025,Tesla,270.9299927,284.3500061,261.8399963,272.0400085,126706600
05-03-2025,Tesla,272.9200134,279.5499878,267.7099915,279.1000061,94042900
06-03-2025,Tesla,272.0599976,272.6499939,260.019989,263.4500122,98451600
07-03-2025,Tesla,259.3200073,266.25,250.7299957,262.6700134,102369600
10-03-2025,Tesla,252.5399933,253.3699951,220,222.1499939,189076900
11-03-2025,Tesla,225.3099976,237.0599976,217.0200043,230.5800018,174896400
12-03-2025,Tesla,247.2200012,251.8399963,241.1000061,248.0899963,142215700
13-03-2025,Tesla,248.1300049,248.2899933,232.6000061,240.6799927,114813500
14-03-2025,Tesla,247.3099976,251.5800018,240.7299957,249.9799957,100242300
17-03-2025,Tesla,245.0599976,245.3999939,232.8000031,238.0099945,111900600
18-03-2025,Tesla,228.1600037,230.1000061,222.2799988,225.3099976,111477600
19-03-2025,Tesla,231.6100006,241.4100037,229.1999969,235.8600006,111993800
20-03-2025,Tesla,233.3500061,238,230.0500031,236.2599945,99028300
21-03-2025,Tesla,234.9900055,249.5200043,234.5500031,248.7100067,132728700
24-03-2025,Tesla,258.0799866,278.6400146,256.3299866,278.3900146,169079900
25-03-2025,Tesla,283.6000061,288.2000122,271.2799988,288.1400146,150361500
26-03-2025,Tesla,282.6600037,284.8999939,266.5100098,272.0599976,153629800
27-03-2025,Tesla,272.480011,291.8500061,271.8200073,273.1300049,162572100
28-03-2025,Tesla,275.5799866,276.1000061,260.5700073,263.5499878,123809400
31-03-2025,Tesla,249.3099976,260.5599976,243.3600006,259.1600037,134008900
01-04-2025,Tesla,263.7999878,277.4500122,259.25,268.4599915,146486900
02-04-2025,Tesla,254.6000061,284.9899902,251.2700043,282.7600098,212787800
03-04-2025,Tesla,265.2900085,276.2999878,261.5100098,267.2799988,136174300
04-04-2025,Tesla,255.3800049,261,236,239.4299927,181229400
07-04-2025,Tesla,223.7799988,252,214.25,233.2899933,183453800
08-04-2025,Tesla,245,250.4400024,217.8000031,221.8600006,171603500
09-04-2025,Tesla,224.6900024,274.6900024,223.8800049,272.2000122,219433400
10-04-2025,Tesla,260,262.4899902,239.3300018,252.3999939,181722600
11-04-2025,Tesla,251.8399963,257.7399902,241.3600006,252.3099976,128948100
14-04-2025,Tesla,258.3599854,261.7999878,245.9299927,252.3500061,100135200
15-04-2025,Tesla,249.9100037,258.75,247.5399933,254.1100006,79594300
16-04-2025,Tesla,247.6100006,251.9700012,233.8899994,241.5500031,112378700
17-04-2025,Tesla,243.4700012,244.3399963,237.6799927,241.3699951,83404800
21-04-2025,Tesla,230.2599945,232.2100067,222.7899933,227.5,97768000
22-04-2025,Tesla,230.9600067,242.7899933,229.8500061,237.9700012,120858500
23-04-2025,Tesla,254.8600006,259.4500122,244.4299927,250.7400055,150381900
24-04-2025,Tesla,250.5,259.5400085,249.1999969,259.5100098,94464200
25-04-2025,Tesla,261.6900024,286.8500061,259.6300049,284.9500122,167560700
28-04-2025,Tesla,288.980011,294.8599854,272.4200134,285.8800049,151731800
29-04-2025,Tesla,285.5,293.3200073,279.4700012,292.0299988,108906600
30-04-2025,Tesla,279.8999939,284.4500122,270.7799988,282.1600037,128961100
01-05-2025,Tesla,280.0100098,290.8699951,279.8099976,280.519989,99659000
02-05-2025,Tesla,284.8999939,294.7799988,279.8099976,287.2099915,114454700
05-05-2025,Tesla,284.5700073,284.8500061,274.3999939,280.2600098,94618900
06-05-2025,Tesla,273.1099854,277.730011,271.3500061,275.3500061,76715800
07-05-2025,Tesla,276.8800049,277.9200134,271,276.2200012,71592600
08-05-2025,Tesla,279.6300049,289.7999878,279.4100037,284.8200073,97539400
09-05-2025,Tesla,290.2099915,307.0400085,290,298.2600098,132387800
12-05-2025,Tesla,321.9899902,322.2099915,311.5,318.3800049,112826700
13-05-2025,Tesla,320,337.5899963,316.7999878,334.0700073,136992600
14-05-2025,Tesla,342.5,350,337,347.6799927,136997300
15-05-2025,Tesla,340.3399963,346.1400146,334.7200012,342.8200073,97882600
16-05-2025,Tesla,346.2399902,351.6199951,342.3299866,349.980011,95895700
19-05-2025,Tesla,336.2999878,343,333.3699951,342.0899963,88869900
20-05-2025,Tesla,347.8699951,354.9899902,341.6300049,343.8200073,131715500
21-05-2025,Tesla,344.4299927,347.3500061,332.2000122,334.6199951,102354800
22-05-2025,Tesla,331.8999939,347.269989,331.3900146,341.0400085,97113400
23-05-2025,Tesla,337.9200134,343.1799927,333.2099915,339.3399963,84654800
27-05-2025,Tesla,347.3500061,363.7900085,347.3200073,362.8900146,120146400
28-05-2025,Tesla,364.8399963,365,355.9100037,356.8999939,91404300
29-05-2025,Tesla,365.2900085,367.7099915,356,358.4299927,88087800
30-05-2025,Tesla,355.519989,363.6799927,345.2900085,346.4599915,123474900
02-06-2025,Tesla,343.5,348.019989,333.3299866,342.6900024,81873800
03-06-2025,Tesla,346.6000061,355.3999939,343.0400085,344.269989,99324500
04-06-2025,Tesla,345.1000061,345.6000061,327.3299866,332.0499878,98912100
05-06-2025,Tesla,322.4899902,324.5499878,273.2099915,284.7000122,287499800
06-06-2025,Tesla,298.8299866,305.5,291.1400146,295.1400146,164747700
09-06-2025,Tesla,285.9599915,309.8299866,281.8500061,308.5799866,140908900
10-06-2025,Tesla,314.9400024,327.8299866,310.6700134,326.0899963,151256500
11-06-2025,Tesla,334.3999939,335.5,322.5,326.4299927,122611400
12-06-2025,Tesla,323.0799866,332.5599976,316.8599854,319.1099854,105127500
13-06-2025,Tesla,313.9700012,332.9899902,313.2999878,325.3099976,128964300
16-06-2025,Tesla,331.2900085,332.0499878,326.4100037,329.1300049,83925900
17-06-2025,Tesla,326.0899963,327.2600098,314.7399902,316.3500061,88282700
18-06-2025,Tesla,317.3099976,329.3200073,315.4500122,322.0499878,95137700
20-06-2025,Tesla,327.9500122,332.3599854,317.7799988,322.1600037,108688000
23-06-2025,Tesla,327.5400085,357.5400085,327.480011,348.6799927,190716800
24-06-2025,Tesla,356.1700134,356.2600098,340.4400024,340.4700012,114736200
25-06-2025,Tesla,342.7000122,343,320.3999939,327.5499878,119845100
26-06-2025,Tesla,324.6099854,331.0499878,323.6099854,325.7799988,80440900
27-06-2025,Tesla,324.5100098,329.3399963,317.5,323.6300049,89067000
30-06-2025,Tesla,319.8999939,325.5799866,316.6000061,317.6600037,76695100
01-07-2025,Tesla,298.4599915,305.8900146,293.2099915,300.7099915,145085700
02-07-2025,Tesla,312.6300049,316.8299866,303.8200073,315.6499939,119483700
03-07-2025,Tesla,317.9899902,318.4500122,312.7600098,315.3500061,58042300
07-07-2025,Tesla,291.3699951,296.1499939,288.769989,293.9400024,131177900
08-07-2025,Tesla,297,304.0499878,294.3500061,297.8099976,103246700
09-07-2025,Tesla,297.5499878,300.1499939,293.5499878,295.8800049,75586800
10-07-2025,Tesla,300.0499878,310.480011,300,309.8699951,104365300
11-07-2025,Tesla,307.8900146,314.0899963,305.6499939,313.5100098,79236400
14-07-2025,Tesla,317.730011,322.6000061,312.6700134,316.8999939,78043400
15-07-2025,Tesla,319.6799927,321.2000122,310.5,310.7799988,77556300
16-07-2025,Tesla,312.7999878,323.5,312.6199951,321.6700134,97284800
17-07-2025,Tesla,323.1499939,324.3399963,317.0599976,319.4100037,73922900
18-07-2025,Tesla,321.6600037,330.8999939,321.4200134,329.6499939,94255000
21-07-2025,Tesla,334.3999939,338,326.8800049,328.4899902,75768800
22-07-2025,Tesla,329.7399902,335.4100037,321.5499878,332.1099854,77370400
23-07-2025,Tesla,330.8999939,336.2000122,328.6700134,332.5599976,92553800
24-07-2025,Tesla,310,310.1499939,300.4100037,305.2999878,156966000
25-07-2025,Tesla,308.7399902,323.6300049,308.0100098,316.0599976,148227000
28-07-2025,Tesla,318.4500122,330.4899902,315.6900024,325.5899963,112673800
29-07-2025,Tesla,325.5499878,326.25,318.25,321.2000122,87358900
30-07-2025,Tesla,322.1799927,324.4500122,311.6199951,319.0400085,83931900
31-07-2025,Tesla,319.6099854,321.3699951,306.1000061,308.269989,85270900
01-08-2025,Tesla,306.2099915,309.3099976,297.8200073,302.6300049,89121400
04-08-2025,Tesla,309.0799866,312.1199951,303,309.2600098,78683900
05-08-2025,Tesla,308.9500122,312.4500122,305.5,308.7200012,57961300
06-08-2025,Tesla,307.8900146,320.4700012,306.9299927,319.9100037,78523600
07-08-2025,Tesla,319.7900085,322.3999939,316.1600037,322.269989,66658700
08-08-2025,Tesla,321.4299927,335.1499939,320.980011,329.6499939,91200300
11-08-2025,Tesla,335,346.6400146,334.1499939,339.0299988,105320200
12-08-2025,Tesla,345,345.2600098,332.9400024,340.8399963,80522100
13-08-2025,Tesla,341.5,348.980011,338.2000122,339.3800049,67838900
14-08-2025,Tesla,335.7600098,340.4700012,330.3999939,335.5799866,75000700
15-08-2025,Tesla,337.6600037,339.2999878,327.019989,330.5599976,74319800
18-08-2025,Tesla,329.6199951,336.269989,329.5899963,335.1600037,56956600
19-08-2025,Tesla,335.7900085,340.5499878,327.8500061,329.3099976,75956000
20-08-2025,Tesla,329.2200012,331.3699951,314.6000061,323.8999939,77481800
21-08-2025,Tesla,322.0799866,324.8999939,318.6799927,320.1099854,55744400
22-08-2025,Tesla,321.6600037,340.25,319.6900024,340.0100098,94016300
25-08-2025,Tesla,338.8999939,349.5299988,335.0299988,346.6000061,86670000
26-08-2025,Tesla,344.9299927,351.8999939,343.7200012,351.6700134,76651600
27-08-2025,Tesla,351.9400024,355.3900146,349.1600037,349.6000061,65519000
28-08-2025,Tesla,350.9100037,353.5499878,340.2600098,345.980011,67903200
29-08-2025,Tesla,347.230011,348.75,331.7000122,333.8699951,81145700
02-09-2025,Tesla,328.230011,333.3299866,325.6000061,329.3599854,58392000
03-09-2025,Tesla,335.2000122,343.3299866,328.5100098,334.0899963,88733300
04-09-2025,Tesla,336.1499939,338.8900146,331.480011,338.5299988,60711000
05-09-2025,Tesla,348,355.8699951,344.6799927,350.8399963,108989800
08-09-2025,Tesla,354.6400146,358.4400024,344.8399963,346.3999939,75208300
09-09-2025,Tesla,348.4400024,350.769989,343.8200073,346.9700012,53816000
10-09-2025,Tesla,350.5499878,356.3299866,346.0700073,347.7900085,72121700
11-09-2025,Tesla,350.1700134,368.9899902,347.6000061,368.8099976,103756000
12-09-2025,Tesla,370.9400024,396.6900024,370.2399902,395.9400024,168156400
15-09-2025,Tesla,423.1300049,425.7000122,402.4299927,410.0400085,163823700
16-09-2025,Tesla,414.5,423.25,411.4299927,421.6199951,104285700
17-09-2025,Tesla,415.75,428.3099976,409.6700134,425.8599854,106133500
18-09-2025,Tesla,428.8699951,432.2200012,416.5599976,416.8500061,90454500
19-09-2025,Tesla,421.8200073,429.4700012,421.7200012,426.0700073,93131000
22-09-2025,Tesla,431.1099854,444.980011,429.1300049,434.2099915,97108800
23-09-2025,Tesla,439.8800049,440.9700012,423.7200012,425.8500061,83422700
24-09-2025,Tesla,429.8299866,444.2099915,429.0299988,442.7900085,93133600
25-09-2025,Tesla,435.2399902,435.3500061,419.0799866,423.3900146,96746400
26-09-2025,Tesla,428.2999878,440.4700012,421.019989,440.3999939,101628200
29-09-2025,Tesla,444.3500061,450.980011,439.5,443.2099915,79491500
30-09-2025,Tesla,441.519989,445,433.1199951,444.7200012,74358000
01-10-2025,Tesla,443.7999878,462.2900085,440.75,459.4599915,98122300
02-10-2025,Tesla,470.5400085,470.75,435.5700073,436,137009000
03-10-2025,Tesla,443.2900085,446.769989,416.5799866,429.8299866,133188200
06-10-2025,Tesla,440.75,453.5499878,436.6900024,453.25,85324900
07-10-2025,Tesla,447.8200073,452.6799927,432.4500122,433.0899963,102296100
08-10-2025,Tesla,437.5700073,441.3299866,425.230011,438.6900024,71192100
09-10-2025,Tesla,431.8099976,436.3500061,426.1799927,435.5400085,69339900
10-10-2025,Tesla,436.5400085,443.1300049,411.4500122,413.4899902,112107900
13-10-2025,Tesla,423.5299988,436.8900146,419.7000122,435.8999939,79552800
14-10-2025,Tesla,426.7900085,434.2000122,417.8599854,429.2399902,72669400
15-10-2025,Tesla,434.8999939,440.5100098,426.3299866,435.1499939,71558200
16-10-2025,Tesla,434.730011,439.3500061,421.3099976,428.75,77189900
17-10-2025,Tesla,425.5,441.4599915,423.6000061,439.3099976,89331600
20-10-2025,Tesla,443.8699951,449.7999878,440.6099854,447.4299927,63719000
21-10-2025,Tesla,445.7600098,449.2999878,442.0499878,442.6000061,54412200
22-10-2025,Tesla,443.4500122,445.5400085,429,438.9700012,84023500
23-10-2025,Tesla,420,449.3999939,413.8999939,448.980011,126709800
24-10-2025,Tesla,446.8299866,451.6799927,430.1700134,433.7200012,94727800
27-10-2025,Tesla,439.980011,460.1600037,438.6900024,452.4200134,105867500
28-10-2025,Tesla,454.7799988,467,451.6000061,460.5499878,80185700
29-10-2025,Tesla,462.5,465.7000122,452.6499939,461.5100098,67983500
30-10-2025,Tesla,451.0499878,455.0599976,439.6099854,440.1000061,72447900
31-10-2025,Tesla,446.75,458,443.6900024,456.5599976,83135800
03-11-2025,Tesla,455.9899902,474.0700073,453.7999878,468.3699951,84595200
04-11-2025,Tesla,454.4599915,460.2200012,443.6000061,444.2600098,87756600
05-11-2025,Tesla,452.0499878,466.3299866,440.7099915,462.0700073,85573000
06-11-2025,Tesla,461.9599915,467.4500122,435.0899963,445.9100037,109622900
07-11-2025,Tesla,437.9200134,439.3599854,421.8800049,429.519989,103471500
10-11-2025,Tesla,439.6000061,449.6700134,433.3599854,445.230011,76515900
11-11-2025,Tesla,439.3999939,442.4899902,432.3599854,439.6199951,60533200
12-11-2025,Tesla,442.1499939,442.3299866,426.5599976,430.6000061,58513500
13-11-2025,Tesla,423.1300049,424.5,396.3399963,401.9899902,118948000
14-11-2025,Tesla,386.2999878,412.1900024,382.7799988,404.3500061,105506700
17-11-2025,Tesla,398.7399902,423.9599915,398.7399902,408.9200134,102214300
18-11-2025,Tesla,405.3800049,408.8999939,393.7099915,401.25,80688600
19-11-2025,Tesla,406.1799927,411.7799988,398.5,403.9899902,72047700
20-11-2025,Tesla,414.6300049,428.9400024,394.7399902,395.230011,113548800
21-11-2025,Tesla,402.3200073,402.7999878,383.7600098,391.0899963,100460600
24-11-2025,Tesla,402.1700134,421.7200012,401.0899963,417.7799988,96806400
25-11-2025,Tesla,414.4200134,420.480011,405.9500122,419.3999939,71915600
26-11-2025,Tesla,423.9500122,426.9400024,416.8900146,426.5799866,63463000
28-11-2025,Tesla,426.5899963,432.9299927,426.2000122,430.1700134,36252900
01-12-2025,Tesla,425.3200073,433.6600037,425.2900085,430.1400146,57463600
02-12-2025,Tesla,430.8099976,436.7999878,422.1199951,429.2399902,69336600
03-12-2025,Tesla,432.1000061,447.9200134,431.1099854,446.7399902,87483000
04-12-2025,Tesla,449.9400024,454.6300049,445.3900146,454.5299988,71906500
05-12-2025,Tesla,453.0299988,458.8699951,451.6600037,455,56427500
08-12-2025,Tesla,447.4500122,449.75,435.25,439.5799866,69165800
09-12-2025,Tesla,437.5400085,452.3900146,435.7000122,445.1700134,62367400
10-12-2025,Tesla,446.0700073,456.8800049,443.6099854,451.4500122,63257500
11-12-2025,Tesla,448.9500122,449.269989,440.3299866,446.8900146,55979500
12-12-2025,Tesla,448.0899963,463.0100098,441.6700134,458.9599915,95656700
15-12-2025,Tesla,469.4400024,481.769989,467.6600037,475.3099976,114542200
16-12-2025,Tesla,472.2099915,491.5,465.8299866,489.8800049,107608100
17-12-2025,Tesla,488.2200012,495.2799988,466.2000122,467.2600098,106490400
18-12-2025,Tesla,478.1600037,490.8599854,473.1199951,483.3699951,95168400
19-12-2025,Tesla,488.1199951,490.4899902,474.7200012,481.2000122,103305400
22-12-2025,Tesla,489.8800049,498.8299866,485.3299866,488.730011,86916100
23-12-2025,Tesla,489.3999939,491.9700012,482.8399963,485.5599976,58223600
24-12-2025,Tesla,488.480011,490.8999939,476.7999878,485.3999939,41285400
26-12-2025,Tesla,485.230011,489.0899963,473.8200073,475.1900024,58780700
29-12-2025,Tesla,469,469.3999939,459,459.6400146,66263000
30-12-2025,Tesla,461.0899963,463.1199951,453.8299866,454.4299927,59238500
31-12-2025,Tesla,456.1000061,456.5499878,449.2999878,449.7200012,49078000
02-01-2020,NVIDIA,5.934968096,5.963803768,5.88450555,5.963803768,237536000
03-01-2020,NVIDIA,5.844234389,5.912098283,5.81937579,5.868347168,205384000
06-01-2020,NVIDIA,5.775127202,5.898176519,5.749025889,5.892956257,262636000
07-01-2020,NVIDIA,5.921295812,6.010040762,5.876301979,5.964301109,314856000
08-01-2020,NVIDIA,5.960075367,6.01675292,5.920053347,5.975487709,277108000
09-01-2020,NVIDIA,6.061746458,6.113452194,5.987419582,6.041113853,255112000
10-01-2020,NVIDIA,6.148253831,6.178581141,6.059260434,6.073429585,316296000
13-01-2020,NVIDIA,6.156457379,6.288952968,6.133835764,6.263845921,319840000
14-01-2020,NVIDIA,6.221088269,6.246444236,6.133834972,6.147010326,359088000
15-01-2020,NVIDIA,6.159687144,6.182059831,6.078648386,6.104501247,263104000
16-01-2020,NVIDIA,6.15794852,6.193993465,6.13458156,6.188027382,284192000
17-01-2020,NVIDIA,6.207167801,6.214625523,6.149247541,6.196727276,253792000
21-01-2020,NVIDIA,6.160185136,6.196975896,6.129360458,6.163416862,217916000
22-01-2020,NVIDIA,6.208659106,6.303867019,6.189766592,6.217359543,239240000
23-01-2020,NVIDIA,6.257383951,6.294174247,6.168638988,6.285722256,244516000
24-01-2020,NVIDIA,6.401065315,6.450782516,6.17236704,6.226558685,373512000
27-01-2020,NVIDIA,5.922289191,6.021972024,5.77288964,5.971012115,470536000
28-01-2020,NVIDIA,6.036887788,6.196479437,5.983690414,6.164163589,310976000
29-01-2020,NVIDIA,6.149744041,6.185788977,6.063981917,6.103755951,258848000
30-01-2020,NVIDIA,6.006062657,6.123892191,5.951125674,6.110468388,290504000
31-01-2020,NVIDIA,6.064730002,6.076662169,5.835534813,5.877296925,370420000
03-02-2020,NVIDIA,5.859149408,5.993634008,5.852934877,5.974244595,255564000
04-02-2020,NVIDIA,6.11593743,6.162422897,6.065971788,6.14328146,271544000
05-02-2020,NVIDIA,6.264093401,6.274285478,6.150241423,6.233517647,208220000
06-02-2020,NVIDIA,6.267823747,6.32027483,6.186784966,6.32027483,218284000
07-02-2020,NVIDIA,6.280251703,6.302375943,6.228794424,6.254150391,189752000
10-02-2020,NVIDIA,6.276770592,6.537784625,6.271798779,6.53703928,529608000
11-02-2020,NVIDIA,6.645174095,6.773941034,6.583276296,6.659343243,638556000
12-02-2020,NVIDIA,6.712043651,6.781399175,6.673264356,6.774935722,374644000
13-02-2020,NVIDIA,6.71701581,6.798303029,6.689671307,6.731184959,528016000
14-02-2020,NVIDIA,7.14085329,7.332512319,7.109531714,7.203745365,1041924000
18-02-2020,NVIDIA,7.100582313,7.390681461,7.081192902,7.372285843,620164000
19-02-2020,NVIDIA,7.494590249,7.840620666,7.494590249,7.822970867,694332000
20-02-2020,NVIDIA,7.77499354,7.863241105,7.3668169,7.673819542,810052000
21-02-2020,NVIDIA,7.561707464,7.586814508,7.225371791,7.310139179,768180000
24-02-2020,NVIDIA,6.716518843,7.006866457,6.662078755,6.793331623,856916000
25-02-2020,NVIDIA,6.868404122,6.930301931,6.412499271,6.514170647,1055496000
26-02-2020,NVIDIA,6.514418978,6.847274499,6.512927813,6.65337801,747732000
27-02-2020,NVIDIA,6.340222944,6.641191014,6.190734008,6.283014297,906416000
28-02-2020,NVIDIA,6.030797117,6.776998186,6.0141321,6.717550755,1133252000
02-03-2020,NVIDIA,6.887436955,6.904599643,6.491950296,6.87574625,890744000
03-03-2020,NVIDIA,6.93146285,6.991158887,6.528265411,6.613581181,652792000
04-03-2020,NVIDIA,6.720785207,7.086175007,6.646164807,7.076723099,597408000
05-03-2020,NVIDIA,6.877488417,7.044140056,6.753121536,6.797645092,540328000
06-03-2020,NVIDIA,6.618307294,6.675765012,6.417330292,6.617312431,515412000
09-03-2020,NVIDIA,5.96712263,6.452153635,5.924340679,6.104921341,614160000
10-03-2020,NVIDIA,6.381014651,6.493939877,6.118600976,6.493939877,580648000
11-03-2020,NVIDIA,6.354151552,6.382507276,6.033533894,6.130539894,499964000
12-03-2020,NVIDIA,5.607950775,5.873100937,5.367674081,5.38035965,816540000
13-03-2020,NVIDIA,5.733311156,5.994979,5.462440477,5.990501881,634836000
16-03-2020,NVIDIA,5.283353074,5.623869902,4.825434366,4.885130405,726972000
17-03-2020,NVIDIA,4.997309872,5.493533932,4.75081491,5.404238224,833632000
18-03-2020,NVIDIA,4.977162032,5.221915838,4.494121265,5.044817448,874268000
19-03-2020,NVIDIA,5.023426415,5.390806446,4.810261986,5.297282696,765512000
20-03-2020,NVIDIA,5.44726969,5.728836321,5.102276153,5.117697716,804636000
23-03-2020,NVIDIA,5.116701401,5.384588022,4.937861882,5.290317535,643876000
24-03-2020,NVIDIA,5.696002435,6.284506733,5.672372901,6.197947025,1101644000
25-03-2020,NVIDIA,6.312862293,6.51234677,6.060646289,6.109398365,793432000
26-03-2020,NVIDIA,6.316345361,6.522297184,6.218344476,6.398427963,696108000
27-03-2020,NVIDIA,6.218342772,6.544681469,6.18550993,6.286247253,638828000
30-03-2020,NVIDIA,6.351664371,6.615322467,6.307638489,6.606119156,602252000
31-03-2020,NVIDIA,6.646165375,6.850127441,6.411112067,6.556621552,949960000
01-04-2020,NVIDIA,6.358876792,6.505132036,6.001446418,6.045969486,656912000
02-04-2020,NVIDIA,6.075071479,6.367582441,6.027066155,6.354399681,675764000
03-04-2020,NVIDIA,6.316840683,6.358379163,5.92956253,6.066863537,663212000
06-04-2020,NVIDIA,6.348678519,6.712824802,6.291220814,6.676012039,727884000
07-04-2020,NVIDIA,6.897386723,6.921016733,6.399919227,6.442950249,784520000
08-04-2020,NVIDIA,6.551895173,6.664820406,6.48200096,6.639946938,542444000
09-04-2020,NVIDIA,6.76555763,6.788440898,6.477523736,6.540453434,525564000
13-04-2020,NVIDIA,6.480757552,6.720785645,6.39245719,6.712080002,398408000
14-04-2020,NVIDIA,6.840177412,7.096870512,6.812567953,7.062794209,530948000
15-04-2020,NVIDIA,6.894898714,7.068266246,6.849629373,6.98543787,366148000
16-04-2020,NVIDIA,7.14064721,7.437137644,7.127464449,7.330182076,745620000
17-04-2020,NVIDIA,7.412264648,7.433655858,7.137165405,7.270984173,539120000
20-04-2020,NVIDIA,7.144628784,7.300335981,7.095628107,7.139902592,449388000
21-04-2020,NVIDIA,7.022002164,7.083190259,6.64392678,6.703622818,735160000
22-04-2020,NVIDIA,6.895645953,7.160298945,6.850128009,7.117516518,483356000
23-04-2020,NVIDIA,7.159552545,7.291381132,7.039165118,7.064287186,424160000
24-04-2020,NVIDIA,7.054088912,7.205069903,6.979468507,7.203080177,352328000
27-04-2020,NVIDIA,7.337396152,7.549068506,7.312771282,7.389381409,479388000
28-04-2020,NVIDIA,7.536631043,7.566479296,7.24163314,7.247105122,442904000
29-04-2020,NVIDIA,7.381671327,7.476439012,7.306553725,7.423707485,379160000
30-04-2020,NVIDIA,7.36973245,7.423707914,7.256061414,7.269990444,375916000
01-05-2020,NVIDIA,7.072742494,7.185916306,6.985437009,7.033691406,342096000
04-05-2020,NVIDIA,6.986431845,7.259044141,6.986431845,7.245363712,317556000
05-05-2020,NVIDIA,7.349334992,7.468727057,7.245364012,7.306303978,368896000
06-05-2020,NVIDIA,7.385649862,7.511757839,7.347842234,7.407040596,323464000
07-05-2020,NVIDIA,7.546083299,7.646322956,7.49484431,7.583144665,373732000
08-05-2020,NVIDIA,7.654780103,7.779146963,7.620952397,7.772928715,339216000
11-05-2020,NVIDIA,7.767954136,8.071409585,7.739349814,8.024647713,469060000
12-05-2020,NVIDIA,8.082353716,8.131105315,7.753279002,7.762979507,493060000
13-05-2020,NVIDIA,7.877396787,8.037581076,7.556281469,7.740593433,625852000
14-05-2020,NVIDIA,7.802030552,7.995296754,7.648561706,7.989824772,602312000
15-05-2020,NVIDIA,7.849789034,8.457445356,7.834118875,8.447745323,987660000
18-05-2020,NVIDIA,8.716128886,8.871338898,8.636534154,8.70593071,774460000
19-05-2020,NVIDIA,8.745727533,9.041471768,8.718366668,8.760900497,717320000
20-05-2020,NVIDIA,8.945460767,8.997197432,8.843728564,8.924567223,587536000
21-05-2020,NVIDIA,9.005652193,9.006646581,8.693242553,8.730801582,761068000
22-05-2020,NVIDIA,8.780550483,9.046945086,8.66911824,8.980532646,1038764000
26-05-2020,NVIDIA,9.11036908,9.135243019,8.628074634,8.673592567,770780000
27-05-2020,NVIDIA,8.581315267,8.589025574,7.956247167,8.482070923,1175892000
28-05-2020,NVIDIA,8.36964131,8.716127803,8.336808464,8.444013596,734896000
29-05-2020,NVIDIA,8.51116843,8.830542564,8.4420205,8.830542564,745256000
01-06-2020,NVIDIA,8.788507072,8.795968779,8.645485018,8.76164341,389876000
02-06-2020,NVIDIA,8.751695654,8.792487397,8.614145568,8.780548096,391320000
03-06-2020,NVIDIA,8.777564845,8.821341654,8.655933498,8.725081444,365440000
04-06-2020,NVIDIA,8.687752876,8.902010324,8.637485827,8.726076126,424280000
05-06-2020,NVIDIA,8.753949904,8.955515592,8.667848578,8.878870964,481748000
08-06-2020,NVIDIA,8.836315791,8.848757963,8.645699107,8.764399529,387736000
09-06-2020,NVIDIA,8.759425489,9.067746911,8.710900339,9.004290581,468488000
10-06-2020,NVIDIA,9.125477007,9.456194615,9.111291964,9.323558807,632180000
11-06-2020,NVIDIA,9.107811678,9.218548661,8.745490604,8.755693436,583652000
12-06-2020,NVIDIA,9.12024964,9.144885268,8.663116917,8.891309738,570908000
15-06-2020,NVIDIA,8.774601383,9.139908695,8.703430311,9.131447792,400004000
16-06-2020,NVIDIA,9.182464923,9.224022373,8.797995386,9.026685715,535716000
17-06-2020,NVIDIA,9.07172593,9.256121054,9.028425618,9.193411827,408304000
18-06-2020,NVIDIA,9.184454428,9.239698547,9.072472977,9.175496101,254408000
19-06-2020,NVIDIA,9.199882178,9.401447822,9.184702292,9.21854496,524160000
22-06-2020,NVIDIA,9.257115731,9.487299194,9.23048852,9.482819557,398468000
23-06-2020,NVIDIA,9.506960558,9.598038938,9.36412285,9.40642643,375108000
24-06-2020,NVIDIA,9.432553236,9.512433927,9.10233307,9.192914009,449372000
25-06-2020,NVIDIA,9.312611657,9.461173511,9.139911588,9.446242332,376072000
26-06-2020,NVIDIA,9.456195774,9.456195774,9.082924888,9.112786293,592084000
29-06-2020,NVIDIA,9.127469305,9.16205906,8.858962506,9.157579422,342248000
30-06-2020,NVIDIA,9.271050909,9.482321927,9.223770285,9.453953743,367892000
01-07-2020,NVIDIA,9.476848339,9.531595029,9.369595252,9.486055374,326648000
02-07-2020,NVIDIA,9.594554583,9.692600651,9.534084693,9.567928314,364056000
06-07-2020,NVIDIA,9.696833023,9.863062846,9.667717743,9.793883324,315892000
07-07-2020,NVIDIA,9.900387565,10.02356669,9.805327925,9.826231003,357800000
08-07-2020,NVIDIA,9.947667687,10.17785214,9.919548208,10.16889286,365480000
09-07-2020,NVIDIA,10.33238367,10.5212584,10.18630993,10.46053982,494548000
10-07-2020,NVIDIA,10.53992516,10.60611824,10.33089344,10.43093014,497676000
13-07-2020,NVIDIA,10.54614417,10.74248402,9.978771936,10.00589657,457076000
14-07-2020,NVIDIA,10.02854364,10.35478258,9.740378299,10.32915115,542676000
15-07-2020,NVIDIA,10.36623084,10.38489362,10.00938338,10.18009281,403984000
16-07-2020,NVIDIA,9.968819627,10.15968501,9.8498705,10.08801746,344964000
17-07-2020,NVIDIA,10.17835137,10.20124508,10.04123684,10.15446186,266284000
20-07-2020,NVIDIA,10.22687575,10.4826907,10.10991723,10.46228504,284852000
21-07-2020,NVIDIA,10.46452325,10.51130741,10.23931681,10.28087425,277036000
22-07-2020,NVIDIA,10.31969405,10.55361008,10.24404428,10.39061546,367292000
23-07-2020,NVIDIA,10.40181504,10.49836789,9.984996076,10.08304214,411660000
24-07-2020,NVIDIA,9.829463829,10.31695537,9.731916157,10.1474905,473292000
27-07-2020,NVIDIA,10.18507004,10.39360342,10.17063629,10.37344742,292132000
28-07-2020,NVIDIA,10.32641356,10.33412738,10.16217443,10.16839504,271636000
29-07-2020,NVIDIA,10.34283584,10.46775686,10.29928777,10.4172411,284508000
30-07-2020,NVIDIA,10.32716043,10.57401703,10.2477781,10.56505871,308880000
31-07-2020,NVIDIA,10.51454448,10.71685821,10.38489506,10.56580734,386080000
03-08-2020,NVIDIA,10.68301194,11.04757318,10.66584142,10.95948124,412720000
04-08-2020,NVIDIA,10.99904675,11.17597675,10.85571071,11.17597675,310336000
05-08-2020,NVIDIA,11.19215269,11.31931306,11.114761,11.23470497,249924000
06-08-2020,NVIDIA,11.29741392,11.30562611,11.1272029,11.28322983,244316000
07-08-2020,NVIDIA,11.26034038,11.4517042,10.98660873,11.14786148,342516000
10-08-2020,NVIDIA,11.2819917,11.35564992,10.80644369,11.11352158,427796000
11-08-2020,NVIDIA,11.02268807,11.08539825,10.74597006,10.79997063,354512000
12-08-2020,NVIDIA,10.94007144,11.41412512,10.90772103,11.38749886,464412000
13-08-2020,NVIDIA,11.49276162,11.66770197,11.3033894,11.39023685,374460000
14-08-2020,NVIDIA,11.47683372,11.65077826,11.38774694,11.51067734,366436000
17-08-2020,NVIDIA,11.79660376,12.35252882,11.76276109,12.28011417,621300000
18-08-2020,NVIDIA,12.39259144,12.4383798,12.03051922,12.2042141,503448000
19-08-2020,NVIDIA,12.23980052,12.25821459,12.04221518,12.08252907,622624000
20-08-2020,NVIDIA,11.91978416,12.3179394,11.82397743,12.08501816,921388000
21-08-2020,NVIDIA,12.14548434,12.74968565,12.13901407,12.62501335,999868000
24-08-2020,NVIDIA,12.82434222,12.85296007,12.44982687,12.6615963,490564000
25-08-2020,NVIDIA,12.57250841,12.70240651,12.51577109,12.69120884,289076000
26-08-2020,NVIDIA,12.74023255,12.80916334,12.61929277,12.7141037,321244000
27-08-2020,NVIDIA,12.72256474,12.7907494,12.50855595,12.57002163,317604000
28-08-2020,NVIDIA,12.61655683,13.08737544,12.58420642,13.08712673,537160000
31-08-2020,NVIDIA,13.12196267,13.51240403,12.97763178,13.31282902,500840000
01-09-2020,NVIDIA,13.42185806,13.93339225,13.37854574,13.76138783,511316000
02-09-2020,NVIDIA,14.64032962,14.66323113,13.8400463,14.28462124,874012000
03-09-2020,NVIDIA,13.76910394,13.82461337,12.82320164,12.95936203,945128000
04-09-2020,NVIDIA,12.72860976,13.11817279,11.65426426,12.56805611,1463684000
08-09-2020,NVIDIA,11.68388588,12.49586867,11.65376676,11.86161613,795728000
09-09-2020,NVIDIA,12.34651721,12.75400233,12.1789928,12.66015911,736200000
10-09-2020,NVIDIA,12.93322653,13.00889895,12.1145226,12.25864887,698684000
11-09-2020,NVIDIA,12.43164945,12.59792898,11.84444279,12.11203384,636928000
14-09-2020,NVIDIA,13.02457893,13.25756889,12.57676886,12.81672859,1201744000
15-09-2020,NVIDIA,13.22271813,13.24138744,12.77241932,12.93496513,727556000
16-09-2020,NVIDIA,12.90136298,13.0362785,12.4597763,12.46052265,556384000
17-09-2020,NVIDIA,12.07992184,12.53544904,11.98284253,12.40974331,792512000
18-09-2020,NVIDIA,12.53943018,12.57801274,11.93704015,12.13667488,698460000
21-09-2020,NVIDIA,11.87356527,12.46848798,11.85315351,12.46326065,721044000
22-09-2020,NVIDIA,12.52076225,12.59344734,12.1030722,12.58324146,646452000
23-09-2020,NVIDIA,12.5212582,12.67210544,12.02714945,12.07145691,647012000
24-09-2020,NVIDIA,12.02018082,12.51528571,11.96218164,12.29474068,731240000
25-09-2020,NVIDIA,12.39381383,12.82793322,12.19293418,12.81822491,588016000
28-09-2020,NVIDIA,12.98400331,12.99545406,12.69500542,12.97877598,573808000
29-09-2020,NVIDIA,12.88169736,13.38476807,12.87746611,13.16870403,621460000
30-09-2020,NVIDIA,13.10074807,13.56374254,13.09352951,13.47213936,689184000
01-10-2020,NVIDIA,13.69866086,13.70338967,13.40269218,13.55577946,525004000
02-10-2020,NVIDIA,13.16795819,13.46118735,12.99470795,13.00590992,552496000
05-10-2020,NVIDIA,13.17890886,13.5853978,13.16571566,13.58365536,479820000
06-10-2020,NVIDIA,13.77034867,14.08100323,13.60606038,13.67725182,784420000
07-10-2020,NVIDIA,13.93936568,14.05835041,13.80370287,13.90376949,418084000
08-10-2020,NVIDIA,14.01429129,14.02375082,13.69865914,13.77906036,378900000
09-10-2020,NVIDIA,13.70762041,13.7646235,13.60182887,13.70338821,346892000
12-10-2020,NVIDIA,13.92915977,14.28511786,13.85249223,14.16463947,434744000
13-10-2020,NVIDIA,14.23483637,14.28661212,13.95828435,14.18679428,344604000
14-10-2020,NVIDIA,14.22886175,14.28088629,13.89978762,14.03445435,276100000
15-10-2020,NVIDIA,13.75118089,13.9453395,13.70836614,13.90974426,267224000
16-10-2020,NVIDIA,13.97620509,14.06058972,13.73300832,13.75192642,242392000
19-10-2020,NVIDIA,13.84303299,13.92318542,13.34892328,13.43953133,298068000
20-10-2020,NVIDIA,13.52491227,13.74022997,13.44874228,13.58664513,229212000
21-10-2020,NVIDIA,13.56623229,13.73201423,13.41936846,13.46641445,219596000
22-10-2020,NVIDIA,13.46417579,13.55304046,13.17467933,13.30337238,290480000
23-10-2020,NVIDIA,13.39198715,13.53461974,13.23392229,13.53163242,233484000
26-10-2020,NVIDIA,13.36908785,13.63369157,12.98226328,13.08456993,336896000
27-10-2020,NVIDIA,13.24860616,13.38402018,13.1346,13.33896542,250520000
28-10-2020,NVIDIA,13.1410757,13.20280856,12.55461636,12.57253838,376520000
29-10-2020,NVIDIA,12.78312395,13.13584593,12.69500565,12.96782398,320080000
30-10-2020,NVIDIA,12.79457454,12.88070065,12.24694666,12.47993755,416820000
02-11-2020,NVIDIA,12.60315394,12.78138177,12.34153758,12.5264864,299652000
03-11-2020,NVIDIA,12.65368423,13.04847364,12.54839028,12.96334267,272900000
04-11-2020,NVIDIA,13.3314979,13.76785814,13.27947336,13.73475075,410228000
05-11-2020,NVIDIA,14.10141534,14.27715344,13.93065484,14.09892559,319028000
06-11-2020,NVIDIA,14.04889238,14.52582647,13.83506929,14.49919224,383348000
09-11-2020,NVIDIA,14.48973095,14.62813134,13.55204339,13.57195663,582976000
10-11-2020,NVIDIA,13.54781325,13.54781325,12.573783,12.71492195,644068000
11-11-2020,NVIDIA,12.99744645,13.37705241,12.89240127,13.36012554,404744000
12-11-2020,NVIDIA,13.42086255,13.70662437,13.25856549,13.39870834,365812000
13-11-2020,NVIDIA,13.5684703,13.60979139,13.00292046,13.239645,346312000
16-11-2020,NVIDIA,13.11568186,13.59062462,13.09925351,13.456954,413776000
17-11-2020,NVIDIA,13.49404422,13.53760532,13.24636741,13.36435604,312028000
18-11-2020,NVIDIA,13.40717213,13.5470662,13.1281313,13.37082958,510924000
19-11-2020,NVIDIA,13.1557607,13.42932539,13.04349696,13.3822794,565936000
20-11-2020,NVIDIA,13.3959699,13.4362949,13.00864687,13.03129959,341088000
23-11-2020,NVIDIA,13.1144406,13.3247788,12.9593621,13.08332539,361356000
24-11-2020,NVIDIA,13.08581587,13.10523155,12.82942678,12.9018631,346500000
25-11-2020,NVIDIA,12.97628665,13.2122639,12.96384075,13.1776638,259916000
27-11-2020,NVIDIA,13.31731277,13.34967286,13.11369459,13.20405293,167276000
30-11-2020,NVIDIA,13.20778594,13.35464978,12.91629826,13.34369659,286952000
01-12-2020,NVIDIA,13.43405393,13.47039647,13.17119176,13.33224487,296948000
02-12-2020,NVIDIA,13.29291481,13.61452155,13.1771662,13.48607826,283360000
03-12-2020,NVIDIA,13.53289125,13.6051001,13.27543101,13.34216118,199520000
04-12-2020,NVIDIA,13.39445067,13.5055033,13.3349412,13.50376034,202244000
07-12-2020,NVIDIA,13.54658716,13.67606481,13.44574438,13.5520649,223244000
08-12-2020,NVIDIA,13.53040089,13.5440957,13.2281205,13.29634571,271920000
09-12-2020,NVIDIA,13.24704238,13.36008584,12.81652966,12.87877846,401300000
10-12-2020,NVIDIA,12.81727898,13.01622612,12.79785662,12.92011356,207764000
11-12-2020,NVIDIA,12.91513334,12.96767192,12.77146318,12.96094894,209264000
14-12-2020,NVIDIA,13.03539784,13.33493886,13.02494008,13.25526047,270156000
15-12-2020,NVIDIA,13.38573458,13.40988715,13.13375209,13.3068037,193016000
16-12-2020,NVIDIA,13.36855357,13.38324477,13.15939754,13.18927765,223116000
17-12-2020,NVIDIA,13.31302694,13.32572632,13.12553395,13.28763008,231384000
18-12-2020,NVIDIA,13.3252278,13.35112333,13.01796836,13.21865845,342064000
21-12-2020,NVIDIA,13.0221989,13.31626215,12.91537976,13.27866364,302332000
22-12-2020,NVIDIA,13.26572153,13.28364884,13.00153734,13.22488594,185580000
23-12-2020,NVIDIA,13.20272461,13.2216483,12.95273391,12.9569664,179144000
24-12-2020,NVIDIA,12.98485249,13.0797198,12.88674906,12.94152737,97884000
28-12-2020,NVIDIA,13.01000135,13.01000135,12.7119544,12.84815407,212564000
29-12-2020,NVIDIA,12.87305442,13.01996165,12.79063667,12.89123058,170372000
30-12-2020,NVIDIA,12.93804104,13.16064303,12.84491764,13.09291649,225396000
31-12-2020,NVIDIA,13.08370355,13.09814494,12.86309338,13.00253105,192424000
04-01-2021,NVIDIA,13.05158232,13.59762903,12.9104017,13.06079483,560640000
05-01-2021,NVIDIA,13.04709949,13.3894679,13.03440106,13.35087395,322760000
06-01-2021,NVIDIA,13.16935599,13.19176559,12.5354148,12.56379986,580424000
07-01-2021,NVIDIA,12.91538209,13.32398392,12.83470826,13.29036903,461480000
08-01-2021,NVIDIA,13.30879461,13.36705883,12.98958237,13.22338867,292528000
11-01-2021,NVIDIA,13.36481994,13.90489127,13.30879639,13.56675529,518344000
12-01-2021,NVIDIA,13.69722711,13.69921988,13.29136557,13.43055344,291476000
13-01-2021,NVIDIA,13.43578238,13.57024003,13.33120484,13.47736454,210028000
14-01-2021,NVIDIA,13.52044272,13.545093,13.12752841,13.14719868,283120000
15-01-2021,NVIDIA,13.17483425,13.27169337,12.79686008,12.80781555,277780000
19-01-2021,NVIDIA,12.96393769,13.04137542,12.79238017,12.9729023,226188000
20-01-2021,NVIDIA,13.05905101,13.37652027,13.00427271,13.31203079,258572000
21-01-2021,NVIDIA,13.36457173,13.94298819,13.19973717,13.81176758,337780000
22-01-2021,NVIDIA,13.68477832,13.78611975,13.57248141,13.65738869,246820000
25-01-2021,NVIDIA,13.72635788,13.77292005,13.18329942,13.59837437,251112000
26-01-2021,NVIDIA,13.52591981,13.58991158,13.33369563,13.3812542,163980000
27-01-2021,NVIDIA,13.17682361,13.17956296,12.74232732,12.86582947,371272000
28-01-2021,NVIDIA,12.9440162,13.28613576,12.9084095,12.99854565,228316000
29-01-2021,NVIDIA,13.02245115,13.28115757,12.85960843,12.93754387,271552000
01-02-2021,NVIDIA,13.00078622,13.21741177,12.85089082,13.18379784,217204000
02-02-2021,NVIDIA,13.34489905,13.51745199,13.23210349,13.50226402,220440000
03-02-2021,NVIDIA,13.58119237,13.87575427,13.46217347,13.47611713,245408000
04-02-2021,NVIDIA,13.47661834,13.61854555,13.28414532,13.60933304,201340000
05-02-2021,NVIDIA,13.66983821,13.68203893,13.49130792,13.536376,169152000
08-02-2021,NVIDIA,13.67208134,14.41558123,13.67208134,14.38072205,434624000
09-02-2021,NVIDIA,14.28311098,14.52463662,14.16533636,14.20592308,287560000
10-02-2021,NVIDIA,14.40512133,14.84509548,14.28386077,14.70491123,485352000
11-02-2021,NVIDIA,14.92004203,15.21086825,14.86501393,15.18945408,450828000
12-02-2021,NVIDIA,14.98951242,15.22979285,14.71561711,14.90111923,374756000
16-02-2021,NVIDIA,15.0037041,15.31071562,14.88991311,15.2686348,321960000
17-02-2021,NVIDIA,15.11002851,15.16231824,14.72060011,14.84609413,274756000
18-02-2021,NVIDIA,14.66980497,14.81347516,14.51642361,14.76940346,233868000
19-02-2021,NVIDIA,14.96411514,15.11600238,14.7870799,14.86650944,271724000
22-02-2021,NVIDIA,14.71536747,15.07242708,14.26742515,14.29805183,325884000
23-02-2021,NVIDIA,14.01868181,14.18152549,13.33568781,14.08516407,391780000
24-02-2021,NVIDIA,14.06599009,14.4484466,13.70071337,14.44072723,448320000
25-02-2021,NVIDIA,13.98904875,14.31697578,13.16313225,13.25401497,824436000
26-02-2021,NVIDIA,13.69722639,13.79881667,13.30730036,13.65937996,500932000
01-03-2021,NVIDIA,13.8192376,13.86903684,13.49878099,13.78612137,353184000
02-03-2021,NVIDIA,13.84413451,13.8645523,13.34216041,13.35236931,264116000
03-03-2021,NVIDIA,13.37229048,13.39743849,12.74731187,12.75328827,377592000
04-03-2021,NVIDIA,12.74930262,12.92285289,12.03518429,12.3205328,573344000
05-03-2021,NVIDIA,12.49956039,12.49956039,11.6323096,12.41141605,542840000
08-03-2021,NVIDIA,12.39995977,12.42112413,11.5200107,11.54665375,543112000
09-03-2021,NVIDIA,12.08566853,12.57038032,12.01492937,12.47423553,521824000
10-03-2021,NVIDIA,12.79330477,12.9322917,12.41171306,12.42242336,384376000
11-03-2021,NVIDIA,12.90240349,12.99830027,12.68769566,12.94574356,299916000
12-03-2021,NVIDIA,12.60176432,12.84138087,12.54372892,12.80875111,243964000
15-03-2021,NVIDIA,12.81746982,13.15821292,12.7203283,13.14276981,221988000
16-03-2021,NVIDIA,13.30741076,13.46283755,13.068542,13.24240112,272128000
17-03-2021,NVIDIA,12.99182411,13.40380417,12.94175874,13.2922163,243864000
18-03-2021,NVIDIA,13.0882162,13.13554127,12.67025776,12.67573738,293896000
19-03-2021,NVIDIA,12.70314026,12.87401016,12.5661458,12.79853821,299208000
22-03-2021,NVIDIA,12.86529162,13.34527057,12.85931316,13.13778591,297804000
23-03-2021,NVIDIA,13.20553765,13.29545598,12.97339417,13.02271271,222048000
24-03-2021,NVIDIA,13.10291509,13.11088606,12.59030636,12.59653282,245840000
25-03-2021,NVIDIA,12.45356251,12.66802145,12.22689865,12.48918056,295144000
26-03-2021,NVIDIA,12.50835836,12.80899952,12.32802382,12.79206181,363968000
29-03-2021,NVIDIA,12.77313164,13.01449175,12.65332385,12.90066147,273520000
30-03-2021,NVIDIA,12.79480043,12.92756092,12.65830388,12.82444096,200204000
31-03-2021,NVIDIA,12.9676669,13.42099466,12.93478819,13.29919434,314776000
01-04-2021,NVIDIA,13.52236842,13.81902363,13.46159179,13.76098824,308276000
05-04-2021,NVIDIA,13.81653352,13.96249473,13.68252734,13.93609238,255672000
06-04-2021,NVIDIA,13.94829674,14.00259607,13.72287859,13.8105545,191744000
07-04-2021,NVIDIA,13.82973347,14.1911503,13.66110598,14.0915184,251284000
08-04-2021,NVIDIA,14.20036565,14.41831166,14.19662864,14.2643795,244416000
09-04-2021,NVIDIA,14.16176014,14.35504739,14.12290391,14.34707642,195172000
12-04-2021,NVIDIA,14.23723001,15.29607388,14.08728286,15.15310097,869324000
13-04-2021,NVIDIA,15.17551855,15.64229679,15.07015714,15.62187195,676212000
14-04-2021,NVIDIA,15.56757245,15.66272144,15.17153337,15.2208519,385500000
15-04-2021,NVIDIA,15.60493067,16.15465281,15.57404447,16.07793617,598480000
16-04-2021,NVIDIA,15.99400192,16.10633855,15.80694207,15.85401917,335208000
19-04-2021,NVIDIA,15.47939829,15.74940218,15.17701357,15.30529022,404420000
20-04-2021,NVIDIA,15.2669327,15.44004405,14.9080072,15.11549187,334132000
21-04-2021,NVIDIA,15.06318159,15.30603627,15.04674272,15.30404377,216776000
22-04-2021,NVIDIA,15.31848966,15.38175667,14.72916342,14.7956686,277788000
23-04-2021,NVIDIA,14.87936268,15.27863998,14.8454882,15.2091465,227500000
26-04-2021,NVIDIA,15.12919155,15.4221107,15.06941165,15.42111397,197796000
27-04-2021,NVIDIA,15.52124285,15.61290472,15.29806616,15.32521629,164572000
28-04-2021,NVIDIA,15.30802996,15.47516377,15.15957742,15.22060204,209416000
29-04-2021,NVIDIA,15.34339809,15.37976391,15.01610567,15.26842499,173196000
30-04-2021,NVIDIA,15.11873163,15.30853082,14.94188325,14.95433712,201912000
03-05-2021,NVIDIA,15.06941044,15.19071284,14.73315125,14.78221989,203912000
04-05-2021,NVIDIA,14.58345298,14.58370192,13.95875756,14.29850388,405324000
05-05-2021,NVIDIA,14.65493928,14.75905598,14.33462107,14.40536022,292024000
06-05-2021,NVIDIA,14.44197364,14.51769452,14.16574331,14.46962166,193380000
07-05-2021,NVIDIA,14.75382558,14.91572778,14.6178269,14.75781059,229328000
10-05-2021,NVIDIA,14.73290178,14.75158306,14.19762678,14.21331882,268904000
11-05-2021,NVIDIA,13.77418867,14.30199155,13.69946451,14.25366974,285584000
12-05-2021,NVIDIA,13.95801135,14.20784032,13.65886573,13.70793438,303408000
13-05-2021,NVIDIA,13.9821719,14.02900004,13.40953431,13.61502647,285404000
14-05-2021,NVIDIA,13.83895054,14.27534049,13.69797012,14.19065285,258616000
17-05-2021,NVIDIA,14.10496784,14.11717276,13.80258408,14.1134367,216980000
18-05-2021,NVIDIA,14.21456502,14.35131053,13.95253113,13.96423817,186256000
19-05-2021,NVIDIA,13.51663878,14.02775384,13.4934746,14.0140543,344000000
20-05-2021,NVIDIA,14.24993576,14.62978499,14.21805378,14.55879688,321592000
21-05-2021,NVIDIA,15.10801709,15.16605342,14.81484903,14.93664932,672992000
24-05-2021,NVIDIA,15.15659006,15.68713327,15.12022423,15.55462265,554816000
25-05-2021,NVIDIA,15.70805577,15.76036259,15.42559799,15.59024048,435408000
26-05-2021,NVIDIA,15.67642117,15.73570223,15.52896536,15.64229679,370440000
27-05-2021,NVIDIA,15.64204976,15.69211513,15.40318099,15.43107796,581476000
28-05-2021,NVIDIA,15.44403464,16.21768077,15.44403464,16.1848011,644536000
01-06-2021,NVIDIA,16.21020203,16.32801731,15.84479926,16.20472145,472804000
02-06-2021,NVIDIA,16.19251928,16.8565698,16.1758305,16.71658516,594168000
03-06-2021,NVIDIA,16.63937436,17.19557319,16.52205693,16.90738487,580008000
04-06-2021,NVIDIA,17.0496016,17.59608563,17.03266578,17.51364136,617120000
07-06-2021,NVIDIA,17.50667192,17.74703435,17.12956302,17.554245,575756000
08-06-2021,NVIDIA,17.46283271,17.55673604,17.18759717,17.39284134,323848000
09-06-2021,NVIDIA,17.45537638,17.51442203,17.19627234,17.29841805,381656000
10-06-2021,NVIDIA,17.29019649,17.43170722,17.11679646,17.36493683,287772000
11-06-2021,NVIDIA,17.41924829,17.87741466,17.38362208,17.7638073,416308000
14-06-2021,NVIDIA,17.84427978,17.97731877,17.60186835,17.95664024,321376000
15-06-2021,NVIDIA,17.8532455,17.95414617,17.66688984,17.72718048,243032000
16-06-2021,NVIDIA,17.72942207,17.89285629,17.52388192,17.74885368,307124000
17-06-2021,NVIDIA,17.7132344,18.77007825,17.6950478,18.59294128,809656000
18-06-2021,NVIDIA,18.71925067,19.30821306,18.51993932,18.57450104,968856000
21-06-2021,NVIDIA,18.37170323,18.47260582,17.76131527,18.36373138,672384000
22-06-2021,NVIDIA,18.40782825,18.89838188,18.32262226,18.82164574,580144000
23-06-2021,NVIDIA,18.94223109,19.08673174,18.84257541,18.99155998,332356000
24-06-2021,NVIDIA,19.16147764,19.35306431,19.0224569,19.13930321,320924000
25-06-2021,NVIDIA,19.21403902,19.27881549,18.82936991,18.96539879,278364000
28-06-2021,NVIDIA,19.29451226,20.00953975,19.25240822,19.9161129,495436000
29-06-2021,NVIDIA,19.81396805,20.02947214,19.5892452,19.95772171,367632000
30-06-2021,NVIDIA,19.93031096,20.09299819,19.79527809,19.93354988,326568000
01-07-2021,NVIDIA,20.05563016,20.3854886,19.94999464,20.14233017,480136000
02-07-2021,NVIDIA,20.36979577,20.43457225,20.21782126,20.41638374,342764000
06-07-2021,NVIDIA,20.66601279,20.77015238,20.28009873,20.62714767,446708000
07-07-2021,NVIDIA,20.78161298,20.8030385,20.26191109,20.30152321,418428000
08-07-2021,NVIDIA,19.78805653,20.06360225,19.63284312,19.8341465,503300000
09-07-2021,NVIDIA,19.89368931,20.0110336,19.6861571,19.98113632,296624000
12-07-2021,NVIDIA,20.17022989,20.46197015,20.11816009,20.44179153,321984000
13-07-2021,NVIDIA,20.33017925,20.3907208,20.04466778,20.18019867,290708000
14-07-2021,NVIDIA,20.2875728,20.34736544,19.68465881,19.77310181,380100000
15-07-2021,NVIDIA,19.7434617,19.77858991,18.79349655,18.90087509,550564000
16-07-2021,NVIDIA,18.96490215,19.09096528,18.0107022,18.09839821,688224000
19-07-2021,NVIDIA,17.85349901,18.97636428,17.80391922,18.71501923,749060000
20-07-2021,NVIDIA,18.6654353,18.77306281,18.10138637,18.54784203,434687000
21-07-2021,NVIDIA,18.81691586,19.45969307,18.67739903,19.34309578,371017000
22-07-2021,NVIDIA,19.57429362,19.81844803,19.20955411,19.52645874,323826000
23-07-2021,NVIDIA,19.58824518,19.63209414,19.18364454,19.49058342,195672000
26-07-2021,NVIDIA,19.2444387,19.37498578,18.84880584,19.2274971,203943000
27-07-2021,NVIDIA,19.19859312,19.55436289,18.67639918,19.14179039,248863000
28-07-2021,NVIDIA,19.25240808,19.57828058,18.92952549,19.43577385,202191000
29-07-2021,NVIDIA,19.4517182,19.78456846,19.26137658,19.59422684,190781000
30-07-2021,NVIDIA,19.35106922,19.56233839,19.19660469,19.43179131,183497000
02-08-2021,NVIDIA,19.63209221,19.89219219,19.29426009,19.6819191,217444000
03-08-2021,NVIDIA,19.67195994,20.15229894,19.15375182,19.74670219,301811000
04-08-2021,NVIDIA,19.92109724,20.24796769,19.75965497,20.20411873,231309000
05-08-2021,NVIDIA,20.42933766,20.66153433,20.27188134,20.56586456,211435000
06-08-2021,NVIDIA,20.45325751,20.49909848,20.14033873,20.29580116,178497000
09-08-2021,NVIDIA,20.37552091,20.43730747,20.07356587,20.22504234,146443000
10-08-2021,NVIDIA,20.25195009,20.35957761,19.76662738,19.86728096,179238000
11-08-2021,NVIDIA,19.97390996,19.9798898,19.36302404,19.63109589,185925000
12-08-2021,NVIDIA,19.80150653,19.95995693,19.55236831,19.83638573,151652000
13-08-2021,NVIDIA,19.83639035,20.14432528,19.78257563,20.11841393,183063000
16-08-2021,NVIDIA,20.06559691,20.21707341,19.38594659,19.88123512,210876000
17-08-2021,NVIDIA,19.61714315,19.70185114,19.20058477,19.39092636,204585000
18-08-2021,NVIDIA,19.43278249,19.56632136,18.93450602,18.97436905,285913000
19-08-2021,NVIDIA,19.42680433,20.42435528,18.69732716,19.72975731,766555000
20-08-2021,NVIDIA,19.92209227,20.79308023,19.86429353,20.74424934,675741000
23-08-2021,NVIDIA,20.89871355,21.92117599,20.87778603,21.88231087,575807000
24-08-2021,NVIDIA,21.67802292,21.88331227,21.46077391,21.71788406,297299000
25-08-2021,NVIDIA,21.66207729,22.39255061,21.6471296,22.13643646,347701000
26-08-2021,NVIDIA,22.12347688,22.26299369,21.71489031,21.99193192,237940000
27-08-2021,NVIDIA,22.10753223,22.64367786,22.09059063,22.55797386,304722000
30-08-2021,NVIDIA,22.75130918,22.96357436,22.47327151,22.60979843,262580000
31-08-2021,NVIDIA,22.62076061,22.62076061,22.04764267,22.31177521,259850000
01-09-2021,NVIDIA,22.41144664,22.62275303,22.2838651,22.36758995,201767000
02-09-2021,NVIDIA,22.44434122,22.51909665,22.2220711,22.32274055,187834000
03-09-2021,NVIDIA,22.25197105,22.91080808,22.12737995,22.76827621,280532000
07-09-2021,NVIDIA,22.75830596,22.82409004,22.44832252,22.58786583,198107000
08-09-2021,NVIDIA,22.43935312,22.53603593,21.90510535,22.26592255,254434000
09-09-2021,NVIDIA,22.23901649,22.46427707,22.0586088,22.10445786,196856000
10-09-2021,NVIDIA,22.27489464,22.55198512,22.19715067,22.40447044,248376000
13-09-2021,NVIDIA,22.60979379,22.88887851,21.78649567,22.07953453,297500000
14-09-2021,NVIDIA,22.20213395,22.33669257,22.01375303,22.16924286,199755000
15-09-2021,NVIDIA,22.23602463,22.29383546,21.89414621,22.26791954,166538000
16-09-2021,NVIDIA,22.11043584,22.20412822,21.85527275,22.16924286,156033000
17-09-2021,NVIDIA,22.22705267,22.24798389,21.7585908,21.82836151,294503000
20-09-2021,NVIDIA,21.07682496,21.36288675,20.59440901,21.04393387,349440000
21-09-2021,NVIDIA,21.34693663,21.35490988,20.88146531,21.17649651,204688000
22-09-2021,NVIDIA,21.29610478,21.8881615,21.12666083,21.86922455,268726000
23-09-2021,NVIDIA,22.06757272,22.46128101,21.81839055,22.4084549,248555000
24-09-2021,NVIDIA,21.99780438,22.07654643,21.78948843,22.00876808,217655000
27-09-2021,NVIDIA,21.63898134,21.7276909,21.25524242,21.58914566,245215000
28-09-2021,NVIDIA,21.14460515,21.34893447,20.58344521,20.63128853,343069000
29-09-2021,NVIDIA,20.87150686,20.94825466,20.40005254,20.44989014,218394000
30-09-2021,NVIDIA,20.70005762,20.99708306,20.62031941,20.64822769,221009000
01-10-2021,NVIDIA,20.68212372,20.79076642,20.13691215,20.67415047,240978000
04-10-2021,NVIDIA,20.43692581,20.47480161,19.49103083,19.66745186,345635000
05-10-2021,NVIDIA,19.88474126,20.58045795,19.78905462,20.38410187,279282000
06-10-2021,NVIDIA,20.05418161,20.65221729,20.01431155,20.63228416,297202000
07-10-2021,NVIDIA,21.02300042,21.25224947,20.90339405,21.00605774,256919000
08-10-2021,NVIDIA,21.03197081,21.13662686,20.70703706,20.76285362,151258000
11-10-2021,NVIDIA,20.50769009,20.99409257,20.44389838,20.62729645,163388000
12-10-2021,NVIDIA,20.75986237,20.98811331,20.46084455,20.60337639,162134000
13-10-2021,NVIDIA,20.84957126,20.92133623,20.64524194,20.87050247,180652000
14-10-2021,NVIDIA,21.21836186,21.68383325,21.05290452,21.67486382,243589000
15-10-2021,NVIDIA,21.73865734,21.85926183,21.59114264,21.79048729,226994000
18-10-2021,NVIDIA,21.67785496,22.21808178,21.57319699,22.14930725,189494000
19-10-2021,NVIDIA,22.20312884,22.30579254,21.96491225,22.21708488,161473000
20-10-2021,NVIDIA,22.23203575,22.35961729,21.9100924,22.03069687,146276000
21-10-2021,NVIDIA,22.02471444,22.63670618,22.01076029,22.61776733,187590000
22-10-2021,NVIDIA,22.74834374,23.05433873,22.48720164,22.65166092,249384000
25-10-2021,NVIDIA,22.89785194,23.27860234,22.69551686,23.09022141,230235000
26-10-2021,NVIDIA,23.91052919,25.17637531,23.84574128,24.63614655,485898000
27-10-2021,NVIDIA,24.39394293,25.00792713,24.20256966,24.37101746,245990000
28-10-2021,NVIDIA,24.7966157,24.86838067,24.44277749,24.85940933,234204000
29-10-2021,NVIDIA,24.9192119,25.62489595,24.91821572,25.48336029,292503000
01-11-2021,NVIDIA,25.56509833,25.80929583,25.14447788,25.74251556,265740000
02-11-2021,NVIDIA,25.73753355,26.59073246,25.71560425,26.31463814,294112000
03-11-2021,NVIDIA,26.5827532,26.69638059,26.14917677,26.51098824,239910000
04-11-2021,NVIDIA,27.13992899,31.26239905,27.02929203,29.70351601,1153631000
05-11-2021,NVIDIA,30.08825294,31.29728433,29.31379423,29.65467644,851260000
08-11-2021,NVIDIA,30.05037569,30.99826496,29.80916675,30.70323372,503101000
09-11-2021,NVIDIA,32.17639723,32.20430551,29.86597932,30.5567112,646746000
10-11-2021,NVIDIA,29.25996715,30.74907923,28.68385697,29.36262894,636206000
11-11-2021,NVIDIA,30.36832851,30.48992914,29.67958904,30.29058266,332172000
12-11-2021,NVIDIA,29.91182661,30.57963487,29.53306866,30.29058266,413054000
15-11-2021,NVIDIA,30.45206107,30.54375918,29.15132956,29.92678452,384909000
16-11-2021,NVIDIA,29.66165254,30.29058701,29.60882451,30.10419846,264484000
17-11-2021,NVIDIA,30.3184981,30.40920193,28.70579075,29.1652832,428508000
18-11-2021,NVIDIA,32.26112406,32.65283625,31.21854422,31.57138634,781711000
19-11-2021,NVIDIA,32.13752851,32.97976561,31.80063481,32.8771019,533867000
22-11-2021,NVIDIA,33.40735782,34.53366244,31.79564866,31.85146523,754335000
23-11-2021,NVIDIA,31.43184067,32.25414264,30.77898266,31.64215088,532163000
24-11-2021,NVIDIA,31.35807709,32.74751578,30.82681983,32.56710815,435162000
26-11-2021,NVIDIA,32.49335785,32.60299863,31.24744873,31.39994812,283069000
29-11-2021,NVIDIA,32.26012461,33.30270054,31.93120229,33.266819,454964000
30-11-2021,NVIDIA,33.06049048,33.24389047,31.75976122,32.56910324,622066000
01-12-2021,NVIDIA,33.11438636,33.18416561,31.28117526,31.33600235,484368000
02-12-2021,NVIDIA,31.11569943,32.37571869,30.92729356,32.02482605,472890000
03-12-2021,NVIDIA,31.89922528,32.02782064,30.03511346,30.59634209,544325000
06-12-2021,NVIDIA,29.78589675,30.1457599,27.94969879,29.94240379,658938000
07-12-2021,NVIDIA,30.85952154,32.34682403,30.55448344,32.32489014,593053000
08-12-2021,NVIDIA,31.89823221,32.18831619,31.32205138,31.72577667,475551000
09-12-2021,NVIDIA,31.63406188,32.10358117,30.332175,30.39398003,488507000
10-12-2021,NVIDIA,31.05190115,31.20641371,29.76696095,30.10289955,488825000
13-12-2021,NVIDIA,30.15374097,30.19859934,28.02745685,28.07231522,598344000
14-12-2021,NVIDIA,27.61177321,28.58769036,27.16418774,28.24776459,667035000
15-12-2021,NVIDIA,28.31056142,30.40394841,27.75033101,30.36307716,698297000
16-12-2021,NVIDIA,31.05389953,31.06187376,28.00453263,28.29760551,707366000
17-12-2021,NVIDIA,27.89687004,28.83091951,27.67257823,27.71344948,713758000
20-12-2021,NVIDIA,27.21901234,28.05536899,27.05951636,27.63170815,461847000
21-12-2021,NVIDIA,28.28464585,29.02829685,27.31470852,28.98343849,524385000
22-12-2021,NVIDIA,28.80001904,29.46192758,28.35940962,29.30741501,395184000
23-12-2021,NVIDIA,29.66129518,29.96433868,29.33831611,29.54665756,343022000
27-12-2021,NVIDIA,29.56659807,30.98910437,29.54666059,30.84755135,403686000
28-12-2021,NVIDIA,31.21339111,31.23133408,29.91748399,30.22650909,420591000
29-12-2021,NVIDIA,30.17766745,30.45180107,29.27352221,29.90652275,343139000
30-12-2021,NVIDIA,29.73307248,30.36108964,29.44697751,29.49283218,308864000
31-12-2021,NVIDIA,29.58054877,29.93542854,29.23862856,29.31837654,266530000
03-01-2022,NVIDIA,29.72110792,30.61428617,29.69120171,30.02614403,391547000
04-01-2022,NVIDIA,30.18165281,30.3720513,28.25972493,29.19776154,527154000
05-01-2022,NVIDIA,28.85783047,29.32336071,27.44629141,27.51706696,498064000
06-01-2022,NVIDIA,27.55295616,28.34844345,26.97976808,28.08926201,454186000
07-01-2022,NVIDIA,28.05237751,28.3324927,26.97178977,27.16119194,409939000
10-01-2022,NVIDIA,26.49729198,27.38249603,25.56324245,27.31371307,594681000
11-01-2022,NVIDIA,27.23695307,27.9766169,26.75447805,27.72939682,404089000
12-01-2022,NVIDIA,27.97861047,28.50494757,27.52105633,27.91082573,383413000
13-01-2022,NVIDIA,28.28962991,28.39031167,26.41455295,26.49131203,540171000
14-01-2022,NVIDIA,26.21717827,27.1113548,26.12746153,26.85715675,395832000
18-01-2022,NVIDIA,26.17730055,26.55411038,25.68884391,25.82142448,424270000
19-01-2022,NVIDIA,25.99687212,26.45940968,24.97310594,24.98805809,488315000
20-01-2022,NVIDIA,25.22431103,25.4984446,24.00217034,24.07394409,435181000
21-01-2022,NVIDIA,23.43297273,24.74482843,23.18974165,23.30039215,718958000
24-01-2022,NVIDIA,22.25967869,23.30637129,20.82222038,23.29839706,913982000
25-01-2022,NVIDIA,22.47499744,22.87074846,21.93071738,22.25369644,664616000
26-01-2022,NVIDIA,23.16680958,23.98123602,22.22976941,22.70028305,755959000
27-01-2022,NVIDIA,23.49378141,23.91943676,21.60674122,21.8748951,573353000
28-01-2022,NVIDIA,21.9426805,22.786017,21.22893567,22.76807404,543774000
31-01-2022,NVIDIA,23.10899181,24.43181424,22.97940206,24.40888596,564680000
01-02-2022,NVIDIA,25.02494161,25.06581285,23.81476408,24.56040955,518925000
02-02-2022,NVIDIA,25.71276969,25.73569607,24.47567674,25.16250801,543419000
03-02-2022,NVIDIA,24.38097754,24.99802768,23.70511318,23.87258339,410178000
04-02-2022,NVIDIA,23.89650525,24.55741738,23.55757586,24.24241257,354829000
07-02-2022,NVIDIA,24.29524387,25.10269236,24.12577918,24.6501236,376868000
08-02-2022,NVIDIA,24.28228699,25.15054429,23.90448084,25.02892876,410359000
09-02-2022,NVIDIA,25.54131149,26.64083858,25.27315951,26.62090111,524282000
10-02-2022,NVIDIA,25.91313487,26.84020442,25.51937838,25.74267197,513200000
11-02-2022,NVIDIA,25.83438756,26.06964442,23.69813649,23.87358093,605472000
14-02-2022,NVIDIA,23.85862508,24.79666159,23.68018795,24.19057655,440424000
15-02-2022,NVIDIA,24.87043104,26.46140565,24.70595164,26.41156387,699869000
16-02-2022,NVIDIA,26.1763078,26.49829058,25.4715335,26.42751312,732676000
17-02-2022,NVIDIA,25.54928758,25.70380015,24.08890277,24.42982483,810595000
18-02-2022,NVIDIA,24.59031086,24.90731015,23.02725017,23.56754303,761255000
22-02-2022,NVIDIA,22.96245792,23.98821672,22.92756829,23.31633949,633422000
23-02-2022,NVIDIA,23.72704259,24.07893155,22.23077009,22.3164978,566511000
24-02-2022,NVIDIA,20.94881901,23.72504834,20.82421266,23.67321205,735801000
25-02-2022,NVIDIA,23.64629723,24.14073359,23.30736783,24.08092308,528866000
28-02-2022,NVIDIA,23.9164408,24.5873216,23.63233852,24.30820274,477319000
01-03-2022,NVIDIA,24.21449838,24.30022798,23.05914814,23.40306091,412056000
02-03-2022,NVIDIA,23.68522223,24.33627657,23.3452386,24.14783859,389642000
03-03-2022,NVIDIA,24.1897125,24.2535229,23.39907591,23.64334679,365095000
04-03-2022,NVIDIA,23.31433145,23.60944908,22.4150184,22.86766624,431415000
07-03-2022,NVIDIA,22.74901476,22.96437268,21.26644586,21.28837967,450821000
08-03-2022,NVIDIA,21.24551432,22.30634353,20.58847728,21.44990349,557467000
09-03-2022,NVIDIA,22.32029621,23.15081444,22.18071396,22.94542885,492742000
10-03-2022,NVIDIA,22.46387363,22.72010792,21.81680702,22.59049606,428066000
11-03-2022,NVIDIA,22.95341081,23.07604545,21.98031873,22.03415871,367209000
14-03-2022,NVIDIA,21.80384458,22.19567336,21.09596082,21.26645088,385354000
15-03-2022,NVIDIA,21.45388944,22.96936124,21.25847425,22.90455437,491996000
16-03-2022,NVIDIA,23.42998467,24.52371642,23.10296279,24.4230175,671422000
17-03-2022,NVIDIA,24.04813412,24.76798111,23.83477105,24.69220924,471941000
18-03-2022,NVIDIA,24.72511234,26.48983916,24.5506345,26.37418365,730719000
21-03-2022,NVIDIA,26.42802352,27.07110222,25.88963151,26.65434647,591727000
22-03-2022,NVIDIA,26.64736728,27.15684636,25.99432004,26.44497299,547007000
23-03-2022,NVIDIA,26.04816148,26.53271358,25.4988044,25.55762863,502120000
24-03-2022,NVIDIA,26.08804155,28.23562326,25.82981243,28.06612968,877379000
25-03-2022,NVIDIA,27.80291741,28.27351128,27.18974994,27.60949516,579016000
28-03-2022,NVIDIA,27.67330593,28.16583362,27.12494343,28.13492584,425494000
29-03-2022,NVIDIA,28.60951058,28.85976225,27.89664058,28.57062721,488984000
30-03-2022,NVIDIA,28.21967297,28.41110037,27.42105885,27.60750198,463487000
31-03-2022,NVIDIA,27.69922681,28.16383803,27.18875311,27.20470428,523440000
01-04-2022,NVIDIA,27.29344253,27.41408233,26.18874376,26.63241768,517235000
04-04-2022,NVIDIA,26.64837108,27.47589822,26.53371392,27.27848816,397120000
05-04-2022,NVIDIA,27.17279889,27.23760576,25.74307135,25.85374069,436615000
06-04-2022,NVIDIA,24.85971222,25.22462099,23.93148626,24.33428192,703833000
07-04-2022,NVIDIA,24.36818324,24.6483462,23.40805294,24.13587761,557992000
08-04-2022,NVIDIA,23.8457422,23.85172484,22.99329002,23.0501194,524781000
11-04-2022,NVIDIA,22.14781389,22.25349706,21.59546369,21.85169792,575207000
12-04-2022,NVIDIA,22.46985715,22.65729677,21.21859505,21.43993378,662258000
13-04-2022,NVIDIA,21.6632633,22.43296253,21.39107597,22.13684654,516943000
14-04-2022,NVIDIA,22.43795251,22.70914343,21.09995152,21.19466782,569097000
18-04-2022,NVIDIA,21.13683829,22.0221912,21.0161985,21.7181015,525701000
19-04-2022,NVIDIA,21.65528803,22.3063424,21.25049751,22.13186455,512781000
20-04-2022,NVIDIA,22.44991555,22.6024596,21.13683984,21.41799927,468974000
21-04-2022,NVIDIA,21.64432421,22.32528998,19.94041603,20.1228714,656209000
22-04-2022,NVIDIA,20.24250809,20.42496341,19.44190107,19.45685577,624713000
25-04-2022,NVIDIA,19.14479142,19.88557784,19.03910823,19.84270668,641566000
26-04-2022,NVIDIA,19.65925471,19.72904585,18.61437667,18.73202515,653143000
27-04-2022,NVIDIA,18.54258947,19.10989446,18.23550845,18.36013603,499460000
28-04-2022,NVIDIA,18.91048831,19.97730192,18.43491021,19.72306061,570327000
29-04-2022,NVIDIA,19.3441953,20.06803213,18.46183178,18.49174309,500435000
02-05-2022,NVIDIA,18.48576255,19.51568405,18.33620982,19.47480774,572049000
03-05-2022,NVIDIA,19.34220223,19.76593719,19.07599749,19.54360008,475751000
04-05-2022,NVIDIA,19.86364362,20.33922178,18.69513449,20.27341843,648855000
05-05-2022,NVIDIA,19.8078099,19.86563576,18.44488209,18.78785706,626331000
06-05-2022,NVIDIA,18.68017905,19.45386615,17.93640135,18.61935997,633297000
09-05-2022,NVIDIA,17.98026986,18.20061018,16.77686526,16.89949989,644455000
10-05-2022,NVIDIA,17.63630138,18.14378578,16.97427997,17.54258156,761474000
11-05-2022,NVIDIA,17.2953167,17.70010721,16.51863832,16.58045197,670167000
12-05-2022,NVIDIA,16.17067579,16.73798071,15.52061893,16.12680626,708728000
13-05-2022,NVIDIA,16.73798537,17.87458848,16.54356662,17.65324974,670437000
16-05-2022,NVIDIA,17.45683343,17.73500149,17.05503427,17.21256256,521446000
17-05-2022,NVIDIA,18.02014903,18.31626502,17.58146135,18.12284279,585830000
18-05-2022,NVIDIA,17.65224812,18.0640177,16.81375426,16.88753319,545161000
19-05-2022,NVIDIA,16.88653965,17.63430516,16.68414343,17.07298279,621310000
20-05-2022,NVIDIA,17.28036195,17.35812868,15.70805983,16.64426231,739105000
23-05-2022,NVIDIA,16.22551663,16.86460771,16.13080034,16.84765816,639889000
24-05-2022,NVIDIA,16.46081341,16.54755411,15.73298774,16.10587311,588550000
25-05-2022,NVIDIA,15.97227232,17.06002153,15.95233145,16.92442703,781132000
26-05-2022,NVIDIA,15.98822061,18.03809459,15.97426238,17.79781342,996575000
27-05-2022,NVIDIA,18.13182111,18.82475026,18.04607688,18.75495911,738379000
31-05-2022,NVIDIA,18.92344831,19.14279403,18.29532624,18.61636734,664100000
01-06-2022,NVIDIA,18.66821465,18.996233,18.06800707,18.2654171,544514000
02-06-2022,NVIDIA,18.23750054,19.56054654,18.14378074,19.53362656,648656000
03-06-2022,NVIDIA,19.02515138,19.27440658,18.46681837,18.66422844,598779000
06-06-2022,NVIDIA,19.081979,19.27938906,18.50869134,18.73003006,422406000
07-06-2022,NVIDIA,18.41696952,18.94339641,18.1338152,18.86961746,388914000
08-06-2022,NVIDIA,18.74695555,19.12690128,18.48368648,18.59637451,363252000
09-06-2022,NVIDIA,18.4298353,18.88058358,17.99105293,17.99803352,395574000
10-06-2022,NVIDIA,17.55127402,17.64800559,16.82229693,16.92700768,465248000
13-06-2022,NVIDIA,15.955703,16.26683948,15.56279376,15.60368061,604153000
14-06-2022,NVIDIA,15.68744833,16.02152091,15.36933124,15.79215813,469680000
15-06-2022,NVIDIA,16.05043993,16.82130058,15.88190814,16.48124504,563936000
16-06-2022,NVIDIA,15.8160907,15.89786441,15.35836182,15.55780792,545749000
17-06-2022,NVIDIA,15.60467862,15.95071808,15.28556484,15.83603668,630334000
21-06-2022,NVIDIA,16.42938442,16.96090769,16.36157191,16.52013206,483089000
22-06-2022,NVIDIA,16.18107701,16.61587074,16.13520484,16.3147068,437135000
23-06-2022,NVIDIA,16.47326324,16.53908049,15.80910776,16.18007851,463680000
24-06-2022,NVIDIA,16.45431468,17.09254203,16.26484022,17.07858086,472153000
27-06-2022,NVIDIA,17.26406653,17.28201635,16.57996512,16.82229233,427968000
28-06-2022,NVIDIA,16.85320841,17.1543723,15.9008526,15.93775082,461149000
29-06-2022,NVIDIA,15.77021728,15.77620024,15.12800021,15.49897003,482352000
30-06-2022,NVIDIA,15.3184715,15.5239015,14.82085344,15.1170311,686070000
01-07-2022,NVIDIA,14.85775035,15.02129585,14.35215407,14.48279095,577610000
05-07-2022,NVIDIA,14.13575511,14.92955082,14.01608745,14.92257023,651397000
06-07-2022,NVIDIA,14.96844327,15.27658778,14.74805447,15.08811092,529066000
07-07-2022,NVIDIA,15.413209,15.90085452,15.3463941,15.8140955,492903000
08-07-2022,NVIDIA,15.38728276,15.99260264,15.3463959,15.79415321,467972000
11-07-2022,NVIDIA,15.48301629,15.48401392,14.9963674,15.11005211,437321000
12-07-2022,NVIDIA,15.22572902,15.38827785,14.83581174,15.0402441,458483000
13-07-2022,NVIDIA,14.54961033,15.33243705,14.42495637,15.12202072,521918000
14-07-2022,NVIDIA,15.06617297,15.43016224,14.6872249,15.32944202,456235000
15-07-2022,NVIDIA,15.61564449,15.73830312,15.4022363,15.71835899,385935000
18-07-2022,NVIDIA,16.25686499,16.85021694,15.95769635,16.05642128,670517000
19-07-2022,NVIDIA,16.44035809,17.06263108,16.12722823,16.94495773,702366000
20-07-2022,NVIDIA,16.90008038,17.88335056,16.75448469,17.75769806,760538000
21-07-2022,NVIDIA,17.83548261,18.0937644,17.49642381,18.0000248,557049000
22-07-2022,NVIDIA,17.84346363,17.91725817,17.08955606,17.27105331,536671000
25-07-2022,NVIDIA,16.97188427,17.07659503,16.60290963,16.97687149,480748000
26-07-2022,NVIDIA,16.84224568,16.87216331,16.43238416,16.48723221,397865000
27-07-2022,NVIDIA,16.98484473,17.88634314,16.86617471,17.74074745,569776000
28-07-2022,NVIDIA,17.92523587,18.08977807,17.39171719,17.93420982,474646000
29-07-2022,NVIDIA,17.76368525,18.19349181,17.64301995,18.11271667,435460000
01-08-2022,NVIDIA,18.13166225,18.79382542,17.94019437,18.38994598,476469000
02-08-2022,NVIDIA,18.071824,18.88556466,18.04190638,18.47470474,489527000
03-08-2022,NVIDIA,18.13365582,18.91548564,18.08678506,18.84069252,418146000
04-08-2022,NVIDIA,18.79681636,19.22063896,18.70806206,19.16180229,409652000
05-08-2022,NVIDIA,18.75792279,19.17576339,18.61432236,18.93642807,386068000
08-08-2022,NVIDIA,17.45354536,18.18850444,17.19426496,17.74373817,981859000
09-08-2022,NVIDIA,17.20423707,17.39869689,16.67769901,17.03869629,668263000
10-08-2022,NVIDIA,17.64900237,18.06783966,17.26905666,18.04689789,597422000
11-08-2022,NVIDIA,18.08080225,18.65520773,17.82650719,17.89232445,509327000
12-08-2022,NVIDIA,18.10972195,18.66617763,17.90329432,18.65720177,478094000
15-08-2022,NVIDIA,18.64922796,19.11094553,18.56147224,18.97931099,457666000
16-08-2022,NVIDIA,18.86761567,19.08900113,18.44977514,18.82672882,451240000
17-08-2022,NVIDIA,18.47171804,18.63626023,18.09476431,18.28423691,446799000
18-08-2022,NVIDIA,18.25033213,18.81276981,18.1326588,18.72102547,415447000
19-08-2022,NVIDIA,18.35504444,18.46872916,17.72080548,17.79958725,441588000
22-08-2022,NVIDIA,17.44157617,17.50938869,16.91902677,16.98683929,409593000
23-08-2022,NVIDIA,16.94197018,17.41665232,16.92302177,17.13343811,369986000
24-08-2022,NVIDIA,16.96490063,17.35781082,16.84822587,17.17432022,522661000
25-08-2022,NVIDIA,16.79736647,17.8973134,16.78639724,17.86340714,770691000
26-08-2022,NVIDIA,17.80755958,17.87437351,16.19204404,16.21498108,769127000
29-08-2022,NVIDIA,15.97564815,16.29276663,15.72334833,15.75725365,496132000
30-08-2022,NVIDIA,15.91581413,15.99459493,15.13996817,15.42517662,530181000
31-08-2022,NVIDIA,15.34140691,15.49697513,14.91758339,15.05220985,573710000
01-09-2022,NVIDIA,14.16966189,14.34018896,13.23326234,13.89841557,1178865000
02-09-2022,NVIDIA,14.06096158,14.13176415,13.55337008,13.60921574,743157000
06-09-2022,NVIDIA,13.69298437,13.74085181,13.31403632,13.42772102,535751000
07-09-2022,NVIDIA,13.52946896,13.80378966,13.31300542,13.68009567,512657000
08-09-2022,NVIDIA,13.42572366,13.97336706,13.33594698,13.95541096,624873000
09-09-2022,NVIDIA,14.12200091,14.43821761,14.09107836,14.3514328,486612000
12-09-2022,NVIDIA,14.33347849,14.51103795,14.16290074,14.46914196,484159000
13-09-2022,NVIDIA,13.76787809,13.88758131,13.06661601,13.09853649,714956000
14-09-2022,NVIDIA,13.22123373,13.25714498,12.88107713,13.09554577,588507000
15-09-2022,NVIDIA,12.98282246,13.20028295,12.75837837,12.89703465,523625000
16-09-2022,NVIDIA,12.71049797,13.17933627,12.585807,13.16537094,670751000
19-09-2022,NVIDIA,12.97983091,13.42971613,12.977836,13.34891605,569685000
20-09-2022,NVIDIA,13.18232812,13.44966518,13.02471876,13.14342403,524818000
21-09-2022,NVIDIA,13.1803345,13.99631204,13.0775885,13.22821522,807679000
22-09-2022,NVIDIA,13.03768581,13.11649096,12.39727382,12.52994442,759162000
23-09-2022,NVIDIA,12.38929355,12.57982132,12.22669644,12.48505592,663309000
26-09-2022,NVIDIA,12.46012043,12.62770533,12.18380479,12.19777012,547343000
27-09-2022,NVIDIA,12.47608121,12.70451519,12.22769717,12.38231373,553854000
28-09-2022,NVIDIA,12.37931929,12.79129836,12.32345798,12.70451355,542414000
29-09-2022,NVIDIA,12.41722579,12.46909728,11.91646699,12.18978977,532763000
30-09-2022,NVIDIA,12.05711538,12.6017659,12.04514496,12.10898685,565638000
03-10-2022,NVIDIA,12.31647561,12.64665763,12.07507331,12.48106766,547478000
04-10-2022,NVIDIA,12.84715995,13.18731747,12.84715995,13.13444805,584182000
05-10-2022,NVIDIA,12.8790794,13.28806557,12.58979642,13.17634201,507131000
06-10-2022,NVIDIA,13.18731851,13.62224053,13.07060718,13.09754086,644157000
07-10-2022,NVIDIA,12.47408376,12.63867579,11.99227809,12.04614449,672478000
10-10-2022,NVIDIA,12.00724185,12.09402666,11.37979715,11.64114952,698699000
11-10-2022,NVIDIA,11.53241902,11.8167143,11.25510641,11.55735779,667482000
12-10-2022,NVIDIA,11.55037422,11.70598774,11.31695253,11.47156906,492590000
13-10-2022,NVIDIA,10.94387615,12.04813967,10.78626678,11.93043137,850103000
14-10-2022,NVIDIA,12.02719247,12.08105887,11.1763016,11.1992445,713432000
17-10-2022,NVIDIA,11.48952405,11.91846128,11.48852707,11.8586092,580774000
18-10-2022,NVIDIA,12.31348492,12.46111883,11.5892798,11.93741703,659362000
19-10-2022,NVIDIA,11.84963309,12.31946938,11.80474426,12.02120781,523131000
20-10-2022,NVIDIA,12.08305357,12.73743191,12.07507298,12.16385365,652398000
21-10-2022,NVIDIA,12.06809134,12.46710305,11.85761348,12.43518162,609494000
24-10-2022,NVIDIA,12.47707739,12.67857766,12.03417483,12.56785202,517457000
25-10-2022,NVIDIA,12.66261754,13.26711931,12.63269103,13.22821522,505482000
26-10-2022,NVIDIA,12.8371849,13.3549009,12.67658268,12.86411762,532953000
27-10-2022,NVIDIA,13.59630206,13.803788,13.08955764,13.14342403,583113000
28-10-2022,NVIDIA,13.07160414,13.81576016,13.02871023,13.79979897,521040000
31-10-2022,NVIDIA,13.74393609,13.80378817,13.26412533,13.46363068,486341000
01-11-2022,NVIDIA,13.77685668,13.89057518,13.48557874,13.50951958,432817000
02-11-2022,NVIDIA,13.81575789,14.17486749,13.1783378,13.18631744,672628000
03-11-2022,NVIDIA,13.01075542,13.74693086,12.92397061,13.38782024,500065000
04-11-2022,NVIDIA,13.9514243,14.19382359,13.66313824,14.1210041,612576000
07-11-2022,NVIDIA,14.19282364,14.37636875,13.91950184,14.26564312,410061000
08-11-2022,NVIDIA,14.76440727,14.85418492,14.18085352,14.56589985,595292000
09-11-2022,NVIDIA,14.12698878,14.17586838,13.72498519,13.74194336,454414000
10-11-2022,NVIDIA,14.76341124,15.73400533,14.51103645,15.71106243,700819000
11-11-2022,NVIDIA,15.76792423,16.34848527,15.44372784,16.28663826,655487000
14-11-2022,NVIDIA,16.17790376,16.49910817,15.8826351,16.25471306,527852000
15-11-2022,NVIDIA,16.68065913,16.95597586,16.34149954,16.62479782,545876000
16-11-2022,NVIDIA,16.12204237,16.32154675,15.83375637,15.8706646,649547000
17-11-2022,NVIDIA,15.67614888,16.22578727,15.49659358,15.63824272,710894000
18-11-2022,NVIDIA,15.92652904,15.96244125,15.08262078,15.37090683,492072000
21-11-2022,NVIDIA,15.10955305,15.43873713,15.0427183,15.27913284,404739000
22-11-2022,NVIDIA,15.29010723,16.01830306,15.08461616,15.99835205,472866000
23-11-2022,NVIDIA,16.05820213,16.4861424,16.0083265,16.47816086,427241000
25-11-2022,NVIDIA,16.27765805,16.44623895,16.13201909,16.22977638,167934000
28-11-2022,NVIDIA,15.98637782,16.31656077,15.6861233,15.78787041,303741000
29-11-2022,NVIDIA,15.78787101,15.89261192,15.48163079,15.60033607,298384000
30-11-2022,NVIDIA,15.66219822,16.89246533,15.5624205,16.88548088,565298000
01-12-2022,NVIDIA,16.96131529,17.22672444,16.59812193,17.09701347,470977000
02-12-2022,NVIDIA,16.62206694,16.89545964,16.40854068,16.8385849,371389000
05-12-2022,NVIDIA,16.64202461,16.95732405,16.43548279,16.57317734,352255000
06-12-2022,NVIDIA,16.49335354,16.53625748,15.7839294,15.95155716,352694000
07-12-2022,NVIDIA,15.73703384,16.15011651,15.63226613,16.08426285,372388000
08-12-2022,NVIDIA,16.23692226,17.14091373,15.92361734,17.13093567,515456000
09-12-2022,NVIDIA,17.12195623,17.54401877,16.9373669,16.96330833,465338000
12-12-2022,NVIDIA,16.9992273,17.49911597,16.75975964,17.49612236,457328000
13-12-2022,NVIDIA,18.48991481,18.74834135,17.67173315,18.03193283,656589000
14-12-2022,NVIDIA,17.94712294,18.21153674,17.38138052,17.63481712,496888000
15-12-2022,NVIDIA,17.10798549,17.2815995,16.66297517,16.91441536,478542000
16-12-2022,NVIDIA,16.82661719,17.00322487,16.37362311,16.53426552,478232000
19-12-2022,NVIDIA,16.53525801,16.57217472,16.10920468,16.21796227,354039000
20-12-2022,NVIDIA,16.02838975,16.27384473,15.81686075,16.04934311,403260000
21-12-2022,NVIDIA,16.07827349,16.59013659,16.06629906,16.4644146,325025000
22-12-2022,NVIDIA,16.05832093,16.10222401,14.84900793,15.30499458,565045000
23-12-2022,NVIDIA,15.16230893,15.30499153,14.85000316,15.17228699,349326000
27-12-2022,NVIDIA,15.04058129,15.06652367,14.0248376,14.08969402,464902000
28-12-2022,NVIDIA,13.89612331,14.23038064,13.85321842,14.00488186,351066000
29-12-2022,NVIDIA,14.37006977,14.65044595,14.19545757,14.5706234,354923000
30-12-2022,NVIDIA,14.30221841,14.59656441,14.20144251,14.58159828,310490000
03-01-2023,NVIDIA,14.81807416,14.96275314,14.06474793,14.28326225,401277000
04-01-2023,NVIDIA,14.53470525,14.82007049,14.20942778,14.71630096,431324000
05-01-2023,NVIDIA,14.45887435,14.53171247,14.11663435,14.23337555,389168000
06-01-2023,NVIDIA,14.44190983,14.97672172,14.00288577,14.82605648,405044000
09-01-2023,NVIDIA,15.25011512,16.02040292,15.10743155,15.59335232,504231000
10-01-2023,NVIDIA,15.47261959,15.92661074,15.43769735,15.87372875,384101000
11-01-2023,NVIDIA,15.80488137,15.99246428,15.52849508,15.96552372,353285000
12-01-2023,NVIDIA,16.06430762,16.60011587,15.45765476,16.47439575,551409000
13-01-2023,NVIDIA,16.24191062,16.88448384,16.12916218,16.86153412,447287000
17-01-2023,NVIDIA,16.861533,17.68869548,16.861533,17.66275215,511102000
18-01-2023,NVIDIA,17.62783033,17.83337298,17.24368368,17.33847427,439624000
19-01-2023,NVIDIA,16.99822804,17.15887228,16.69390587,16.72782898,452932000
20-01-2023,NVIDIA,16.97328648,17.81641434,16.78769992,17.79945183,564967000
23-01-2023,NVIDIA,18.02395114,19.20233451,17.77849814,19.15044975,655163000
24-01-2023,NVIDIA,18.7852576,19.45177773,18.77827316,19.22228622,496204000
25-01-2023,NVIDIA,18.87106816,19.32705568,18.53880627,19.280159,449537000
26-01-2023,NVIDIA,19.65732079,20.12128998,19.2352583,19.75809669,489535000
27-01-2023,NVIDIA,19.41885298,20.58226834,19.36198014,20.31985092,542142000
30-01-2023,NVIDIA,19.90577138,20.09534878,19.10754385,19.11951828,488611000
31-01-2023,NVIDIA,19.12750162,19.64335566,18.90799003,19.49368858,498017000
01-02-2023,NVIDIA,19.64734687,21.14501875,19.5675243,20.89657211,660477000
02-02-2023,NVIDIA,20.95344001,21.90033535,20.65410591,21.66086769,564276000
03-02-2023,NVIDIA,20.95344017,21.69678925,20.74290755,21.05321884,429366000
06-02-2023,NVIDIA,20.75987234,21.52217847,20.73991622,21.04224586,452197000
07-02-2023,NVIDIA,21.33459738,22.20965393,21.10311136,22.12384415,664150000
08-02-2023,NVIDIA,22.33736505,22.82727758,21.95920561,22.15576935,559651000
09-02-2023,NVIDIA,22.55588211,22.96896381,22.07095954,22.28747749,523876000
10-02-2023,NVIDIA,21.64190855,22.02904684,20.76485779,21.21784973,550737000
13-02-2023,NVIDIA,21.49024698,21.99911646,20.91552385,21.73969269,474919000
14-02-2023,NVIDIA,21.53015937,22.99789874,21.31862949,22.92007256,675474000
15-02-2023,NVIDIA,22.49900611,22.80432743,22.05698941,22.71352959,420575000
16-02-2023,NVIDIA,22.08392662,22.50000188,21.87838399,21.95321846,412026000
17-02-2023,NVIDIA,21.58304896,21.69180659,20.92850305,21.34058762,465888000
21-02-2023,NVIDIA,20.95343964,21.44634385,20.57228663,20.60920525,410015000
22-02-2023,NVIDIA,20.66109205,21.05721124,20.37572493,20.70798683,513184000
23-02-2023,NVIDIA,23.38803172,23.83503842,22.97395091,23.61153412,1117995000
24-02-2023,NVIDIA,23.17351132,23.42195984,22.89612775,23.234375,589716000
27-02-2023,NVIDIA,23.61752043,23.82705392,23.40199973,23.4488945,452994000
28-02-2023,NVIDIA,23.32018025,23.77217689,23.15454793,23.16452599,455963000
01-03-2023,NVIDIA,23.14057876,23.20443794,22.45809529,22.64767456,460026000
02-03-2023,NVIDIA,22.43814855,23.32816942,22.38227103,23.26231575,389415000
03-03-2023,NVIDIA,23.26830011,23.84701419,23.0787208,23.83703613,412393000
06-03-2023,NVIDIA,23.83803423,24.1942412,23.43492866,23.50178146,437429000
07-03-2023,NVIDIA,23.55167589,24.0756005,23.19340984,23.24031448,515154000
08-03-2023,NVIDIA,23.43890583,24.15044708,23.3760351,24.13148499,513573000
09-03-2023,NVIDIA,24.12549516,24.40392508,23.33511715,23.38801003,501257000
10-03-2023,NVIDIA,23.36106942,23.57862347,22.67946733,22.91797829,474866000
13-03-2023,NVIDIA,22.70541521,23.25029678,22.25134691,22.91897583,421890000
14-03-2023,NVIDIA,23.44788691,24.16940597,23.41195942,24.01372528,474910000
15-03-2023,NVIDIA,23.71234766,24.23627231,23.31216966,24.17839241,524486000
16-03-2023,NVIDIA,23.97780289,25.53560552,23.8450739,25.48870277,583253000
17-03-2023,NVIDIA,25.92879694,26.34494286,25.61543883,25.67232323,848547000
20-03-2023,NVIDIA,25.56255141,25.97071435,25.07854387,25.8469677,432747000
21-03-2023,NVIDIA,26.12639503,26.33796084,25.32903125,26.14535522,547408000
22-03-2023,NVIDIA,26.37089188,27.53250996,26.1832771,26.41380501,797295000
23-03-2023,NVIDIA,27.05947608,27.44269053,26.63534712,27.13532066,564889000
24-03-2023,NVIDIA,26.97565168,27.11137289,26.30103526,26.72416687,454920000
27-03-2023,NVIDIA,26.78205015,26.94471651,26.31101647,26.47667694,361026000
28-03-2023,NVIDIA,26.39284759,26.45871244,25.79706989,26.3559227,356104000
29-03-2023,NVIDIA,26.77007425,27.02255457,26.54254046,26.92874718,393694000
30-03-2023,NVIDIA,27.1732451,27.44269269,27.04650434,27.32692909,364516000
31-03-2023,NVIDIA,27.0844266,27.77700578,27.04949842,27.72012329,433933000
03-04-2023,NVIDIA,27.45267208,27.94266591,27.28002599,27.90773773,398716000
04-04-2023,NVIDIA,27.90874162,27.94267241,27.25109047,27.39679146,368592000
05-04-2023,NVIDIA,26.77406659,26.94271927,26.34095521,26.82596016,515015000
06-04-2023,NVIDIA,26.5295664,27.02455108,26.37288829,26.98163986,397654000
10-04-2023,NVIDIA,26.76807707,27.56444342,26.61439307,27.5225296,395279000
11-04-2023,NVIDIA,27.66723481,27.73309966,27.07045777,27.1133709,314378000
12-04-2023,NVIDIA,27.31396046,27.41175937,26.39384738,26.44075203,446259000
13-04-2023,NVIDIA,26.67925656,26.83194314,26.27508709,26.40881157,353615000
14-04-2023,NVIDIA,26.44972742,26.82795105,26.16630857,26.70320702,395660000
17-04-2023,NVIDIA,26.51060701,26.95070401,26.37887731,26.94671249,321471000
18-04-2023,NVIDIA,27.47662516,28.05244337,27.30098494,27.61034966,604812000
19-04-2023,NVIDIA,27.30497535,27.94266687,27.17623978,27.87380791,358660000
20-04-2023,NVIDIA,27.61434431,27.97261043,26.94471863,27.04850578,427713000
21-04-2023,NVIDIA,26.89681487,27.12734279,26.66728625,27.06347275,345103000
24-04-2023,NVIDIA,26.95768954,27.30996548,26.61638884,26.98662949,339282000
25-04-2023,NVIDIA,27.02255136,27.19120592,26.17129932,26.1872654,378527000
26-04-2023,NVIDIA,26.94671176,27.27403927,26.65031901,26.90080452,406337000
27-04-2023,NVIDIA,27.30697428,27.43870397,26.57048449,27.17025375,377161000
28-04-2023,NVIDIA,27.16925904,27.7011668,27.01557311,27.69218636,292216000
01-05-2023,NVIDIA,27.7829983,28.99850488,27.72312168,28.85080719,570329000
02-05-2023,NVIDIA,28.62127386,28.77695456,28.02549618,28.15223503,402730000
03-05-2023,NVIDIA,27.78299562,28.30891697,27.41574909,27.74507332,383387000
04-05-2023,NVIDIA,27.59438221,27.8019565,27.18422445,27.50556564,321850000
05-05-2023,NVIDIA,27.76902351,28.69612024,27.67421872,28.62127495,361494000
08-05-2023,NVIDIA,28.46359684,29.16016755,28.29195006,29.09130859,344979000
09-05-2023,NVIDIA,28.83982828,28.91367617,28.39174822,28.51249886,314869000
10-05-2023,NVIDIA,28.94560848,29.05338904,28.40272365,28.82585526,369350000
11-05-2023,NVIDIA,28.83682937,28.89071965,28.18816076,28.51947975,322149000
12-05-2023,NVIDIA,28.47058508,28.7210725,27.98857424,28.28197289,274222000
15-05-2023,NVIDIA,28.44962639,28.90968289,28.09435634,28.8937149,293926000
16-05-2023,NVIDIA,28.78194495,29.80883921,28.7729645,29.15318298,449405000
17-05-2023,NVIDIA,29.5234254,30.13716594,29.36974139,30.11620903,432535000
18-05-2023,NVIDIA,30.34773663,31.76283261,30.25792075,31.61314011,748725000
19-05-2023,NVIDIA,31.47142601,31.51533654,30.85269659,31.1999836,473908000
22-05-2023,NVIDIA,30.83772512,31.45545902,30.61717888,31.11216354,372000000
23-05-2023,NVIDIA,30.93652161,31.22393198,30.56827773,30.62516022,356253000
24-05-2023,NVIDIA,30.14814208,30.54433046,29.74496997,30.4754715,721419000
25-05-2023,NVIDIA,38.44412057,39.39916178,36.55998588,37.90223312,1543911000
26-05-2023,NVIDIA,37.81241542,39.08979326,37.47311146,38.8662529,714397000
30-05-2023,NVIDIA,40.51188362,41.85213236,39.86720638,40.02887344,923401000
31-05-2023,NVIDIA,39.40714336,40.21249016,37.7445543,37.75653076,1002580000
01-06-2023,NVIDIA,38.41018903,39.96799357,38.26149585,39.68856812,635873000
02-06-2023,NVIDIA,40.01489905,40.41707377,38.97802501,39.24647522,482731000
05-06-2023,NVIDIA,38.82932905,39.48398404,38.62774301,39.09079361,396094000
06-06-2023,NVIDIA,38.75049794,39.07982029,38.06989131,38.5748558,388729000
07-06-2023,NVIDIA,38.83933651,39.42220065,37.28336584,37.40213394,511998000
08-06-2023,NVIDIA,37.6506561,38.7884391,37.43208392,38.43512726,417772000
09-06-2023,NVIDIA,38.96110122,39.63379059,38.49201761,38.69462204,427717000
12-06-2023,NVIDIA,39.12379346,39.45314994,38.54292417,39.40524292,388701000
13-06-2023,NVIDIA,40.10786854,41.02109045,39.66273653,40.94224167,613208000
14-06-2023,NVIDIA,40.74463443,42.91640271,40.47316006,42.91341019,740465000
15-06-2023,NVIDIA,42.51917264,43.20483722,42.06505544,42.57007217,568622000
16-06-2023,NVIDIA,43.36552302,43.63599604,42.57805558,42.60899734,655709000
20-06-2023,NVIDIA,42.91440139,43.90447325,42.59103003,43.7228241,451153000
21-06-2023,NVIDIA,43.41642222,43.5302028,41.99818739,42.96130753,551603000
22-06-2023,NVIDIA,42.1708431,43.34156269,42.15188284,42.94134521,417737000
23-06-2023,NVIDIA,42.38143933,42.72576597,41.933311,42.12693405,358140000
26-06-2023,NVIDIA,42.37844395,42.68085624,40.02203425,40.5530014,594322000
27-06-2023,NVIDIA,40.71966922,41.85844947,40.36935378,41.79457474,462175000
28-06-2023,NVIDIA,40.58095134,41.76364891,40.43922911,41.0370636,582639000
29-06-2023,NVIDIA,41.47720297,41.51912114,40.5210653,40.74263382,380514000
30-06-2023,NVIDIA,41.5989685,42.46727603,41.42031565,42.21975708,501148000
03-07-2023,NVIDIA,42.43432995,42.81458967,42.1199438,42.33053207,198209000
05-07-2023,NVIDIA,42.05308059,43.09305458,42.00317856,42.23472977,323618000
06-07-2023,NVIDIA,41.76264575,42.0969935,41.26561289,42.02114105,303582000
07-07-2023,NVIDIA,42.23971272,43.12998053,42.09799052,42.42036057,355881000
10-07-2023,NVIDIA,42.57406187,42.72776177,41.56801853,42.09798813,353908000
11-07-2023,NVIDIA,42.39840035,42.67486219,41.98520767,42.32254791,298244000
12-07-2023,NVIDIA,42.94932912,43.84957573,42.69382636,43.81663895,481277000
13-07-2023,NVIDIA,44.43145208,46.06526674,44.40550165,45.8876152,478204000
14-07-2023,NVIDIA,46.49243644,47.99451158,44.97239855,45.38060379,772075000
17-07-2023,NVIDIA,46.19900004,46.40559449,45.17399645,46.37066269,510488000
18-07-2023,NVIDIA,46.61019591,47.80287208,45.64507707,47.40165329,569164000
19-07-2023,NVIDIA,47.37171073,47.7250225,46.65111448,46.98546219,427502000
20-07-2023,NVIDIA,46.41656835,46.99544239,44.97437842,45.43148804,537865000
21-07-2023,NVIDIA,45.69897142,45.77682269,44.01425371,44.22284698,963769000
24-07-2023,NVIDIA,44.64402521,45.0212924,43.95437069,44.52525711,382516000
25-07-2023,NVIDIA,44.853623,46.09320495,44.83565645,45.59018707,348081000
26-07-2023,NVIDIA,45.93151848,45.96345775,44.54322424,45.36362457,364237000
27-07-2023,NVIDIA,46.42855262,47.30284884,45.66104681,45.81075668,455976000
28-07-2023,NVIDIA,46.5772621,46.93556525,46.29082136,46.65910339,331194000
31-07-2023,NVIDIA,46.66309073,47.03835907,46.41557186,46.63813782,251055000
01-08-2023,NVIDIA,46.36966307,46.80880998,45.93750633,46.41657257,237858000
02-08-2023,NVIDIA,45.74188936,45.75087074,43.30264113,44.18292618,530142000
03-08-2023,NVIDIA,43.71483776,45.03027593,43.71483776,44.42844772,324176000
04-08-2023,NVIDIA,44.89753933,45.55325966,44.30669126,44.59313202,362666000
07-08-2023,NVIDIA,45.02329997,45.45146681,44.476365,45.32870483,322154000
08-08-2023,NVIDIA,44.76578775,45.15403131,43.97033657,44.57715607,353843000
09-08-2023,NVIDIA,44.1879211,44.22584923,42.05208228,42.4712677,586449000
10-08-2023,NVIDIA,42.07803421,43.48928664,41.7536653,42.30559158,492705000
11-08-2023,NVIDIA,41.66982394,41.93630692,40.55998646,40.7755661,533085000
14-08-2023,NVIDIA,40.40728425,43.71484011,40.23262526,43.6679306,690286000
15-08-2023,NVIDIA,44.47336966,45.17999338,43.62501991,43.8545723,676512000
16-08-2023,NVIDIA,44.43343331,44.5881307,43.32159721,43.40144348,527451000
17-08-2023,NVIDIA,43.88450592,43.97632609,42.91738828,43.25972366,452395000
18-08-2023,NVIDIA,42.55209903,43.49326626,41.57899634,43.21480942,583768000
21-08-2023,NVIDIA,44.40749142,46.97349187,44.1360209,46.87568283,692573000
22-08-2023,NVIDIA,48.0414069,48.09330774,45.24485683,45.57920456,755293000
23-08-2023,NVIDIA,45.77682532,47.1082313,45.12010371,47.02439499,779046000
24-08-2023,NVIDIA,50.11836605,50.16826807,47.06731048,47.07130051,1156044000
25-08-2023,NVIDIA,46.92059856,47.71205605,44.93646093,45.92853165,925341000
28-08-2023,NVIDIA,46.39162414,46.88865698,44.80072537,46.74393845,685192000
29-08-2023,NVIDIA,46.57526237,48.98556753,46.30079556,48.68914413,701397000
30-08-2023,NVIDIA,48.94863563,49.82991812,48.33083976,49.16820908,735206000
31-08-2023,NVIDIA,49.28399375,49.64728446,48.86281334,49.25904083,528570000
01-09-2023,NVIDIA,49.66525029,49.70317461,48.04839726,48.4146843,463830000
05-09-2023,NVIDIA,48.1292406,48.75602175,47.7669474,48.45360947,382653000
06-09-2023,NVIDIA,48.35079707,48.45859386,46.49326249,46.97336578,468670000
07-09-2023,NVIDIA,45.4402332,46.25770845,45.06792663,46.1548996,433330000
08-09-2023,NVIDIA,45.85645443,46.51921568,45.18670245,45.48714066,473069000
11-09-2023,NVIDIA,46.06206707,46.07703853,44.22948733,45.09387589,473966000
12-09-2023,NVIDIA,44.65468764,45.58794785,44.44807239,44.7864418,349256000
13-09-2023,NVIDIA,44.51694872,45.84447395,44.42012922,45.40030289,398355000
14-09-2023,NVIDIA,45.86443663,45.90136648,45.04696146,45.49612427,370097000
15-09-2023,NVIDIA,45.25656333,45.51408229,43.72641721,43.81824875,506831000
18-09-2023,NVIDIA,42.66839445,44.15961175,41.9217863,43.88412476,500271000
19-09-2023,NVIDIA,43.75137791,43.88412967,42.92192405,43.43896103,373064000
20-09-2023,NVIDIA,43.51881279,43.82124998,42.14437794,42.16034698,367108000
21-09-2023,NVIDIA,41.50556449,42.02160003,40.90368676,40.94061661,450736000
22-09-2023,NVIDIA,41.49459285,42.03658488,41.15422818,41.53252411,479236000
25-09-2023,NVIDIA,41.51355367,42.45679369,41.10032311,42.14337921,419091000
26-09-2023,NVIDIA,41.92278696,42.7402621,41.5774306,41.83295441,402282000
27-09-2023,NVIDIA,42.25118012,42.79217069,41.55148522,42.38891983,444935000
28-09-2023,NVIDIA,42.38093204,43.36509602,42.03657707,43.00876236,424663000
29-09-2023,NVIDIA,43.7453876,44.06179864,43.22635546,43.41799927,397830000
02-10-2023,NVIDIA,43.94800606,45.0908743,43.77932205,44.6986084,433298000
03-10-2023,NVIDIA,44.72456685,45.0459697,43.165475,43.43597031,470850000
04-10-2023,NVIDIA,43.66054898,44.06080326,43.21138616,43.958992,361821000
05-10-2023,NVIDIA,43.96798098,44.81640062,43.80628386,44.60479355,393483000
06-10-2023,NVIDIA,44.1107097,45.70373848,43.94402085,45.67678833,434436000
09-10-2023,NVIDIA,44.75849683,45.5200765,44.28538046,45.188694,409675000
10-10-2023,NVIDIA,45.22562871,46.17285906,45.00404198,45.71271896,368582000
11-10-2023,NVIDIA,46.10998436,46.7717519,45.9642563,46.71884918,378137000
12-10-2023,NVIDIA,46.68989566,47.5203471,46.24372943,46.85758209,481325000
13-10-2023,NVIDIA,46.87255982,47.02827139,45.19568767,45.3763504,474115000
16-10-2023,NVIDIA,44.97908693,46.1389219,44.82836714,46.00916672,375099000
17-10-2023,NVIDIA,43.91807074,44.67066839,42.40090057,43.85618591,812333000
18-10-2023,NVIDIA,42.51168507,43.13851775,41.7471127,42.1174202,627294000
19-10-2023,NVIDIA,42.73128678,43.21638191,41.80401572,42.02260971,501233000
20-10-2023,NVIDIA,41.81199827,42.39092011,41.00150998,41.30993652,477266000
23-10-2023,NVIDIA,41.15222664,43.16746802,40.86875508,42.89497375,478530000
24-10-2023,NVIDIA,42.99678442,43.61562883,42.61150542,43.58169174,401463000
25-10-2023,NVIDIA,43.31719109,43.56872457,41.47762427,41.70120621,398379000
26-10-2023,NVIDIA,41.77506485,42.17731429,39.80573926,40.2509079,541001000
27-10-2023,NVIDIA,41.05340748,41.12926616,39.94048219,40.42457962,416784000
30-10-2023,NVIDIA,41.01049088,41.68822352,40.40561656,41.08435059,388028000
31-10-2023,NVIDIA,40.37468366,40.80288573,39.15695406,40.70406723,517969000
01-11-2023,NVIDIA,40.80787046,42.3020846,40.792899,42.24618912,437593000
02-11-2023,NVIDIA,43.24731785,43.80228227,42.81412789,43.42498779,409172000
03-11-2023,NVIDIA,43.93802957,45.22462694,43.64158174,44.92119598,424610000
06-11-2023,NVIDIA,45.20067396,45.84946511,44.81539115,45.66580582,400733000
07-11-2023,NVIDIA,45.63386613,46.13193366,45.07390998,45.86942673,343165000
08-11-2023,NVIDIA,46.01415777,46.77973167,45.88240359,46.48727798,346719000
09-11-2023,NVIDIA,47.37861112,48.14019083,46.66294719,46.86257553,540496000
10-11-2023,NVIDIA,47.41155087,48.38174105,47.19495589,48.24499512,421245000
13-11-2023,NVIDIA,48.23002411,49.02454332,48.00943496,48.52946472,384136000
14-11-2023,NVIDIA,49.58749116,49.74120373,48.94868352,49.56353378,416954000
15-11-2023,NVIDIA,49.84201783,49.86696899,48.11024795,48.79696655,475497000
16-11-2023,NVIDIA,48.58835976,49.43278516,48.24001058,49.38786697,339756000
17-11-2023,NVIDIA,49.43178439,49.62442582,48.91574875,49.20620728,325205000
20-11-2023,NVIDIA,49.22017851,50.45387707,49.08942192,50.31513596,414120000
21-11-2023,NVIDIA,50.0326544,50.42292512,49.1303385,49.85099411,565747000
22-11-2023,NVIDIA,49.75917626,50.2412748,47.60119936,48.62528992,899420000
24-11-2023,NVIDIA,48.37974638,48.8299068,47.65609411,47.68703842,294645000
27-11-2023,NVIDIA,47.71099377,48.43963402,47.56327054,48.15217209,395662000
28-11-2023,NVIDIA,48.14617697,48.23301676,47.38459731,47.73194885,401491000
29-11-2023,NVIDIA,48.28891883,48.6712051,47.77088422,48.05036163,382005000
30-11-2023,NVIDIA,47.93457759,48.02041981,46.33556314,46.68291473,526247000
01-12-2023,NVIDIA,46.43837411,47.11211653,46.1010022,46.67792511,369317000
04-12-2023,NVIDIA,45.99120422,45.99120422,44.92618964,45.42525864,437543000
05-12-2023,NVIDIA,45.38533254,46.51731944,45.19067882,46.48338318,371718000
06-12-2023,NVIDIA,47.13122836,47.30292407,45.33142595,45.4222641,380590000
07-12-2023,NVIDIA,45.61891087,46.54626331,45.52308054,46.51332092,350823000
08-12-2023,NVIDIA,46.51233179,47.65629845,46.46740965,47.42171478,359224000
11-12-2023,NVIDIA,47.40674658,47.44667272,45.74869409,46.54427719,509728000
12-12-2023,NVIDIA,45.96429952,47.581424,45.96429952,47.5724411,372387000
13-12-2023,NVIDIA,47.54449647,48.50778449,47.52353382,48.00268173,447792000
14-12-2023,NVIDIA,48.30413587,48.58363782,47.33785499,48.26420593,391232000
15-12-2023,NVIDIA,48.10848519,49.31633726,48.03461518,48.80324936,479948000
18-12-2023,NVIDIA,49.3123508,50.34351508,49.06279438,49.98814774,412587000
19-12-2023,NVIDIA,49.33629887,49.61181009,48.80823822,49.51597977,464444000
20-12-2023,NVIDIA,49.5668939,49.9102853,48.01265734,48.02563477,397894000
21-12-2023,NVIDIA,48.72439673,49.00789323,48.33309014,48.90307999,300425000
22-12-2023,NVIDIA,49.10770499,49.29537111,48.38099616,48.7433548,252507000
26-12-2023,NVIDIA,48.88110985,49.5119884,48.87312463,49.19155884,244200000
27-12-2023,NVIDIA,49.42315398,49.59185285,48.99790734,49.329319,233648000
28-12-2023,NVIDIA,49.5549153,49.79548499,49.32432238,49.43412781,246587000
29-12-2023,NVIDIA,49.72461182,49.90828726,48.66449596,49.43412781,389293000
02-01-2024,NVIDIA,49.15662586,49.20753406,47.51055341,48.08253479,411254000
03-01-2024,NVIDIA,47.40074186,48.09849903,47.23603372,47.48459244,320896000
04-01-2024,NVIDIA,47.68224884,48.41395004,47.42370949,47.9128418,306535000
05-01-2024,NVIDIA,48.37600852,49.45908233,48.22028329,49.00988007,415039000
08-01-2024,NVIDIA,49.42414837,52.18224627,49.39120598,52.16028214,642510000
09-01-2024,NVIDIA,52.30802809,54.22861421,51.59828724,53.04571533,773100000
10-01-2024,NVIDIA,53.52087171,54.50312317,53.39409433,54.25356674,533796000
11-01-2024,NVIDIA,54.9014117,55.24779611,53.46496585,54.72472382,596759000
12-01-2024,NVIDIA,54.52308221,54.87246346,54.23359968,54.61292267,352994000
16-01-2024,NVIDIA,54.92038503,56.73415872,54.80259436,56.28196335,449580000
17-01-2024,NVIDIA,56.24702552,56.37080606,54.64287832,55.95354843,474394000
18-01-2024,NVIDIA,57.15840851,57.49780544,56.00745427,57.00568008,491650000
19-01-2024,NVIDIA,57.88610697,59.39442755,57.12346262,59.38544464,543501000
22-01-2024,NVIDIA,59.94245636,60.2239575,58.96519328,59.54815674,452955000
23-01-2024,NVIDIA,59.46430562,59.80370251,58.48105268,59.76676941,294654000
24-01-2024,NVIDIA,60.1970028,62.73748535,59.83165107,61.25312424,560271000
25-01-2024,NVIDIA,62.23936481,62.60771334,60.7420264,61.50766754,482777000
26-01-2024,NVIDIA,60.85183725,61.67337885,60.46552668,60.92271042,390309000
29-01-2024,NVIDIA,61.12335396,62.37812362,60.79893365,62.35416794,348733000
30-01-2024,NVIDIA,62.78838878,63.38033504,62.14952123,62.6626091,410735000
31-01-2024,NVIDIA,61.33098018,62.15851159,60.59229536,61.41782761,453795000
01-02-2024,NVIDIA,61.98981539,63.07888306,61.54061686,62.91517258,369146000
02-02-2024,NVIDIA,63.86048435,66.48182426,63.57698788,66.04261017,476578000
05-02-2024,NVIDIA,68.10394628,69.37369253,67.08575943,69.20898438,680078000
06-02-2024,NVIDIA,69.50645285,69.63023338,66.18236705,68.1019516,683111000
07-02-2024,NVIDIA,68.19777661,70.0954045,67.48005062,69.974617,495575000
08-02-2024,NVIDIA,69.94965587,70.66837949,69.33175857,69.51742554,414422000
09-02-2024,NVIDIA,70.40785287,72.05692221,70.08742327,72.00502014,436637000
12-02-2024,NVIDIA,72.47120017,74.47863408,71.12359671,72.11982727,613710000
13-02-2024,NVIDIA,70.27509202,73.31967589,69.49647718,72.00002289,602580000
14-02-2024,NVIDIA,73.07213826,74.10430046,71.81038074,73.76889801,504917000
15-02-2024,NVIDIA,73.73793303,73.84374013,72.27153779,72.52907562,420122000
16-02-2024,NVIDIA,73.96851471,74.26998079,72.37235297,72.48415375,495327000
20-02-2024,NVIDIA,71.8193338,71.82832051,67.61381202,69.32876587,704833000
21-02-2024,NVIDIA,67.88532874,68.76576752,66.13045247,67.35227966,673755000
22-02-2024,NVIDIA,74.89188379,78.43558042,74.08831181,78.39865112,865100000
23-02-2024,NVIDIA,80.64665338,82.24780365,77.43236548,78.67715454,829388000
26-02-2024,NVIDIA,79.55858308,80.50291133,78.36570371,78.95166779,503973000
27-02-2024,NVIDIA,79.24014936,79.33898034,77.02509242,78.56135559,391705000
28-02-2024,NVIDIA,77.48226929,78.79293535,76.98814491,77.52519226,393110000
29-02-2024,NVIDIA,78.9536681,79.84807446,78.21098486,78.97163391,507289000
01-03-2024,NVIDIA,79.85805519,82.15397732,79.29405524,82.13301086,479135000
04-03-2024,NVIDIA,83.98070888,87.53938524,83.5704427,85.08574677,615616000
05-03-2024,NVIDIA,85.12268939,85.94826419,83.27289369,85.81549072,520639000
06-03-2024,NVIDIA,87.86994564,89.56900131,86.87965493,88.54676819,582520000
07-03-2024,NVIDIA,90.00225478,92.60674905,89.44721547,92.50891876,608119000
08-03-2024,NVIDIA,94.97365533,97.2317489,86.35656281,87.37680054,1142269000
11-03-2024,NVIDIA,86.2796989,88.64360452,84.02060764,85.6258316,678364000
12-03-2024,NVIDIA,87.89690314,91.80114257,86.0011815,91.75422668,668075000
13-03-2024,NVIDIA,90.89769122,91.34591302,88.28221486,90.73097992,635713000
14-03-2024,NVIDIA,89.42225832,90.48941185,86.45039612,87.79207611,602318000
15-03-2024,NVIDIA,86.77983369,89.39131202,86.10799974,87.68526459,642086000
18-03-2024,NVIDIA,90.23184423,92.24535791,86.93454916,88.30218506,668976000
19-03-2024,NVIDIA,86.55023092,90.38759254,84.86315542,89.24357605,672171000
20-03-2024,NVIDIA,89.64187011,90.25381771,88.07059174,90.21588135,479063000
21-03-2024,NVIDIA,92.14054972,92.48794811,90.24881917,91.27703857,480372000
22-03-2024,NVIDIA,90.98354955,94.61426754,90.6770807,94.12611389,586719000
25-03-2024,NVIDIA,93.7787264,96.5988434,93.34847116,94.83789063,552136000
26-03-2024,NVIDIA,95.68540978,96.20850661,92.34219634,92.40109253,513648000
27-03-2024,NVIDIA,92.95115661,93.07893385,88.96904884,90.09410095,586067000
28-03-2024,NVIDIA,89.84452521,91.14228251,89.03892009,90.19991302,435212000
01-04-2024,NVIDIA,90.14300911,92.06567677,89.04989954,90.20689392,452441000
02-04-2024,NVIDIA,88.29519159,89.93835161,87.46862677,89.29746246,433064000
03-04-2024,NVIDIA,88.33115901,90.21789373,88.24730447,88.81032562,370067000
04-04-2024,NVIDIA,90.24981545,90.47742601,85.73163346,85.7565918,434965000
05-04-2024,NVIDIA,86.71593915,88.32815477,85.77756815,87.85597229,399678000
08-04-2024,NVIDIA,88.54675414,88.67653442,86.58215947,86.98246765,283220000
09-04-2024,NVIDIA,87.29093309,87.48360044,82.87857108,85.20653534,501700000
10-04-2024,NVIDIA,83.78101275,87.24901013,83.56438478,86.88863373,431929000
11-04-2024,NVIDIA,87.26897937,90.58224601,86.77583708,90.4594574,431637000
12-04-2024,NVIDIA,89.54404,90.01922324,87.37878828,88.03365326,426805000
15-04-2024,NVIDIA,88.9440981,90.45648059,85.78057328,85.85244751,443077000
16-04-2024,NVIDIA,86.28368645,87.96577319,85.91532822,87.26399231,370453000
17-04-2024,NVIDIA,88.18738726,88.62164097,83.80497168,83.88983154,495400000
18-04-2024,NVIDIA,84.82321393,86.04110758,82.25964941,84.52472687,447260000
19-04-2024,NVIDIA,83.00636596,84.17833393,75.47539895,76.068367,875198000
22-04-2024,NVIDIA,77.96906422,79.93466435,76.26801328,79.38062286,596341000
23-04-2024,NVIDIA,80.62946712,82.62601208,80.12534226,82.28060913,438559000
24-04-2024,NVIDIA,83.80498149,83.93675725,79.04621772,79.53936768,512208000
25-04-2024,NVIDIA,78.73175253,83.17905839,78.08787011,82.48925781,424641000
26-04-2024,NVIDIA,83.6732093,88.1784138,83.24295407,87.58344269,551011000
29-04-2024,NVIDIA,87.44370023,87.84001006,85.11872069,87.60542297,388971000
30-04-2024,NVIDIA,87.08928873,88.66556335,86.15091778,86.25273895,363709000
01-05-2024,NVIDIA,84.93002291,85.85142484,81.11461965,82.89753723,559863000
02-05-2024,NVIDIA,84.30310642,86.08801954,83.0562636,85.66874695,377898000
03-05-2024,NVIDIA,87.63734006,89.1267593,86.88963345,88.63561249,398341000
06-05-2024,NVIDIA,89.23557056,92.06068332,88.90115022,91.9808197,376203000
07-05-2024,NVIDIA,90.9406267,91.62244547,88.85723403,90.39756775,437342000
08-05-2024,NVIDIA,89.32841762,91.03646036,89.26552292,90.2558136,325721000
09-05-2024,NVIDIA,90.37262376,90.91468508,88.0785967,88.59370422,378013000
10-05-2024,NVIDIA,90.14898151,91.24308864,89.07284103,89.72271729,335325000
13-05-2024,NVIDIA,90.32169428,90.84080024,88.37606372,90.242836,289680000
14-05-2024,NVIDIA,89.44422015,91.49267735,88.780368,91.19818878,296507000
15-05-2024,NVIDIA,92.31226798,94.69813898,91.44077486,94.46653748,417735000
16-05-2024,NVIDIA,94.74604981,95.65347613,93.94043705,94.19599915,323952000
17-05-2024,NVIDIA,94.20598653,94.57634023,91.64741042,92.31924438,359691000
20-05-2024,NVIDIA,93.58804491,95.03553696,93.27858288,94.61626434,318764000
21-05-2024,NVIDIA,93.43730641,95.23519768,93.01903152,95.22122192,328946000
22-05-2024,NVIDIA,95.29409599,95.85412389,93.08791464,94.7859726,548648000
23-05-2024,NVIDIA,101.8517531,106.1363388,101.3446274,103.6196976,835065000
24-05-2024,NVIDIA,104.2685577,106.2910587,102.8220634,106.2850723,429494000
28-05-2024,NVIDIA,110.0535586,114.7404478,109.6931822,113.7042389,652728000
29-05-2024,NVIDIA,112.8547127,115.2924879,110.7094229,114.6266403,557442000
30-05-2024,NVIDIA,114.4519371,115.6189163,109.4735529,110.3091049,484553000
31-05-2024,NVIDIA,112.3256094,112.5222753,106.7552551,109.4436035,613263000
03-06-2024,NVIDIA,113.4247226,114.8013382,111.8095139,114.8013382,438392000
04-06-2024,NVIDIA,115.5161151,116.3985832,113.8479964,116.2358627,403324000
05-06-2024,NVIDIA,118.1665068,122.237457,117.2650669,122.2284775,528402000
06-06-2024,NVIDIA,123.8337052,125.370048,118.1156034,120.7889786,664696000
07-06-2024,NVIDIA,119.5631037,121.4817883,117.8181298,120.6791763,412386000
10-06-2024,NVIDIA,120.1620525,122.8873319,116.8078566,121.5795975,313434100
11-06-2024,NVIDIA,121.5696222,122.6678182,118.5446093,120.7110443,222551200
12-06-2024,NVIDIA,122.8575099,126.671224,122.3683183,124.993988,299595000
13-06-2024,NVIDIA,129.1770741,129.586403,126.950748,129.3967133,260704500
14-06-2024,NVIDIA,129.7461556,132.6214062,128.1088549,131.6629944,309320400
17-06-2024,NVIDIA,132.7711676,133.5099401,129.3667752,130.7644653,288504400
18-06-2024,NVIDIA,130.924192,136.1056536,130.4749355,135.3568878,294335100
20-06-2024,NVIDIA,139.5699662,140.528378,129.3068829,130.5648041,517768400
21-06-2024,NVIDIA,126.9108305,130.4150571,124.0954711,126.3617325,649445800
24-06-2024,NVIDIA,123.0371972,124.2551909,117.8457573,117.9156418,476060900
25-06-2024,NVIDIA,121.0005621,126.291844,119.1236584,125.882515,414192600
26-06-2024,NVIDIA,125.9224566,127.90918,122.3982663,126.1920166,362975900
27-06-2024,NVIDIA,123.8957922,126.2019963,122.7177336,123.7859726,252571700
28-06-2024,NVIDIA,124.375013,127.49986,122.5480223,123.3367233,315516700
01-07-2024,NVIDIA,123.2668306,124.6345713,118.6344663,124.0954666,284885500
02-07-2024,NVIDIA,120.9306879,123.2069428,120.830854,122.4681549,218374000
03-07-2024,NVIDIA,121.4598071,128.0689087,121.1602977,128.0689087,215749000
05-07-2024,NVIDIA,127.1703926,128.6379825,125.473193,125.6229477,214176700
08-07-2024,NVIDIA,127.2801906,130.5547992,126.8309342,127.9890213,237677300
09-07-2024,NVIDIA,130.1355296,133.5998213,128.4383146,131.1638336,285366600
10-07-2024,NVIDIA,133.8094619,134.8777086,132.2021104,134.6880188,248978600
11-07-2024,NVIDIA,135.5266356,135.9259713,126.8409537,127.1903763,374782700
12-07-2024,NVIDIA,128.0489756,131.7029577,127.0106934,129.0273743,252680500
15-07-2024,NVIDIA,130.3451441,131.17378,126.9707091,128.2286377,208326200
16-07-2024,NVIDIA,128.2286482,128.8276517,124.3749994,126.1520691,214769500
17-07-2024,NVIDIA,121.1503089,121.6494861,116.5279306,117.7958374,390086200
18-07-2024,NVIDIA,121.6494987,122.1985967,116.3682022,120.8907471,320979500
19-07-2024,NVIDIA,120.1519783,121.3999216,117.1768858,117.7359619,217223800
22-07-2024,NVIDIA,120.1519698,123.86585,119.6627782,123.3367233,258068900
23-07-2024,NVIDIA,122.5779726,124.4848335,121.8990912,122.3882828,173911000
24-07-2024,NVIDIA,118.9738985,119.7526138,113.2533318,114.0619965,327776900
25-07-2024,NVIDIA,112.8539893,116.4380781,106.1250823,112.0952377,460067000
26-07-2024,NVIDIA,115.9988013,116.0087794,111.3963869,112.8739471,293399100
29-07-2024,NVIDIA,113.5029226,116.088657,111.116856,111.4063721,248152100
30-07-2024,NVIDIA,111.3364854,111.8057132,102.3712667,103.5593109,486833300
31-07-2024,NVIDIA,112.7142154,118.1452583,110.6975352,116.8274307,473174200
01-08-2024,NVIDIA,117.3366056,119.9622829,106.634244,109.0302963,523462300
02-08-2024,NVIDIA,103.5892494,108.5410861,101.2031831,107.0934677,482027500
05-08-2024,NVIDIA,91.9085125,103.2398421,90.54077172,100.2847061,552842400
06-08-2024,NVIDIA,103.6691241,107.5327586,100.3845446,104.0784531,409012100
07-08-2024,NVIDIA,107.6325946,108.620971,98.52760658,98.74724579,411440400
08-08-2024,NVIDIA,101.8321503,105.3263907,97.35951914,104.7972641,391910000
09-08-2024,NVIDIA,105.4661716,106.4245911,103.259809,104.5776367,290844200
12-08-2024,NVIDIA,106.14506,110.8872443,106.0851611,108.8406143,325559900
13-08-2024,NVIDIA,112.2549821,116.0387466,111.3963966,115.9488907,312646700
14-08-2024,NVIDIA,118.3349605,118.404845,113.8823003,117.885704,339246400
15-08-2024,NVIDIA,118.5645923,123.0372165,117.276714,122.6578445,318086700
16-08-2024,NVIDIA,121.7393374,124.7942994,120.9805859,124.3749924,302589900
19-08-2024,NVIDIA,124.0755126,129.7861023,123.216927,129.7861023,318333600
20-08-2024,NVIDIA,128.1887052,129.6662807,125.682841,127.0406036,300087400
21-08-2024,NVIDIA,127.1104852,129.1371511,126.4515752,128.2885437,257883600
22-08-2024,NVIDIA,129.8060573,130.5348518,122.8974383,123.5363846,376189100
23-08-2024,NVIDIA,125.652886,129.386737,125.0139398,129.1571045,323230300
26-08-2024,NVIDIA,129.356798,131.0440043,124.1653501,126.2519073,331964700
27-08-2024,NVIDIA,124.8442304,128.9873954,123.6761499,128.0888824,303134600
28-08-2024,NVIDIA,127.9091771,128.1188382,122.4381985,125.4033127,448101100
29-08-2024,NVIDIA,121.1603003,124.2252482,116.5179504,117.3964996,453023300
30-08-2024,NVIDIA,119.3333091,121.5496573,117.0271127,119.1735764,333751600
03-09-2024,NVIDIA,115.8191022,116.01877,107.1134501,107.8222809,477155100
04-09-2024,NVIDIA,105.2365535,113.083613,103.9486753,106.0352325,372470300
05-09-2024,NVIDIA,104.8172513,109.4695876,104.587634,107.0335999,306850700
06-09-2024,NVIDIA,107.8622233,107.9720429,100.7838857,102.6607971,413638100
09-09-2024,NVIDIA,104.7074198,106.3746776,103.5193831,106.2948074,273912000
10-09-2024,NVIDIA,107.6325878,109.2199753,104.7772936,107.9221115,268283700
11-09-2024,NVIDIA,109.2099912,116.9971589,107.2432318,116.7176208,441422400
12-09-2024,NVIDIA,116.6577172,120.6015595,115.1999958,118.9541321,366052700
13-09-2024,NVIDIA,118.8942268,119.7728511,117.4165323,118.9141922,238358300
16-09-2024,NVIDIA,116.6077954,117.9956262,114.1815861,116.5978088,248772300
17-09-2024,NVIDIA,117.9856448,118.6146669,114.6508591,115.409668,231925900
18-09-2024,NVIDIA,115.7091956,117.5163693,113.043363,113.1931305,310318900
19-09-2024,NVIDIA,117.1669184,119.4733198,117.067076,117.6861115,293506400
20-09-2024,NVIDIA,116.8773746,118.4349461,115.2099818,115.8190308,382462400
23-09-2024,NVIDIA,116.368177,116.8074854,114.6808111,116.0786285,206228500
24-09-2024,NVIDIA,116.3382223,121.6099917,115.2000013,120.6814423,354966800
25-09-2024,NVIDIA,121.8296332,124.7450835,121.4202768,123.3173141,284692900
26-09-2024,NVIDIA,126.6021775,127.4708153,121.6099782,123.8464813,302582900
27-09-2024,NVIDIA,123.7765998,123.8365037,119.0739486,121.2106094,271009200
30-09-2024,NVIDIA,118.1254274,121.3104533,117.965681,121.2505493,226553700
01-10-2024,NVIDIA,121.5800216,122.2489822,115.6093554,116.8174667,302094500
02-10-2024,NVIDIA,116.2583526,119.1937609,114.9603776,118.6645889,221845900
03-10-2024,NVIDIA,120.7313586,124.1659946,120.1522616,122.6583481,277118000
04-10-2024,NVIDIA,124.745086,124.8449284,121.6399372,124.7251129,243678100
07-10-2024,NVIDIA,124.7950075,130.4361948,124.755069,127.520752,346250200
08-10-2024,NVIDIA,130.0567764,133.2717541,129.2180905,132.6826782,285722500
09-10-2024,NVIDIA,133.9007832,134.3101473,131.1750464,132.4430542,246191600
10-10-2024,NVIDIA,131.7042159,134.7893917,130.7956319,134.5996857,242311300
11-10-2024,NVIDIA,133.8009303,135.5681733,133.4514855,134.5897064,170209500
14-10-2024,NVIDIA,136.2570891,139.3822108,136.0873562,137.854599,232347700
15-10-2024,NVIDIA,137.6549064,138.3538265,128.5391603,131.3946991,377831000
16-10-2024,NVIDIA,133.7709943,136.4068755,131.3747443,135.5082855,264879700
17-10-2024,NVIDIA,139.1225979,140.6701827,136.6564504,136.7163544,306435900
18-10-2024,NVIDIA,138.4536667,138.6833036,137.0658358,137.7847137,176090200
21-10-2024,NVIDIA,137.914498,143.4857941,137.784696,143.4857941,264554500
22-10-2024,NVIDIA,142.6870502,144.194689,141.5588083,143.3659821,226311600
23-10-2024,NVIDIA,141.8084177,142.2077875,137.2455553,139.3422699,285930000
24-10-2024,NVIDIA,140.6003125,141.1294844,138.2439937,140.1909485,172354900
25-10-2024,NVIDIA,140.7101344,143.9051544,140.5803475,141.3191833,205122100
28-10-2024,NVIDIA,142.7769235,142.9167045,139.8315285,140.3007965,173586700
29-10-2024,NVIDIA,140.0711236,142.0380514,138.6832928,141.0296326,157593600
30-10-2024,NVIDIA,139.3223046,140.1110807,136.5965678,139.1226196,179418100
31-10-2024,NVIDIA,137.3853323,137.3953112,131.9038919,132.5528717,270039600
01-11-2024,NVIDIA,134.4898615,137.0957905,134.3600747,135.1887665,207127800
04-11-2024,NVIDIA,136.9959473,138.7432171,135.3585064,135.8377533,187528200
05-11-2024,NVIDIA,137.2355579,140.1510005,137.11575,139.6917267,160537400
06-11-2024,NVIDIA,142.7369982,146.2614904,141.7385581,145.3828583,242043900
07-11-2024,NVIDIA,146.1616298,148.6976607,145.9419718,148.6477509,207323300
08-11-2024,NVIDIA,148.5378789,149.5363186,146.0317855,147.3996582,175665800
11-11-2024,NVIDIA,148.4480335,148.6177817,143.3460204,145.033371,182325600
12-11-2024,NVIDIA,146.5510008,149.4165183,145.7821979,148.0586395,198634700
13-11-2024,NVIDIA,148.8374594,149.0970483,145.6723912,146.0418243,191903300
14-11-2024,NVIDIA,147.4096684,148.7675473,145.3229326,146.5310364,194463300
15-11-2024,NVIDIA,144.6439588,145.0133919,139.8614392,141.7584686,250132900
18-11-2024,NVIDIA,139.2823708,141.3291758,136.9360309,139.9313507,221205300
19-11-2024,NVIDIA,141.0995443,146.9004781,140.7700572,146.7806549,227834900
20-11-2024,NVIDIA,147.1800322,147.3297921,142.5073255,145.6623993,309871700
21-11-2024,NVIDIA,149.1170197,152.6514906,140.4805046,146.4411926,400946600
22-11-2024,NVIDIA,145.7023485,146.9304407,140.8798965,141.7285614,236406200
25-11-2024,NVIDIA,141.7684878,141.8283917,135.6081154,135.8078003,344941900
26-11-2024,NVIDIA,137.4851569,139.0826667,135.4583254,136.7063751,190287700
27-11-2024,NVIDIA,134.7993582,137.005917,131.5943749,135.1288452,226370900
29-11-2024,NVIDIA,136.5666242,139.1326224,135.8377673,138.0343323,141863200
02-12-2024,NVIDIA,138.6134117,140.2308795,137.6049929,138.4137268,171682800
03-12-2024,NVIDIA,138.0443035,140.3207454,137.7347896,140.0411835,164414000
04-12-2024,NVIDIA,141.7784584,145.5625388,140.0711196,144.913559,231224300
05-12-2024,NVIDIA,144.8936022,146.3214624,143.7353284,144.8436737,172621200
06-12-2024,NVIDIA,144.3843673,145.4827178,141.0992651,142.2275848,188505600
09-12-2024,NVIDIA,138.7627619,139.7412962,136.9255094,138.6029968,189308600
10-12-2024,NVIDIA,138.8026875,141.6085097,133.5904709,134.868576,210020900
11-12-2024,NVIDIA,137.1551602,139.9609673,135.0083725,139.1022491,184905200
12-12-2024,NVIDIA,136.8755708,138.2335432,135.597481,137.1351776,159211400
13-12-2024,NVIDIA,138.7327975,139.3918169,132.3423329,134.0497894,231514900
16-12-2024,NVIDIA,133.979888,134.1995611,130.2255008,131.8031464,237951100
17-12-2024,NVIDIA,128.8974922,131.3937641,126.6708219,130.1955566,259410300
18-12-2024,NVIDIA,133.6603731,136.4961341,128.0886928,128.7177582,277444500
19-12-2024,NVIDIA,131.5634679,133.8300863,129.3567727,130.4850769,209719200
20-12-2024,NVIDIA,129.6164082,135.0782518,128.0287831,134.499115,306528600
23-12-2024,NVIDIA,136.0767567,139.5815166,134.9184831,139.4617004,176053500
24-12-2024,NVIDIA,139.7912216,141.6883821,138.4432288,140.0108948,105157000
26-12-2024,NVIDIA,139.491676,140.6399702,137.5246124,139.7213287,116205600
27-12-2024,NVIDIA,138.3433913,138.8126917,134.5091214,136.8056793,170582600
30-12-2024,NVIDIA,134.6289063,140.0607951,133.8201168,137.2849426,167734700
31-12-2024,NVIDIA,137.8241652,137.8641141,133.6304314,134.0897369,155659200
02-01-2025,NVIDIA,135.7971767,138.6728865,134.4292247,138.1037292,198247200
03-01-2025,NVIDIA,139.8012066,144.6839138,139.5216254,144.2545624,229322500
06-01-2025,NVIDIA,148.3684096,151.9330931,147.5995689,149.2071533,265377400
07-01-2025,NVIDIA,152.8017921,152.9016491,139.801204,139.931015,351782200
08-01-2025,NVIDIA,142.3673643,143.7353163,137.3548467,139.9010468,227349900
10-01-2025,NVIDIA,137.2450179,139.7113356,134.019839,135.7073212,207602500
13-01-2025,NVIDIA,129.7961526,133.2909331,129.3168574,133.031311,204808900
14-01-2025,NVIDIA,135.8471024,136.1766121,129.8560506,131.5634918,195590500
15-01-2025,NVIDIA,133.4506855,136.246513,131.0942043,136.0368347,185217300
16-01-2025,NVIDIA,138.4332346,138.5430712,133.2909213,133.3708038,209235600
17-01-2025,NVIDIA,136.4861555,138.2934538,135.2579941,137.5046387,201188800
21-01-2025,NVIDIA,138.9524571,141.6184732,136.885537,140.6199646,197749000
22-01-2025,NVIDIA,144.4442679,147.5695897,143.4557389,146.8506775,237651400
23-01-2025,NVIDIA,144.8336956,147.0104374,143.5056772,147.0004578,155915500
24-01-2025,NVIDIA,148.1487436,148.747855,141.6684314,142.4073181,234657600
27-01-2025,NVIDIA,124.613883,128.208505,116.5259568,118.2433929,818830900
28-01-2025,NVIDIA,121.6283234,128.8076023,116.0766183,128.7976227,579666400
29-01-2025,NVIDIA,126.3113533,126.7007711,119.8709751,123.5155258,467120600
30-01-2025,NVIDIA,122.9164198,124.8135879,117.9238763,124.4641113,392925500
31-01-2025,NVIDIA,123.5954041,127.6593342,119.0122529,119.8909378,388161100
03-02-2025,NVIDIA,114.5788753,118.3931783,112.8414722,116.4860306,371235700
04-02-2025,NVIDIA,116.7855709,121.0192455,116.5259565,118.473053,256550000
05-02-2025,NVIDIA,121.5784157,124.8135816,120.5799071,124.643837,262230800
06-02-2025,NVIDIA,127.2299977,128.5779908,125.023294,128.4881134,251483600
07-02-2025,NVIDIA,129.0272766,130.1755554,124.8135693,129.646347,228186300
10-02-2025,NVIDIA,129.8959829,134.7986638,129.7661871,133.3708038,216989100
11-02-2025,NVIDIA,132.3823013,134.279462,130.82463,132.6019745,178902400
12-02-2025,NVIDIA,129.8261026,132.0427931,128.8875021,130.9444275,160278600
13-02-2025,NVIDIA,131.3637934,136.2964285,130.9743756,135.0882263,197430000
14-02-2025,NVIDIA,136.2764533,139.0423264,135.2979191,138.6429291,195479600
18-02-2025,NVIDIA,141.0593298,143.2260919,137.7242991,139.1921082,219176600
19-02-2025,NVIDIA,139.3019506,141.1491979,137.0153723,139.0223694,167536000
20-02-2025,NVIDIA,139.8211642,140.4502296,136.5859907,139.9010468,143903600
21-02-2025,NVIDIA,139.8311415,141.2490371,133.8301101,134.2295074,228217600
24-02-2025,NVIDIA,136.3563579,138.3833295,129.8860252,130.0857239,251381100
25-02-2025,NVIDIA,129.7861649,130.0058381,124.2544331,126.4411621,271428700
26-02-2025,NVIDIA,129.7961589,133.5305719,128.2983958,131.0842285,322553800
27-02-2025,NVIDIA,134.7986783,134.8086579,119.8310346,119.9708252,443175800
28-02-2025,NVIDIA,117.8439921,124.9034483,116.2264129,124.7337036,389091100
03-03-2025,NVIDIA,123.325812,123.5155235,112.1125559,113.8899002,411381400
04-03-2025,NVIDIA,110.4849913,119.1320729,109.9457957,115.8170242,398163300
05-03-2025,NVIDIA,117.4046575,118.1036106,114.339236,117.1250763,284337900
06-03-2025,NVIDIA,113.3606982,115.1779839,110.0556367,110.4051132,321181900
07-03-2025,NVIDIA,111.0840948,113.3107726,107.3995952,112.5219498,341755500
10-03-2025,NVIDIA,109.736093,111.6831817,105.3027125,106.8204498,366487400
11-03-2025,NVIDIA,106.8304367,112.072607,104.6137463,108.5978012,354865700
12-03-2025,NVIDIA,113.9603053,116.5966103,112.7220351,115.5780334,323857500
13-03-2025,NVIDIA,116.8662188,117.5952005,113.6307552,115.418251,299033100
14-03-2025,NVIDIA,118.4440101,121.7094305,117.9846548,121.4997253,277593500
17-03-2025,NVIDIA,122.5682312,122.7180228,117.8648235,119.3627243,255501500
18-03-2025,NVIDIA,117.8348663,118.8534355,114.3797092,115.2684631,299686900
19-03-2025,NVIDIA,117.1058873,120.2814374,115.518116,117.3555374,273426200
20-03-2025,NVIDIA,116.3868882,120.0317738,116.3069983,118.3641129,248829700
21-03-2025,NVIDIA,116.7763474,117.8248734,115.2584704,117.5352783,266498500
24-03-2025,NVIDIA,119.7122318,122.0489611,119.1729866,121.240097,228452500
25-03-2025,NVIDIA,120.3812994,121.1202617,118.7535757,120.5211029,167447200
26-03-2025,NVIDIA,118.5638455,118.6736845,112.5522659,113.6007996,293463300
27-03-2025,NVIDIA,111.1941732,114.2898335,110.505144,111.2740631,236902100
28-03-2025,NVIDIA,111.333978,112.7120517,108.9173664,109.5165253,229872500
31-03-2025,NVIDIA,104.9828731,110.8047161,103.5049486,108.2283249,299212700
01-04-2025,NVIDIA,108.3681334,110.0457827,106.3210067,109.9958572,222614000
02-04-2025,NVIDIA,107.139848,111.8232867,106.6405477,110.2654648,220601200
03-04-2025,NVIDIA,103.3651454,105.4821737,101.4578147,101.6575394,338769400
04-04-2025,NVIDIA,98.77158535,99.98987163,91.98109847,94.17801666,532273800
07-04-2025,NVIDIA,87.33759621,101.6075978,86.49877547,97.5033493,611041300
08-04-2025,NVIDIA,103.664714,105.7018599,94.32780094,96.1652298,476243400
09-04-2025,NVIDIA,98.75161045,114.9389249,97.39351306,114.1700058,612918300
10-04-2025,NVIDIA,109.2169404,110.7048531,99.01124202,107.4194565,437812400
11-04-2025,NVIDIA,108.3481652,111.3939001,107.329596,110.774765,313417300
14-04-2025,NVIDIA,113.9503125,114.1300609,108.9173646,110.555069,264705000
15-04-2025,NVIDIA,110.814702,113.4609949,110.3453585,112.0429764,228966900
16-04-2025,NVIDIA,104.4036941,106.6405573,100.3094256,104.3437729,397016900
17-04-2025,NVIDIA,104.303818,104.3237942,99.9099819,101.3479614,292517500
21-04-2025,NVIDIA,98.63177357,99.30084173,94.90699776,96.77438354,288501100
22-04-2025,NVIDIA,98.64174789,99.6703051,97.14384726,98.75159454,241004800
23-04-2025,NVIDIA,104.3737258,104.6533404,101.8772245,102.5662613,247526000
24-04-2025,NVIDIA,103.3351832,106.3908983,102.9656983,106.2810516,220815000
25-04-2025,NVIDIA,106.7004703,111.763375,105.5820426,110.8546524,251064700
28-04-2025,NVIDIA,109.536506,110.2155548,105.8716359,108.5778503,207708500
29-04-2025,NVIDIA,107.5193224,110.0457806,107.2896485,108.8674316,170444300
30-04-2025,NVIDIA,104.3237938,108.7675629,103.9343402,108.7675629,235044600
01-05-2025,NVIDIA,112.921748,114.7791456,111.1442403,111.453804,236121500
02-05-2025,NVIDIA,114.0202156,115.2385095,113.2113515,114.3397675,190194800
05-05-2025,NVIDIA,112.7519982,114.5095298,112.5023481,113.6607208,133163200
06-05-2025,NVIDIA,111.3239964,114.5794288,110.6649163,113.3811111,158525600
07-05-2025,NVIDIA,112.8917964,117.5153143,112.1228697,116.8961792,206758800
08-05-2025,NVIDIA,118.0845153,118.5139138,115.6878724,117.2057495,198428100
09-05-2025,NVIDIA,117.1857727,118.0645461,115.0487681,116.4867554,132972200
12-05-2025,NVIDIA,121.7993083,122.8278656,120.1116709,122.8278656,225023300
13-05-2025,NVIDIA,124.8051066,131.0363723,124.2958182,129.7481689,330430100
14-05-2025,NVIDIA,133.0135845,135.2504551,131.4957075,135.150589,281180800
15-05-2025,NVIDIA,134.102074,136.1092711,132.4743653,134.6413269,226632600
16-05-2025,NVIDIA,136.02937,136.159193,133.273238,135.2105103,226542500
19-05-2025,NVIDIA,132.2047071,135.6798322,132.2047071,135.3802643,193154600
20-05-2025,NVIDIA,134.1020547,134.3916574,132.4343937,134.1919403,161514200
21-05-2025,NVIDIA,132.873786,137.2077087,130.4072414,131.6155548,270608700
22-05-2025,NVIDIA,132.0449376,134.0621149,131.3658966,132.644104,187344000
23-05-2025,NVIDIA,129.8180742,132.4943164,128.9792534,131.1062622,198821300
27-05-2025,NVIDIA,133.962247,135.4701435,133.1234263,135.3103638,192953600
28-05-2025,NVIDIA,135.8396318,137.0579257,134.6013616,134.6213379,304021100
29-05-2025,NVIDIA,142.0509239,143.289194,137.7170013,138.9952087,369241900
30-05-2025,NVIDIA,138.5258752,139.4246096,132.7339887,134.9409027,333170900
02-06-2025,NVIDIA,135.3003898,137.9266988,135.2105041,137.1877441,197663100
03-06-2025,NVIDIA,138.5857666,141.8012612,137.7569264,141.0223541,225578800
04-06-2025,NVIDIA,141.9910162,142.1907333,139.3447156,141.7213898,167120800
05-06-2025,NVIDIA,141.9710243,143.798465,138.6357025,139.7940826,231397900
06-06-2025,NVIDIA,142.3105398,143.0694859,141.3119394,141.5216522,153986200
09-06-2025,NVIDIA,142.9896185,144.7970831,141.7413678,142.4304047,185114500
10-06-2025,NVIDIA,142.4903028,144.0880544,141.3319226,143.7585297,155881900
11-06-2025,NVIDIA,144.4176457,144.7971452,141.6812849,142.6400146,167694000
12-06-2025,NVIDIA,141.7811605,144.8071289,141.661325,144.8071289,162365000
13-06-2025,NVIDIA,142.2904593,143.3890021,140.662638,141.7811432,180820600
16-06-2025,NVIDIA,143.1593294,145.9855517,143.0095198,144.4975433,183133700
17-06-2025,NVIDIA,144.2978019,145.0268265,143.5887396,143.9282837,139108000
18-06-2025,NVIDIA,143.8184379,145.4562558,142.9296223,145.2864838,161494100
20-06-2025,NVIDIA,145.2565235,146.0055258,142.4602449,143.6586609,242956200
23-06-2025,NVIDIA,142.310464,144.5874302,141.8410879,143.978241,154308900
24-06-2025,NVIDIA,145.3663786,147.7631953,145.3064608,147.7032623,187566100
25-06-2025,NVIDIA,149.0714619,154.2445648,149.0614655,154.1047516,269146500
26-06-2025,NVIDIA,155.7725115,156.5115326,153.7951495,154.813797,198145700
27-06-2025,NVIDIA,155.8324291,158.4988908,155.0534678,157.5401611,263234500
30-06-2025,NVIDIA,158.1893045,158.4489684,155.7525628,157.7798615,194580300
01-07-2025,NVIDIA,156.0821131,156.9909064,151.2885098,153.0960999,213143600
02-07-2025,NVIDIA,152.776508,157.3903731,152.7665268,157.0408325,171224100
03-07-2025,NVIDIA,158.1593408,160.7658697,157.560148,159.1280518,143716100
07-07-2025,NVIDIA,157.9895704,159.0980946,157.1307137,158.0295258,140139000
08-07-2025,NVIDIA,159.1180635,160.006879,158.1793114,159.7871704,138133000
09-07-2025,NVIDIA,161.0055498,164.2012902,160.945632,162.6633453,183656400
10-07-2025,NVIDIA,164.1014377,164.281191,161.3950357,163.8817291,167704100
11-07-2025,NVIDIA,163.502237,167.6666886,163.2525695,164.7006378,193633300
14-07-2025,NVIDIA,165.1500348,165.2698855,161.8044998,163.8517761,136975800
15-07-2025,NVIDIA,170.9622999,172.1706819,168.9749413,170.4729462,230627400
16-07-2025,NVIDIA,170.8324741,171.5215588,168.6753434,171.1420593,158831500
17-07-2025,NVIDIA,171.7912052,173.9283582,170.6027855,172.7698975,160841100
18-07-2025,NVIDIA,173.409039,174.0182283,171.0321998,172.1806793,146456400
21-07-2025,NVIDIA,172.5202267,173.1493937,170.7725544,171.1520538,123126100
22-07-2025,NVIDIA,171.1121113,171.1620478,164.3611077,166.8078461,193114300
23-07-2025,NVIDIA,169.3045038,171.0321985,167.7465813,170.5528412,154082200
24-07-2025,NVIDIA,172.2106372,173.5987878,171.0721542,173.5089111,128984600
25-07-2025,NVIDIA,173.3790804,174.4876046,172.729951,173.2692261,122316800
28-07-2025,NVIDIA,173.7885282,176.76456,173.7385917,176.5148926,140023500
29-07-2025,NVIDIA,177.7233038,179.1414132,174.7872118,175.2765503,154077500
30-07-2025,NVIDIA,176.2752165,179.6507256,175.8058405,179.0315552,174312200
31-07-2025,NVIDIA,182.6567159,183.056193,175.6959856,177.6334076,221685400
01-08-2025,NVIDIA,173.8584404,176.3051786,170.6626997,173.4889374,204529000
04-08-2025,NVIDIA,174.9270307,179.9603205,174.2878826,179.7605896,148174600
05-08-2025,NVIDIA,179.3810798,180.020228,175.6660266,178.0228882,156407600
06-08-2025,NVIDIA,176.0954644,179.660708,176.015569,179.1813507,137192300
07-08-2025,NVIDIA,181.3285105,183.6354357,178.5621905,180.5295715,151878400
08-08-2025,NVIDIA,181.3085212,183.0561935,180.1600417,182.4569855,123396700
11-08-2025,NVIDIA,181.8078441,183.5954564,180.0102354,181.8178253,138323200
12-08-2025,NVIDIA,182.7166509,184.2346182,179.2213063,182.9163818,145485700
13-08-2025,NVIDIA,182.3770938,183.7253042,179.1114541,181.348465,179871700
14-08-2025,NVIDIA,179.5108931,182.7765476,179.2212856,181.7778778,129554000
15-08-2025,NVIDIA,181.638082,181.6580445,177.8031781,180.2099762,156602200
18-08-2025,NVIDIA,180.3597705,182.6966541,180.349774,181.7678833,132008000
19-08-2025,NVIDIA,182.1873337,182.2572479,175.2565777,175.4063721,185229200
20-08-2025,NVIDIA,174.9369972,175.765895,168.5754751,175.166687,215142700
21-08-2025,NVIDIA,174.6174214,176.6646824,173.5787963,174.7472382,140040900
22-08-2025,NVIDIA,172.3804163,178.3524582,170.9722881,177.7532654,172789400
25-08-2025,NVIDIA,178.1127818,181.6680442,176.3351506,179.5708313,163012800
26-08-2025,NVIDIA,179.8204966,182.1473992,178.5721592,181.5282288,168688200
27-08-2025,NVIDIA,181.7379284,182.2472597,178.8617697,181.3584442,235518900
28-08-2025,NVIDIA,180.5795035,184.2246426,176.1753654,179.9303589,281787800
29-08-2025,NVIDIA,177.8730836,177.9130237,172.9196745,173.9483032,243257900
02-09-2025,NVIDIA,169.7738799,172.1507191,166.9975788,170.5528412,231164900
03-09-2025,NVIDIA,170.8324836,172.1806942,168.6553904,170.3930664,164424900
04-09-2025,NVIDIA,170.3431398,171.6314173,169.184679,171.4316864,141670100
05-09-2025,NVIDIA,167.806518,168.805188,163.8517934,166.7978668,224441400
08-09-2025,NVIDIA,167.327137,170.7326049,167.1274061,168.0861206,163769100
09-09-2025,NVIDIA,168.8650754,170.7525608,166.5182105,170.5328522,157548400
10-09-2025,NVIDIA,176.4050468,179.0515159,175.2366049,177.0941315,226852000
11-09-2025,NVIDIA,179.4511335,180.0503753,176.2552124,176.9443359,151159300
12-09-2025,NVIDIA,177.5435512,178.3724958,176.2252254,177.5934906,124911000
15-09-2025,NVIDIA,175.4462377,178.6221951,174.2877116,177.5235901,147061600
16-09-2025,NVIDIA,176.7745365,177.2738996,174.1578787,174.6572418,140737800
17-09-2025,NVIDIA,172.420087,172.9793712,168.1954795,170.0730743,211843800
18-09-2025,NVIDIA,173.7583871,176.8744234,172.7396973,176.0155182,191763300
19-09-2025,NVIDIA,175.5460989,177.8531538,174.9568388,176.4449463,237182100
22-09-2025,NVIDIA,175.0767018,184.3149189,174.487457,183.3761139,269637000
23-09-2025,NVIDIA,181.7382124,182.1876361,175.9855548,178.202713,192559600
24-09-2025,NVIDIA,179.5410041,179.5509859,175.1765605,176.7445679,143564100
25-09-2025,NVIDIA,174.2577509,180.0303873,172.9094796,177.4636688,191586700
26-09-2025,NVIDIA,177.9430492,179.5410172,174.7071707,177.963028,148573700
29-09-2025,NVIDIA,180.200173,183.7656331,180.0903277,181.6183777,193063500
30-09-2025,NVIDIA,181.8480632,187.1113544,181.2488214,186.3423309,236981000
01-10-2025,NVIDIA,185.004043,187.9003428,183.6657383,187.0014954,173844900
02-10-2025,NVIDIA,189.3585011,190.8066511,187.8204542,188.6493988,136805800
03-10-2025,NVIDIA,188.9490195,190.1175273,185.1438749,187.381012,137596900
06-10-2025,NVIDIA,185.2637076,186.9914996,183.0964736,185.3036499,157678100
07-10-2025,NVIDIA,185.9927774,188.8191744,183.7656222,184.8042908,140088000
08-10-2025,NVIDIA,186.3323523,189.3584914,186.3023765,188.8691101,130168900
09-10-2025,NVIDIA,191.9851285,195.0512252,190.8166208,192.324707,182997200
10-10-2025,NVIDIA,193.2635039,195.3708169,181.8181101,182.9266968,268774400
13-10-2025,NVIDIA,187.7305636,189.8678371,185.7231295,188.0801239,153482800
14-10-2025,NVIDIA,184.5346264,184.564587,179.4710777,179.8006592,205641400
15-10-2025,NVIDIA,184.5646074,184.6345103,177.0641638,179.6009369,214450500
16-10-2025,NVIDIA,181.9978781,183.0465437,179.5410201,181.5784149,179723300
17-10-2025,NVIDIA,179.9504818,183.865502,179.5210369,182.986618,173135200
20-10-2025,NVIDIA,182.8967299,184.9640852,181.4985042,182.4073486,128544700
21-10-2025,NVIDIA,182.557143,182.557143,179.5709616,180.9292297,124240200
22-10-2025,NVIDIA,180.9092591,183.2063324,176.5348336,180.050354,162249600
23-10-2025,NVIDIA,180.1901742,182.7968502,179.5609719,181.9279633,111363700
24-10-2025,NVIDIA,183.605805,187.2311856,183.2662418,186.0227203,131296700
27-10-2025,NVIDIA,189.7479892,191.7554233,188.1899636,191.2460785,153452700
28-10-2025,NVIDIA,192.8041097,202.8912359,191.6655623,200.773941,297986200
29-10-2025,NVIDIA,207.7150807,211.919725,204.5191598,206.7762756,308829600
30-10-2025,NVIDIA,204.888677,205.8974003,201.1534507,202.6315613,178864400
31-10-2025,NVIDIA,206.1870181,207.7050862,201.8126078,202.2320709,179802200
03-11-2025,NVIDIA,207.8149387,211.0707804,205.2981445,206.6164703,180267300
04-11-2025,NVIDIA,202.7414123,203.7101779,197.6778633,198.4369049,188919300
05-11-2025,NVIDIA,198.5168123,202.66152,194.40205,194.9613495,171350300
06-11-2025,NVIDIA,196.1697963,197.3682647,186.1425921,187.8404236,223029800
07-11-2025,NVIDIA,184.664479,188.0801362,178.6821185,187.9103394,264942300
10-11-2025,NVIDIA,194.8614792,199.6853288,193.5431532,198.796463,198897100
11-11-2025,NVIDIA,194.9114081,195.1710714,191.0563244,192.9139557,176483300
12-11-2025,NVIDIA,195.4706989,195.6404805,190.8865492,193.5531464,154935300
13-11-2025,NVIDIA,190.8066284,191.196131,183.6158034,186.6219635,207423100
14-11-2025,NVIDIA,182.6270639,190.7666759,180.3499695,189.9277496,186591900
17-11-2025,NVIDIA,185.7331023,188.7592413,184.0852103,186.3623047,173628900
18-11-2025,NVIDIA,183.1464137,184.5646031,179.4211541,181.1289825,213598900
19-11-2025,NVIDIA,184.5546024,187.6206991,182.5971077,186.2824097,247246400
20-11-2025,NVIDIA,195.7003923,195.7503316,179.6209099,180.4098969,343504800
21-11-2025,NVIDIA,181.0091398,184.3249028,172.7097124,178.6521454,346926200
24-11-2025,NVIDIA,179.2613746,183.2662612,176.2551989,182.3174744,256618300
25-11-2025,NVIDIA,174.6871939,177.9330538,169.3340211,177.5934906,320600300
26-11-2025,NVIDIA,181.3986455,182.6770138,178.0129643,180.0303802,183852000
28-11-2025,NVIDIA,178.7819703,179.0616124,176.275173,176.7745361,121332800
01-12-2025,NVIDIA,174.5373953,180.0703473,173.4587691,179.6908264,188131000
02-12-2025,NVIDIA,181.528457,185.423498,179.7707045,181.2288513,182632200
03-12-2025,NVIDIA,180.8493441,182.2175941,178.8818523,179.3612366,165138000
04-12-2025,NVIDIA,181.3987504,184.2952269,179.7407842,183.1566162,167364900
05-12-2025,NVIDIA,183.6659827,184.4350489,180.6896172,182.1877899,143971100
08-12-2025,NVIDIA,182.4175158,187.7709871,182.1778026,185.3239746,204378100
09-12-2025,NVIDIA,185.3339523,185.493761,183.0966908,184.7446747,144719700
10-12-2025,NVIDIA,184.7446746,185.2540479,181.818236,183.5561218,162785400
11-12-2025,NVIDIA,180.0603774,181.099119,176.4048325,180.7095795,182136600
12-12-2025,NVIDIA,180.8893707,182.5972942,174.4072714,174.8067932,204274900
15-12-2025,NVIDIA,177.7232402,178.2026513,174.8167815,176.0752411,164775600
16-12-2025,NVIDIA,176.0452813,178.2725758,174.6869374,177.5035095,148588100
17-12-2025,NVIDIA,175.8854836,175.9154458,170.1025283,170.7317657,222775500
18-12-2025,NVIDIA,174.3173807,175.9354023,171.6106907,173.9278564,176096000
19-12-2025,NVIDIA,176.4547715,181.2289471,176.1251717,180.769516,324925900
22-12-2025,NVIDIA,183.6959478,183.935661,182.1278683,183.4662323,129064400
23-12-2025,NVIDIA,182.7471036,189.0993564,182.6771816,188.9795074,174873600
24-12-2025,NVIDIA,187.7110518,188.6798713,186.3626903,188.3802338,65528500
26-12-2025,NVIDIA,189.6886398,192.4552697,187.7709806,190.2978973,139740300
29-12-2025,NVIDIA,187.4813342,188.5300429,185.6835239,187.9907074,120006100
30-12-2025,NVIDIA,188.0106982,188.7597845,186.7022812,187.3115387,97687300
31-12-2025,NVIDIA,189.3390794,190.3278637,186.2628296,186.2728119,120100500
